new_id,old_id,original_id,dataset_id,subject_id,session_id,session_num,run,age,sex,bdi,stai,scid,scid_notes,hamd,diagnosis,task_label,task_name,task_description,eyes_condition,sampling_rate_hz,powerline_freq_hz,recording_duration_sec,n_timepoints,recording_type,n_total_channels,n_eeg_channels,n_other_channels,channel_types_tsv,channel_unit,channel_names,eeg_reference,eeg_ground,eeg_placement_scheme,software_filters,hardware_filters,cap_manufacturer,cap_model,institution,subject_artefact,mne_lowpass_hz,mne_highpass_hz,file_name,file_extension,file_path_raw,subject_dir,eeg_json_path,channels_tsv_path,events_tsv_path,table_generated_at
0001,sub-001,507,ds003478,sub-001,,,01,19,1,0,23,No Interview,,,control,Rest,Rest,,both,500.0,60,501.468,250734,continuous,66,64,2,,,FP1;FPZ;FP2;AF3;AF4;F7;F5;F3;F1;FZ;F2;F4;F6;F8;FT7;FC5;FC3;FC1;FCZ;FC2;FC4;FC6;FT8;T7;C5;C3;C1;CZ;C2;C4;C6;T8;M1;TP7;CP5;CP3;CP1;CPZ;CP2;CP4;CP6;TP8;M2;P7;P5;P3;P1;PZ;P2;P4;P6;P8;PO7;PO5;PO3;POZ;PO4;PO6;PO8;CB1;O1;OZ;O2;CB2;HEOG;VEOG,Between Cz & CPz,AFz,,n/a,,,Neuroscan Synamps2,University of Arizona,~~,250.0,0.0,sub-001_task-Rest_run-01_eeg.set,.set,/mnt/datasets_v7/gokul/EEGData/ds003478/sub-001/eeg/sub-001_task-Rest_run-01_eeg.set,/mnt/datasets_v7/gokul/EEGData/ds003478/sub-001,/mnt/datasets_v7/gokul/EEGData/ds003478/sub-001/eeg/sub-001_task-Rest_run-01_eeg.json,/mnt/datasets_v7/gokul/EEGData/ds003478/sub-001/eeg/sub-001_task-Rest_run-01_channels.tsv,/mnt/datasets_v7/gokul/EEGData/ds003478/sub-001/eeg/sub-001_task-Rest_run-01_events.tsv,2026-06-15T10:41:14
0002,sub-001,507,ds003478,sub-001,,,02,19,1,0,23,No Interview,,,control,Rest,Rest,,both,500.0,60,368.186,184093,continuous,66,64,2,,,FP1;FPZ;FP2;AF3;AF4;F7;F5;F3;F1;FZ;F2;F4;F6;F8;FT7;FC5;FC3;FC1;FCZ;FC2;FC4;FC6;FT8;T7;C5;C3;C1;CZ;C2;C4;C6;T8;M1;TP7;CP5;CP3;CP1;CPZ;CP2;CP4;CP6;TP8;M2;P7;P5;P3;P1;PZ;P2;P4;P6;P8;PO7;PO5;PO3;POZ;PO4;PO6;PO8;CB1;O1;OZ;O2;CB2;HEOG;VEOG,Between Cz & CPz,AFz,,n/a,,,Neuroscan Synamps2,University of Arizona,~~,250.0,0.0,sub-001_task-Rest_run-02_eeg.set,.set,/mnt/datasets_v7/gokul/EEGData/ds003478/sub-001/eeg/sub-001_task-Rest_run-02_eeg.set,/mnt/datasets_v7/gokul/EEGData/ds003478/sub-001,/mnt/datasets_v7/gokul/EEGData/ds003478/sub-001/eeg/sub-001_task-Rest_run-02_eeg.json,/mnt/datasets_v7/gokul/EEGData/ds003478/sub-001/eeg/sub-001_task-Rest_run-02_channels.tsv,/mnt/datasets_v7/gokul/EEGData/ds003478/sub-001/eeg/sub-001_task-Rest_run-02_events.tsv,2026-06-15T10:41:14
0003,sub-002,508,ds003478,sub-002,,,01,18,1,4,47,No Interview,,,control,Rest,Rest,,both,500.0,60,489.868,244934,continuous,66,64,2,,,FP1;FPZ;FP2;AF3;AF4;F7;F5;F3;F1;FZ;F2;F4;F6;F8;FT7;FC5;FC3;FC1;FCZ;FC2;FC4;FC6;FT8;T7;C5;C3;C1;CZ;C2;C4;C6;T8;M1;TP7;CP5;CP3;CP1;CPZ;CP2;CP4;CP6;TP8;M2;P7;P5;P3;P1;PZ;P2;P4;P6;P8;PO7;PO5;PO3;POZ;PO4;PO6;PO8;CB1;O1;OZ;O2;CB2;HEOG;VEOG,Between Cz & CPz,AFz,,n/a,,,Neuroscan Synamps2,University of Arizona,~~,250.0,0.0,sub-002_task-Rest_run-01_eeg.set,.set,/mnt/datasets_v7/gokul/EEGData/ds003478/sub-002/eeg/sub-002_task-Rest_run-01_eeg.set,/mnt/datasets_v7/gokul/EEGData/ds003478/sub-002,/mnt/datasets_v7/gokul/EEGData/ds003478/sub-002/eeg/sub-002_task-Rest_run-01_eeg.json,/mnt/datasets_v7/gokul/EEGData/ds003478/sub-002/eeg/sub-002_task-Rest_run-01_channels.tsv,/mnt/datasets_v7/gokul/EEGData/ds003478/sub-002/eeg/sub-002_task-Rest_run-01_events.tsv,2026-06-15T10:41:14
0004,sub-002,508,ds003478,sub-002,,,02,18,1,4,47,No Interview,,,control,Rest,Rest,,both,500.0,60,366.066,183033,continuous,66,64,2,,,FP1;FPZ;FP2;AF3;AF4;F7;F5;F3;F1;FZ;F2;F4;F6;F8;FT7;FC5;FC3;FC1;FCZ;FC2;FC4;FC6;FT8;T7;C5;C3;C1;CZ;C2;C4;C6;T8;M1;TP7;CP5;CP3;CP1;CPZ;CP2;CP4;CP6;TP8;M2;P7;P5;P3;P1;PZ;P2;P4;P6;P8;PO7;PO5;PO3;POZ;PO4;PO6;PO8;CB1;O1;OZ;O2;CB2;HEOG;VEOG,Between Cz & CPz,AFz,,n/a,,,Neuroscan Synamps2,University of Arizona,~~,250.0,0.0,sub-002_task-Rest_run-02_eeg.set,.set,/mnt/datasets_v7/gokul/EEGData/ds003478/sub-002/eeg/sub-002_task-Rest_run-02_eeg.set,/mnt/datasets_v7/gokul/EEGData/ds003478/sub-002,/mnt/datasets_v7/gokul/EEGData/ds003478/sub-002/eeg/sub-002_task-Rest_run-02_eeg.json,/mnt/datasets_v7/gokul/EEGData/ds003478/sub-002/eeg/sub-002_task-Rest_run-02_channels.tsv,/mnt/datasets_v7/gokul/EEGData/ds003478/sub-002/eeg/sub-002_task-Rest_run-02_events.tsv,2026-06-15T10:41:14
0005,sub-003,509,ds003478,sub-003,,,01,18,1,7,44,No Interview,,,control,Rest,Rest,,both,500.0,60,506.908,253454,continuous,66,64,2,,,FP1;FPZ;FP2;AF3;AF4;F7;F5;F3;F1;FZ;F2;F4;F6;F8;FT7;FC5;FC3;FC1;FCZ;FC2;FC4;FC6;FT8;T7;C5;C3;C1;CZ;C2;C4;C6;T8;M1;TP7;CP5;CP3;CP1;CPZ;CP2;CP4;CP6;TP8;M2;P7;P5;P3;P1;PZ;P2;P4;P6;P8;PO7;PO5;PO3;POZ;PO4;PO6;PO8;CB1;O1;OZ;O2;CB2;HEOG;VEOG,Between Cz & CPz,AFz,,n/a,,,Neuroscan Synamps2,University of Arizona,~~,250.0,0.0,sub-003_task-Rest_run-01_eeg.set,.set,/mnt/datasets_v7/gokul/EEGData/ds003478/sub-003/eeg/sub-003_task-Rest_run-01_eeg.set,/mnt/datasets_v7/gokul/EEGData/ds003478/sub-003,/mnt/datasets_v7/gokul/EEGData/ds003478/sub-003/eeg/sub-003_task-Rest_run-01_eeg.json,/mnt/datasets_v7/gokul/EEGData/ds003478/sub-003/eeg/sub-003_task-Rest_run-01_channels.tsv,/mnt/datasets_v7/gokul/EEGData/ds003478/sub-003/eeg/sub-003_task-Rest_run-01_events.tsv,2026-06-15T10:41:14
0006,sub-003,509,ds003478,sub-003,,,02,18,1,7,44,No Interview,,,control,Rest,Rest,,both,500.0,60,405.826,202913,continuous,66,64,2,,,FP1;FPZ;FP2;AF3;AF4;F7;F5;F3;F1;FZ;F2;F4;F6;F8;FT7;FC5;FC3;FC1;FCZ;FC2;FC4;FC6;FT8;T7;C5;C3;C1;CZ;C2;C4;C6;T8;M1;TP7;CP5;CP3;CP1;CPZ;CP2;CP4;CP6;TP8;M2;P7;P5;P3;P1;PZ;P2;P4;P6;P8;PO7;PO5;PO3;POZ;PO4;PO6;PO8;CB1;O1;OZ;O2;CB2;HEOG;VEOG,Between Cz & CPz,AFz,,n/a,,,Neuroscan Synamps2,University of Arizona,~~,250.0,0.0,sub-003_task-Rest_run-02_eeg.set,.set,/mnt/datasets_v7/gokul/EEGData/ds003478/sub-003/eeg/sub-003_task-Rest_run-02_eeg.set,/mnt/datasets_v7/gokul/EEGData/ds003478/sub-003,/mnt/datasets_v7/gokul/EEGData/ds003478/sub-003/eeg/sub-003_task-Rest_run-02_eeg.json,/mnt/datasets_v7/gokul/EEGData/ds003478/sub-003/eeg/sub-003_task-Rest_run-02_channels.tsv,/mnt/datasets_v7/gokul/EEGData/ds003478/sub-003/eeg/sub-003_task-Rest_run-02_events.tsv,2026-06-15T10:41:14
0007,sub-004,510,ds003478,sub-004,,,01,19,1,1,27,No Interview,,,control,Rest,Rest,,both,500.0,60,527.668,263834,continuous,66,64,2,,,FP1;FPZ;FP2;AF3;AF4;F7;F5;F3;F1;FZ;F2;F4;F6;F8;FT7;FC5;FC3;FC1;FCZ;FC2;FC4;FC6;FT8;T7;C5;C3;C1;CZ;C2;C4;C6;T8;M1;TP7;CP5;CP3;CP1;CPZ;CP2;CP4;CP6;TP8;M2;P7;P5;P3;P1;PZ;P2;P4;P6;P8;PO7;PO5;PO3;POZ;PO4;PO6;PO8;CB1;O1;OZ;O2;CB2;HEOG;VEOG,Between Cz & CPz,AFz,,n/a,,,Neuroscan Synamps2,University of Arizona,~~,250.0,0.0,sub-004_task-Rest_run-01_eeg.set,.set,/mnt/datasets_v7/gokul/EEGData/ds003478/sub-004/eeg/sub-004_task-Rest_run-01_eeg.set,/mnt/datasets_v7/gokul/EEGData/ds003478/sub-004,/mnt/datasets_v7/gokul/EEGData/ds003478/sub-004/eeg/sub-004_task-Rest_run-01_eeg.json,/mnt/datasets_v7/gokul/EEGData/ds003478/sub-004/eeg/sub-004_task-Rest_run-01_channels.tsv,/mnt/datasets_v7/gokul/EEGData/ds003478/sub-004/eeg/sub-004_task-Rest_run-01_events.tsv,2026-06-15T10:41:14
0008,sub-004,510,ds003478,sub-004,,,02,19,1,1,27,No Interview,,,control,Rest,Rest,,both,500.0,60,183.862,91931,continuous,66,64,2,,,FP1;FPZ;FP2;AF3;AF4;F7;F5;F3;F1;FZ;F2;F4;F6;F8;FT7;FC5;FC3;FC1;FCZ;FC2;FC4;FC6;FT8;T7;C5;C3;C1;CZ;C2;C4;C6;T8;M1;TP7;CP5;CP3;CP1;CPZ;CP2;CP4;CP6;TP8;M2;P7;P5;P3;P1;PZ;P2;P4;P6;P8;PO7;PO5;PO3;POZ;PO4;PO6;PO8;CB1;O1;OZ;O2;CB2;HEOG;VEOG,Between Cz & CPz,AFz,,n/a,,,Neuroscan Synamps2,University of Arizona,~~,250.0,0.0,sub-004_task-Rest_run-02_eeg.set,.set,/mnt/datasets_v7/gokul/EEGData/ds003478/sub-004/eeg/sub-004_task-Rest_run-02_eeg.set,/mnt/datasets_v7/gokul/EEGData/ds003478/sub-004,/mnt/datasets_v7/gokul/EEGData/ds003478/sub-004/eeg/sub-004_task-Rest_run-02_eeg.json,/mnt/datasets_v7/gokul/EEGData/ds003478/sub-004/eeg/sub-004_task-Rest_run-02_channels.tsv,/mnt/datasets_v7/gokul/EEGData/ds003478/sub-004/eeg/sub-004_task-Rest_run-02_events.tsv,2026-06-15T10:41:14
0009,sub-005,511,ds003478,sub-005,,,01,22,2,1,23,No Interview,,,control,Rest,Rest,,both,500.0,60,488.08,244040,continuous,67,64,3,,,FP1;FPZ;FP2;AF3;AF4;F7;F5;F3;F1;FZ;F2;F4;F6;F8;FT7;FC5;FC3;FC1;FCZ;FC2;FC4;FC6;FT8;T7;C5;C3;C1;CZ;C2;C4;C6;T8;M1;TP7;CP5;CP3;CP1;CPZ;CP2;CP4;CP6;TP8;M2;P7;P5;P3;P1;PZ;P2;P4;P6;P8;PO7;PO5;PO3;POZ;PO4;PO6;PO8;CB1;O1;OZ;O2;CB2;HEOG;VEOG;EKG,Between Cz & CPz,AFz,,n/a,,,Neuroscan Synamps2,University of Arizona,~~,250.0,0.0,sub-005_task-Rest_run-01_eeg.set,.set,/mnt/datasets_v7/gokul/EEGData/ds003478/sub-005/eeg/sub-005_task-Rest_run-01_eeg.set,/mnt/datasets_v7/gokul/EEGData/ds003478/sub-005,/mnt/datasets_v7/gokul/EEGData/ds003478/sub-005/eeg/sub-005_task-Rest_run-01_eeg.json,/mnt/datasets_v7/gokul/EEGData/ds003478/sub-005/eeg/sub-005_task-Rest_run-01_channels.tsv,/mnt/datasets_v7/gokul/EEGData/ds003478/sub-005/eeg/sub-005_task-Rest_run-01_events.tsv,2026-06-15T10:41:14
0010,sub-005,511,ds003478,sub-005,,,02,22,2,1,23,No Interview,,,control,Rest,Rest,,both,500.0,60,224.16,112080,continuous,67,64,3,,,FP1;FPZ;FP2;AF3;AF4;F7;F5;F3;F1;FZ;F2;F4;F6;F8;FT7;FC5;FC3;FC1;FCZ;FC2;FC4;FC6;FT8;T7;C5;C3;C1;CZ;C2;C4;C6;T8;M1;TP7;CP5;CP3;CP1;CPZ;CP2;CP4;CP6;TP8;M2;P7;P5;P3;P1;PZ;P2;P4;P6;P8;PO7;PO5;PO3;POZ;PO4;PO6;PO8;CB1;O1;OZ;O2;CB2;HEOG;VEOG;EKG,Between Cz & CPz,AFz,,n/a,,,Neuroscan Synamps2,University of Arizona,~~,250.0,0.0,sub-005_task-Rest_run-02_eeg.set,.set,/mnt/datasets_v7/gokul/EEGData/ds003478/sub-005/eeg/sub-005_task-Rest_run-02_eeg.set,/mnt/datasets_v7/gokul/EEGData/ds003478/sub-005,/mnt/datasets_v7/gokul/EEGData/ds003478/sub-005/eeg/sub-005_task-Rest_run-02_eeg.json,/mnt/datasets_v7/gokul/EEGData/ds003478/sub-005/eeg/sub-005_task-Rest_run-02_channels.tsv,/mnt/datasets_v7/gokul/EEGData/ds003478/sub-005/eeg/sub-005_task-Rest_run-02_events.tsv,2026-06-15T10:41:14
0011,sub-006,512,ds003478,sub-006,,,01,18,1,1,26,No Interview,,,control,Rest,Rest,,both,500.0,60,523.52,261760,continuous,67,64,3,,,FP1;FPZ;FP2;AF3;AF4;F7;F5;F3;F1;FZ;F2;F4;F6;F8;FT7;FC5;FC3;FC1;FCZ;FC2;FC4;FC6;FT8;T7;C5;C3;C1;CZ;C2;C4;C6;T8;M1;TP7;CP5;CP3;CP1;CPZ;CP2;CP4;CP6;TP8;M2;P7;P5;P3;P1;PZ;P2;P4;P6;P8;PO7;PO5;PO3;POZ;PO4;PO6;PO8;CB1;O1;OZ;O2;CB2;HEOG;VEOG;EKG,Between Cz & CPz,AFz,,n/a,,,Neuroscan Synamps2,University of Arizona,~~,250.0,0.0,sub-006_task-Rest_run-01_eeg.set,.set,/mnt/datasets_v7/gokul/EEGData/ds003478/sub-006/eeg/sub-006_task-Rest_run-01_eeg.set,/mnt/datasets_v7/gokul/EEGData/ds003478/sub-006,/mnt/datasets_v7/gokul/EEGData/ds003478/sub-006/eeg/sub-006_task-Rest_run-01_eeg.json,/mnt/datasets_v7/gokul/EEGData/ds003478/sub-006/eeg/sub-006_task-Rest_run-01_channels.tsv,/mnt/datasets_v7/gokul/EEGData/ds003478/sub-006/eeg/sub-006_task-Rest_run-01_events.tsv,2026-06-15T10:41:14
0012,sub-006,512,ds003478,sub-006,,,02,18,1,1,26,No Interview,,,control,Rest,Rest,,both,500.0,60,168.702,84351,continuous,66,64,2,,,FP1;FPZ;FP2;AF3;AF4;F7;F5;F3;F1;FZ;F2;F4;F6;F8;FT7;FC5;FC3;FC1;FCZ;FC2;FC4;FC6;FT8;T7;C5;C3;C1;CZ;C2;C4;C6;T8;M1;TP7;CP5;CP3;CP1;CPZ;CP2;CP4;CP6;TP8;M2;P7;P5;P3;P1;PZ;P2;P4;P6;P8;PO7;PO5;PO3;POZ;PO4;PO6;PO8;CB1;O1;OZ;O2;CB2;HEOG;VEOG,Between Cz & CPz,AFz,,n/a,,,Neuroscan Synamps2,University of Arizona,~~,250.0,0.0,sub-006_task-Rest_run-02_eeg.set,.set,/mnt/datasets_v7/gokul/EEGData/ds003478/sub-006/eeg/sub-006_task-Rest_run-02_eeg.set,/mnt/datasets_v7/gokul/EEGData/ds003478/sub-006,/mnt/datasets_v7/gokul/EEGData/ds003478/sub-006/eeg/sub-006_task-Rest_run-02_eeg.json,/mnt/datasets_v7/gokul/EEGData/ds003478/sub-006/eeg/sub-006_task-Rest_run-02_channels.tsv,/mnt/datasets_v7/gokul/EEGData/ds003478/sub-006/eeg/sub-006_task-Rest_run-02_events.tsv,2026-06-15T10:41:14
0013,sub-007,513,ds003478,sub-007,,,01,19,1,0,22,No Interview,,,control,Rest,Rest,,both,500.0,60,498.468,249234,continuous,66,64,2,,,FP1;FPZ;FP2;AF3;AF4;F7;F5;F3;F1;FZ;F2;F4;F6;F8;FT7;FC5;FC3;FC1;FCZ;FC2;FC4;FC6;FT8;T7;C5;C3;C1;CZ;C2;C4;C6;T8;M1;TP7;CP5;CP3;CP1;CPZ;CP2;CP4;CP6;TP8;M2;P7;P5;P3;P1;PZ;P2;P4;P6;P8;PO7;PO5;PO3;POZ;PO4;PO6;PO8;CB1;O1;OZ;O2;CB2;HEOG;VEOG,Between Cz & CPz,AFz,,n/a,,,Neuroscan Synamps2,University of Arizona,~~,250.0,0.0,sub-007_task-Rest_run-01_eeg.set,.set,/mnt/datasets_v7/gokul/EEGData/ds003478/sub-007/eeg/sub-007_task-Rest_run-01_eeg.set,/mnt/datasets_v7/gokul/EEGData/ds003478/sub-007,/mnt/datasets_v7/gokul/EEGData/ds003478/sub-007/eeg/sub-007_task-Rest_run-01_eeg.json,/mnt/datasets_v7/gokul/EEGData/ds003478/sub-007/eeg/sub-007_task-Rest_run-01_channels.tsv,/mnt/datasets_v7/gokul/EEGData/ds003478/sub-007/eeg/sub-007_task-Rest_run-01_events.tsv,2026-06-15T10:41:14
0014,sub-007,513,ds003478,sub-007,,,02,19,1,0,22,No Interview,,,control,Rest,Rest,,both,500.0,60,159.142,79571,continuous,66,64,2,,,FP1;FPZ;FP2;AF3;AF4;F7;F5;F3;F1;FZ;F2;F4;F6;F8;FT7;FC5;FC3;FC1;FCZ;FC2;FC4;FC6;FT8;T7;C5;C3;C1;CZ;C2;C4;C6;T8;M1;TP7;CP5;CP3;CP1;CPZ;CP2;CP4;CP6;TP8;M2;P7;P5;P3;P1;PZ;P2;P4;P6;P8;PO7;PO5;PO3;POZ;PO4;PO6;PO8;CB1;O1;OZ;O2;CB2;HEOG;VEOG,Between Cz & CPz,AFz,,n/a,,,Neuroscan Synamps2,University of Arizona,~~,250.0,0.0,sub-007_task-Rest_run-02_eeg.set,.set,/mnt/datasets_v7/gokul/EEGData/ds003478/sub-007/eeg/sub-007_task-Rest_run-02_eeg.set,/mnt/datasets_v7/gokul/EEGData/ds003478/sub-007,/mnt/datasets_v7/gokul/EEGData/ds003478/sub-007/eeg/sub-007_task-Rest_run-02_eeg.json,/mnt/datasets_v7/gokul/EEGData/ds003478/sub-007/eeg/sub-007_task-Rest_run-02_channels.tsv,/mnt/datasets_v7/gokul/EEGData/ds003478/sub-007/eeg/sub-007_task-Rest_run-02_events.tsv,2026-06-15T10:41:14
0015,sub-008,514,ds003478,sub-008,,,01,19,2,5,37,No Interview,,,control,Rest,Rest,,both,500.0,60,492.68,246340,continuous,67,64,3,,,FP1;FPZ;FP2;AF3;AF4;F7;F5;F3;F1;FZ;F2;F4;F6;F8;FT7;FC5;FC3;FC1;FCZ;FC2;FC4;FC6;FT8;T7;C5;C3;C1;CZ;C2;C4;C6;T8;M1;TP7;CP5;CP3;CP1;CPZ;CP2;CP4;CP6;TP8;M2;P7;P5;P3;P1;PZ;P2;P4;P6;P8;PO7;PO5;PO3;POZ;PO4;PO6;PO8;CB1;O1;OZ;O2;CB2;HEOG;VEOG;EKG,Between Cz & CPz,AFz,,n/a,,,Neuroscan Synamps2,University of Arizona,~~,250.0,0.0,sub-008_task-Rest_run-01_eeg.set,.set,/mnt/datasets_v7/gokul/EEGData/ds003478/sub-008/eeg/sub-008_task-Rest_run-01_eeg.set,/mnt/datasets_v7/gokul/EEGData/ds003478/sub-008,/mnt/datasets_v7/gokul/EEGData/ds003478/sub-008/eeg/sub-008_task-Rest_run-01_eeg.json,/mnt/datasets_v7/gokul/EEGData/ds003478/sub-008/eeg/sub-008_task-Rest_run-01_channels.tsv,/mnt/datasets_v7/gokul/EEGData/ds003478/sub-008/eeg/sub-008_task-Rest_run-01_events.tsv,2026-06-15T10:41:14
0016,sub-008,514,ds003478,sub-008,,,02,19,2,5,37,No Interview,,,control,Rest,Rest,,both,500.0,60,163.96,81980,continuous,67,64,3,,,FP1;FPZ;FP2;AF3;AF4;F7;F5;F3;F1;FZ;F2;F4;F6;F8;FT7;FC5;FC3;FC1;FCZ;FC2;FC4;FC6;FT8;T7;C5;C3;C1;CZ;C2;C4;C6;T8;M1;TP7;CP5;CP3;CP1;CPZ;CP2;CP4;CP6;TP8;M2;P7;P5;P3;P1;PZ;P2;P4;P6;P8;PO7;PO5;PO3;POZ;PO4;PO6;PO8;CB1;O1;OZ;O2;CB2;HEOG;VEOG;EKG,Between Cz & CPz,AFz,,n/a,,,Neuroscan Synamps2,University of Arizona,~~,250.0,0.0,sub-008_task-Rest_run-02_eeg.set,.set,/mnt/datasets_v7/gokul/EEGData/ds003478/sub-008/eeg/sub-008_task-Rest_run-02_eeg.set,/mnt/datasets_v7/gokul/EEGData/ds003478/sub-008,/mnt/datasets_v7/gokul/EEGData/ds003478/sub-008/eeg/sub-008_task-Rest_run-02_eeg.json,/mnt/datasets_v7/gokul/EEGData/ds003478/sub-008/eeg/sub-008_task-Rest_run-02_channels.tsv,/mnt/datasets_v7/gokul/EEGData/ds003478/sub-008/eeg/sub-008_task-Rest_run-02_events.tsv,2026-06-15T10:41:14
0017,sub-009,515,ds003478,sub-009,,,01,18,1,5,36,No Interview,,,control,Rest,Rest,,both,500.0,60,499.868,249934,continuous,66,64,2,,,FP1;FPZ;FP2;AF3;AF4;F7;F5;F3;F1;FZ;F2;F4;F6;F8;FT7;FC5;FC3;FC1;FCZ;FC2;FC4;FC6;FT8;T7;C5;C3;C1;CZ;C2;C4;C6;T8;M1;TP7;CP5;CP3;CP1;CPZ;CP2;CP4;CP6;TP8;M2;P7;P5;P3;P1;PZ;P2;P4;P6;P8;PO7;PO5;PO3;POZ;PO4;PO6;PO8;CB1;O1;OZ;O2;CB2;HEOG;VEOG,Between Cz & CPz,AFz,,n/a,,,Neuroscan Synamps2,University of Arizona,~~,250.0,0.0,sub-009_task-Rest_run-01_eeg.set,.set,/mnt/datasets_v7/gokul/EEGData/ds003478/sub-009/eeg/sub-009_task-Rest_run-01_eeg.set,/mnt/datasets_v7/gokul/EEGData/ds003478/sub-009,/mnt/datasets_v7/gokul/EEGData/ds003478/sub-009/eeg/sub-009_task-Rest_run-01_eeg.json,/mnt/datasets_v7/gokul/EEGData/ds003478/sub-009/eeg/sub-009_task-Rest_run-01_channels.tsv,/mnt/datasets_v7/gokul/EEGData/ds003478/sub-009/eeg/sub-009_task-Rest_run-01_events.tsv,2026-06-15T10:41:14
0018,sub-009,515,ds003478,sub-009,,,02,18,1,5,36,No Interview,,,control,Rest,Rest,,both,500.0,60,196.968,98484,continuous,66,64,2,,,FP1;FPZ;FP2;AF3;AF4;F7;F5;F3;F1;FZ;F2;F4;F6;F8;FT7;FC5;FC3;FC1;FCZ;FC2;FC4;FC6;FT8;T7;C5;C3;C1;CZ;C2;C4;C6;T8;M1;TP7;CP5;CP3;CP1;CPZ;CP2;CP4;CP6;TP8;M2;P7;P5;P3;P1;PZ;P2;P4;P6;P8;PO7;PO5;PO3;POZ;PO4;PO6;PO8;CB1;O1;OZ;O2;CB2;HEOG;VEOG,Between Cz & CPz,AFz,,n/a,,,Neuroscan Synamps2,University of Arizona,~~,250.0,0.0,sub-009_task-Rest_run-02_eeg.set,.set,/mnt/datasets_v7/gokul/EEGData/ds003478/sub-009/eeg/sub-009_task-Rest_run-02_eeg.set,/mnt/datasets_v7/gokul/EEGData/ds003478/sub-009,/mnt/datasets_v7/gokul/EEGData/ds003478/sub-009/eeg/sub-009_task-Rest_run-02_eeg.json,/mnt/datasets_v7/gokul/EEGData/ds003478/sub-009/eeg/sub-009_task-Rest_run-02_channels.tsv,/mnt/datasets_v7/gokul/EEGData/ds003478/sub-009/eeg/sub-009_task-Rest_run-02_events.tsv,2026-06-15T10:41:14
0019,sub-010,516,ds003478,sub-010,,,01,18,1,0,28,No Interview,,,control,Rest,Rest,,both,500.0,60,499.748,249874,continuous,66,64,2,,,FP1;FPZ;FP2;AF3;AF4;F7;F5;F3;F1;FZ;F2;F4;F6;F8;FT7;FC5;FC3;FC1;FCZ;FC2;FC4;FC6;FT8;T7;C5;C3;C1;CZ;C2;C4;C6;T8;M1;TP7;CP5;CP3;CP1;CPZ;CP2;CP4;CP6;TP8;M2;P7;P5;P3;P1;PZ;P2;P4;P6;P8;PO7;PO5;PO3;POZ;PO4;PO6;PO8;CB1;O1;OZ;O2;CB2;HEOG;VEOG,Between Cz & CPz,AFz,,n/a,,,Neuroscan Synamps2,University of Arizona,Subj had to leave early,250.0,0.0,sub-010_task-Rest_run-01_eeg.set,.set,/mnt/datasets_v7/gokul/EEGData/ds003478/sub-010/eeg/sub-010_task-Rest_run-01_eeg.set,/mnt/datasets_v7/gokul/EEGData/ds003478/sub-010,/mnt/datasets_v7/gokul/EEGData/ds003478/sub-010/eeg/sub-010_task-Rest_run-01_eeg.json,/mnt/datasets_v7/gokul/EEGData/ds003478/sub-010/eeg/sub-010_task-Rest_run-01_channels.tsv,/mnt/datasets_v7/gokul/EEGData/ds003478/sub-010/eeg/sub-010_task-Rest_run-01_events.tsv,2026-06-15T10:41:14
0020,sub-011,517,ds003478,sub-011,,,01,21,2,0,23,No Interview,,,control,Rest,Rest,,both,500.0,60,523.4,261700,continuous,67,64,3,,,FP1;FPZ;FP2;AF3;AF4;F7;F5;F3;F1;FZ;F2;F4;F6;F8;FT7;FC5;FC3;FC1;FCZ;FC2;FC4;FC6;FT8;T7;C5;C3;C1;CZ;C2;C4;C6;T8;M1;TP7;CP5;CP3;CP1;CPZ;CP2;CP4;CP6;TP8;M2;P7;P5;P3;P1;PZ;P2;P4;P6;P8;PO7;PO5;PO3;POZ;PO4;PO6;PO8;CB1;O1;OZ;O2;CB2;HEOG;VEOG;EKG,Between Cz & CPz,AFz,,n/a,,,Neuroscan Synamps2,University of Arizona,~~,250.0,0.0,sub-011_task-Rest_run-01_eeg.set,.set,/mnt/datasets_v7/gokul/EEGData/ds003478/sub-011/eeg/sub-011_task-Rest_run-01_eeg.set,/mnt/datasets_v7/gokul/EEGData/ds003478/sub-011,/mnt/datasets_v7/gokul/EEGData/ds003478/sub-011/eeg/sub-011_task-Rest_run-01_eeg.json,/mnt/datasets_v7/gokul/EEGData/ds003478/sub-011/eeg/sub-011_task-Rest_run-01_channels.tsv,/mnt/datasets_v7/gokul/EEGData/ds003478/sub-011/eeg/sub-011_task-Rest_run-01_events.tsv,2026-06-15T10:41:14
0021,sub-011,517,ds003478,sub-011,,,02,21,2,0,23,No Interview,,,control,Rest,Rest,,both,500.0,60,171.542,85771,continuous,66,64,2,,,FP1;FPZ;FP2;AF3;AF4;F7;F5;F3;F1;FZ;F2;F4;F6;F8;FT7;FC5;FC3;FC1;FCZ;FC2;FC4;FC6;FT8;T7;C5;C3;C1;CZ;C2;C4;C6;T8;M1;TP7;CP5;CP3;CP1;CPZ;CP2;CP4;CP6;TP8;M2;P7;P5;P3;P1;PZ;P2;P4;P6;P8;PO7;PO5;PO3;POZ;PO4;PO6;PO8;CB1;O1;OZ;O2;CB2;HEOG;VEOG,Between Cz & CPz,AFz,,n/a,,,Neuroscan Synamps2,University of Arizona,~~,250.0,0.0,sub-011_task-Rest_run-02_eeg.set,.set,/mnt/datasets_v7/gokul/EEGData/ds003478/sub-011/eeg/sub-011_task-Rest_run-02_eeg.set,/mnt/datasets_v7/gokul/EEGData/ds003478/sub-011,/mnt/datasets_v7/gokul/EEGData/ds003478/sub-011/eeg/sub-011_task-Rest_run-02_eeg.json,/mnt/datasets_v7/gokul/EEGData/ds003478/sub-011/eeg/sub-011_task-Rest_run-02_channels.tsv,/mnt/datasets_v7/gokul/EEGData/ds003478/sub-011/eeg/sub-011_task-Rest_run-02_events.tsv,2026-06-15T10:41:14
0022,sub-012,518,ds003478,sub-012,,,01,20,1,1,36,No Interview,,,control,Rest,Rest,,both,500.0,60,523.148,261574,continuous,67,64,3,,,FP1;FPZ;FP2;AF3;AF4;F7;F5;F3;F1;FZ;F2;F4;F6;F8;FT7;FC5;FC3;FC1;FCZ;FC2;FC4;FC6;FT8;T7;C5;C3;C1;CZ;C2;C4;C6;T8;M1;TP7;CP5;CP3;CP1;CPZ;CP2;CP4;CP6;TP8;M2;P7;P5;P3;P1;PZ;P2;P4;P6;P8;PO7;PO5;PO3;POZ;PO4;PO6;PO8;CB1;O1;OZ;O2;CB2;HEOG;VEOG;EKG,Between Cz & CPz,AFz,,n/a,,,Neuroscan Synamps2,University of Arizona,~~,250.0,0.0,sub-012_task-Rest_run-01_eeg.set,.set,/mnt/datasets_v7/gokul/EEGData/ds003478/sub-012/eeg/sub-012_task-Rest_run-01_eeg.set,/mnt/datasets_v7/gokul/EEGData/ds003478/sub-012,/mnt/datasets_v7/gokul/EEGData/ds003478/sub-012/eeg/sub-012_task-Rest_run-01_eeg.json,/mnt/datasets_v7/gokul/EEGData/ds003478/sub-012/eeg/sub-012_task-Rest_run-01_channels.tsv,/mnt/datasets_v7/gokul/EEGData/ds003478/sub-012/eeg/sub-012_task-Rest_run-01_events.tsv,2026-06-15T10:41:14
0023,sub-012,518,ds003478,sub-012,,,02,20,1,1,36,No Interview,,,control,Rest,Rest,,both,500.0,60,166.44,83220,continuous,67,64,3,,,FP1;FPZ;FP2;AF3;AF4;F7;F5;F3;F1;FZ;F2;F4;F6;F8;FT7;FC5;FC3;FC1;FCZ;FC2;FC4;FC6;FT8;T7;C5;C3;C1;CZ;C2;C4;C6;T8;M1;TP7;CP5;CP3;CP1;CPZ;CP2;CP4;CP6;TP8;M2;P7;P5;P3;P1;PZ;P2;P4;P6;P8;PO7;PO5;PO3;POZ;PO4;PO6;PO8;CB1;O1;OZ;O2;CB2;HEOG;VEOG;EKG,Between Cz & CPz,AFz,,n/a,,,Neuroscan Synamps2,University of Arizona,~~,250.0,0.0,sub-012_task-Rest_run-02_eeg.set,.set,/mnt/datasets_v7/gokul/EEGData/ds003478/sub-012/eeg/sub-012_task-Rest_run-02_eeg.set,/mnt/datasets_v7/gokul/EEGData/ds003478/sub-012,/mnt/datasets_v7/gokul/EEGData/ds003478/sub-012/eeg/sub-012_task-Rest_run-02_eeg.json,/mnt/datasets_v7/gokul/EEGData/ds003478/sub-012/eeg/sub-012_task-Rest_run-02_channels.tsv,/mnt/datasets_v7/gokul/EEGData/ds003478/sub-012/eeg/sub-012_task-Rest_run-02_events.tsv,2026-06-15T10:41:14
0024,sub-013,519,ds003478,sub-013,,,01,18,2,6,40,No Interview,,,control,Rest,Rest,,both,500.0,60,534.08,267040,continuous,67,64,3,,,FP1;FPZ;FP2;AF3;AF4;F7;F5;F3;F1;FZ;F2;F4;F6;F8;FT7;FC5;FC3;FC1;FCZ;FC2;FC4;FC6;FT8;T7;C5;C3;C1;CZ;C2;C4;C6;T8;M1;TP7;CP5;CP3;CP1;CPZ;CP2;CP4;CP6;TP8;M2;P7;P5;P3;P1;PZ;P2;P4;P6;P8;PO7;PO5;PO3;POZ;PO4;PO6;PO8;CB1;O1;OZ;O2;CB2;HEOG;VEOG;EKG,Between Cz & CPz,AFz,,n/a,,,Neuroscan Synamps2,University of Arizona,~~,250.0,0.0,sub-013_task-Rest_run-01_eeg.set,.set,/mnt/datasets_v7/gokul/EEGData/ds003478/sub-013/eeg/sub-013_task-Rest_run-01_eeg.set,/mnt/datasets_v7/gokul/EEGData/ds003478/sub-013,/mnt/datasets_v7/gokul/EEGData/ds003478/sub-013/eeg/sub-013_task-Rest_run-01_eeg.json,/mnt/datasets_v7/gokul/EEGData/ds003478/sub-013/eeg/sub-013_task-Rest_run-01_channels.tsv,/mnt/datasets_v7/gokul/EEGData/ds003478/sub-013/eeg/sub-013_task-Rest_run-01_events.tsv,2026-06-15T10:41:14
0025,sub-013,519,ds003478,sub-013,,,02,18,2,6,40,No Interview,,,control,Rest,Rest,,both,500.0,60,177.84,88920,continuous,67,64,3,,,FP1;FPZ;FP2;AF3;AF4;F7;F5;F3;F1;FZ;F2;F4;F6;F8;FT7;FC5;FC3;FC1;FCZ;FC2;FC4;FC6;FT8;T7;C5;C3;C1;CZ;C2;C4;C6;T8;M1;TP7;CP5;CP3;CP1;CPZ;CP2;CP4;CP6;TP8;M2;P7;P5;P3;P1;PZ;P2;P4;P6;P8;PO7;PO5;PO3;POZ;PO4;PO6;PO8;CB1;O1;OZ;O2;CB2;HEOG;VEOG;EKG,Between Cz & CPz,AFz,,n/a,,,Neuroscan Synamps2,University of Arizona,~~,250.0,0.0,sub-013_task-Rest_run-02_eeg.set,.set,/mnt/datasets_v7/gokul/EEGData/ds003478/sub-013/eeg/sub-013_task-Rest_run-02_eeg.set,/mnt/datasets_v7/gokul/EEGData/ds003478/sub-013,/mnt/datasets_v7/gokul/EEGData/ds003478/sub-013/eeg/sub-013_task-Rest_run-02_eeg.json,/mnt/datasets_v7/gokul/EEGData/ds003478/sub-013/eeg/sub-013_task-Rest_run-02_channels.tsv,/mnt/datasets_v7/gokul/EEGData/ds003478/sub-013/eeg/sub-013_task-Rest_run-02_events.tsv,2026-06-15T10:41:14
0026,sub-014,520,ds003478,sub-014,,,01,18,1,3,28,No Interview,,,control,Rest,Rest,,both,500.0,60,501.4,250700,continuous,67,64,3,,,FP1;FPZ;FP2;AF3;AF4;F7;F5;F3;F1;FZ;F2;F4;F6;F8;FT7;FC5;FC3;FC1;FCZ;FC2;FC4;FC6;FT8;T7;C5;C3;C1;CZ;C2;C4;C6;T8;M1;TP7;CP5;CP3;CP1;CPZ;CP2;CP4;CP6;TP8;M2;P7;P5;P3;P1;PZ;P2;P4;P6;P8;PO7;PO5;PO3;POZ;PO4;PO6;PO8;CB1;O1;OZ;O2;CB2;HEOG;VEOG;EKG,Between Cz & CPz,AFz,,n/a,,,Neuroscan Synamps2,University of Arizona,~~,250.0,0.0,sub-014_task-Rest_run-01_eeg.set,.set,/mnt/datasets_v7/gokul/EEGData/ds003478/sub-014/eeg/sub-014_task-Rest_run-01_eeg.set,/mnt/datasets_v7/gokul/EEGData/ds003478/sub-014,/mnt/datasets_v7/gokul/EEGData/ds003478/sub-014/eeg/sub-014_task-Rest_run-01_eeg.json,/mnt/datasets_v7/gokul/EEGData/ds003478/sub-014/eeg/sub-014_task-Rest_run-01_channels.tsv,/mnt/datasets_v7/gokul/EEGData/ds003478/sub-014/eeg/sub-014_task-Rest_run-01_events.tsv,2026-06-15T10:41:14
0027,sub-014,520,ds003478,sub-014,,,02,18,1,3,28,No Interview,,,control,Rest,Rest,,both,500.0,60,163.182,81591,continuous,66,64,2,,,FP1;FPZ;FP2;AF3;AF4;F7;F5;F3;F1;FZ;F2;F4;F6;F8;FT7;FC5;FC3;FC1;FCZ;FC2;FC4;FC6;FT8;T7;C5;C3;C1;CZ;C2;C4;C6;T8;M1;TP7;CP5;CP3;CP1;CPZ;CP2;CP4;CP6;TP8;M2;P7;P5;P3;P1;PZ;P2;P4;P6;P8;PO7;PO5;PO3;POZ;PO4;PO6;PO8;CB1;O1;OZ;O2;CB2;HEOG;VEOG,Between Cz & CPz,AFz,,n/a,,,Neuroscan Synamps2,University of Arizona,~~,250.0,0.0,sub-014_task-Rest_run-02_eeg.set,.set,/mnt/datasets_v7/gokul/EEGData/ds003478/sub-014/eeg/sub-014_task-Rest_run-02_eeg.set,/mnt/datasets_v7/gokul/EEGData/ds003478/sub-014,/mnt/datasets_v7/gokul/EEGData/ds003478/sub-014/eeg/sub-014_task-Rest_run-02_eeg.json,/mnt/datasets_v7/gokul/EEGData/ds003478/sub-014/eeg/sub-014_task-Rest_run-02_channels.tsv,/mnt/datasets_v7/gokul/EEGData/ds003478/sub-014/eeg/sub-014_task-Rest_run-02_events.tsv,2026-06-15T10:41:14
0028,sub-015,521,ds003478,sub-015,,,01,18,2,2,24,No Interview,,,control,Rest,Rest,,both,500.0,60,510.78,255390,continuous,66,64,2,,,FP1;FPZ;FP2;AF3;AF4;F7;F5;F3;F1;FZ;F2;F4;F6;F8;FT7;FC5;FC3;FC1;FCZ;FC2;FC4;FC6;FT8;T7;C5;C3;C1;CZ;C2;C4;C6;T8;M1;TP7;CP5;CP3;CP1;CPZ;CP2;CP4;CP6;TP8;M2;P7;P5;P3;P1;PZ;P2;P4;P6;P8;PO7;PO5;PO3;POZ;PO4;PO6;PO8;CB1;O1;OZ;O2;CB2;HEOG;VEOG,Between Cz & CPz,AFz,,n/a,,,Neuroscan Synamps2,University of Arizona,~~,250.0,0.0,sub-015_task-Rest_run-01_eeg.set,.set,/mnt/datasets_v7/gokul/EEGData/ds003478/sub-015/eeg/sub-015_task-Rest_run-01_eeg.set,/mnt/datasets_v7/gokul/EEGData/ds003478/sub-015,/mnt/datasets_v7/gokul/EEGData/ds003478/sub-015/eeg/sub-015_task-Rest_run-01_eeg.json,/mnt/datasets_v7/gokul/EEGData/ds003478/sub-015/eeg/sub-015_task-Rest_run-01_channels.tsv,/mnt/datasets_v7/gokul/EEGData/ds003478/sub-015/eeg/sub-015_task-Rest_run-01_events.tsv,2026-06-15T10:41:14
0029,sub-015,521,ds003478,sub-015,,,02,18,2,2,24,No Interview,,,control,Rest,Rest,,both,500.0,60,169.96,84980,continuous,67,64,3,,,FP1;FPZ;FP2;AF3;AF4;F7;F5;F3;F1;FZ;F2;F4;F6;F8;FT7;FC5;FC3;FC1;FCZ;FC2;FC4;FC6;FT8;T7;C5;C3;C1;CZ;C2;C4;C6;T8;M1;TP7;CP5;CP3;CP1;CPZ;CP2;CP4;CP6;TP8;M2;P7;P5;P3;P1;PZ;P2;P4;P6;P8;PO7;PO5;PO3;POZ;PO4;PO6;PO8;CB1;O1;OZ;O2;CB2;HEOG;VEOG;EKG,Between Cz & CPz,AFz,,n/a,,,Neuroscan Synamps2,University of Arizona,~~,250.0,0.0,sub-015_task-Rest_run-02_eeg.set,.set,/mnt/datasets_v7/gokul/EEGData/ds003478/sub-015/eeg/sub-015_task-Rest_run-02_eeg.set,/mnt/datasets_v7/gokul/EEGData/ds003478/sub-015,/mnt/datasets_v7/gokul/EEGData/ds003478/sub-015/eeg/sub-015_task-Rest_run-02_eeg.json,/mnt/datasets_v7/gokul/EEGData/ds003478/sub-015/eeg/sub-015_task-Rest_run-02_channels.tsv,/mnt/datasets_v7/gokul/EEGData/ds003478/sub-015/eeg/sub-015_task-Rest_run-02_events.tsv,2026-06-15T10:41:14
0030,sub-016,522,ds003478,sub-016,,,01,19,1,0,30,No Interview,,,control,Rest,Rest,,both,500.0,60,429.04,214520,continuous,67,64,3,,,FP1;FPZ;FP2;AF3;AF4;F7;F5;F3;F1;FZ;F2;F4;F6;F8;FT7;FC5;FC3;FC1;FCZ;FC2;FC4;FC6;FT8;T7;C5;C3;C1;CZ;C2;C4;C6;T8;M1;TP7;CP5;CP3;CP1;CPZ;CP2;CP4;CP6;TP8;M2;P7;P5;P3;P1;PZ;P2;P4;P6;P8;PO7;PO5;PO3;POZ;PO4;PO6;PO8;CB1;O1;OZ;O2;CB2;HEOG;VEOG;EKG,Between Cz & CPz,AFz,,n/a,,,Neuroscan Synamps2,University of Arizona,~~,250.0,0.0,sub-016_task-Rest_run-01_eeg.set,.set,/mnt/datasets_v7/gokul/EEGData/ds003478/sub-016/eeg/sub-016_task-Rest_run-01_eeg.set,/mnt/datasets_v7/gokul/EEGData/ds003478/sub-016,/mnt/datasets_v7/gokul/EEGData/ds003478/sub-016/eeg/sub-016_task-Rest_run-01_eeg.json,/mnt/datasets_v7/gokul/EEGData/ds003478/sub-016/eeg/sub-016_task-Rest_run-01_channels.tsv,/mnt/datasets_v7/gokul/EEGData/ds003478/sub-016/eeg/sub-016_task-Rest_run-01_events.tsv,2026-06-15T10:41:14
0031,sub-016,522,ds003478,sub-016,,,02,19,1,0,30,No Interview,,,control,Rest,Rest,,both,500.0,60,166.4,83200,continuous,67,64,3,,,FP1;FPZ;FP2;AF3;AF4;F7;F5;F3;F1;FZ;F2;F4;F6;F8;FT7;FC5;FC3;FC1;FCZ;FC2;FC4;FC6;FT8;T7;C5;C3;C1;CZ;C2;C4;C6;T8;M1;TP7;CP5;CP3;CP1;CPZ;CP2;CP4;CP6;TP8;M2;P7;P5;P3;P1;PZ;P2;P4;P6;P8;PO7;PO5;PO3;POZ;PO4;PO6;PO8;CB1;O1;OZ;O2;CB2;HEOG;VEOG;EKG,Between Cz & CPz,AFz,,n/a,,,Neuroscan Synamps2,University of Arizona,~~,250.0,0.0,sub-016_task-Rest_run-02_eeg.set,.set,/mnt/datasets_v7/gokul/EEGData/ds003478/sub-016/eeg/sub-016_task-Rest_run-02_eeg.set,/mnt/datasets_v7/gokul/EEGData/ds003478/sub-016,/mnt/datasets_v7/gokul/EEGData/ds003478/sub-016/eeg/sub-016_task-Rest_run-02_eeg.json,/mnt/datasets_v7/gokul/EEGData/ds003478/sub-016/eeg/sub-016_task-Rest_run-02_channels.tsv,/mnt/datasets_v7/gokul/EEGData/ds003478/sub-016/eeg/sub-016_task-Rest_run-02_events.tsv,2026-06-15T10:41:14
0032,sub-017,523,ds003478,sub-017,,,01,21,1,1,30,No Interview,,,control,Rest,Rest,,both,500.0,60,499.92,249960,continuous,67,64,3,,,FP1;FPZ;FP2;AF3;AF4;F7;F5;F3;F1;FZ;F2;F4;F6;F8;FT7;FC5;FC3;FC1;FCZ;FC2;FC4;FC6;FT8;T7;C5;C3;C1;CZ;C2;C4;C6;T8;M1;TP7;CP5;CP3;CP1;CPZ;CP2;CP4;CP6;TP8;M2;P7;P5;P3;P1;PZ;P2;P4;P6;P8;PO7;PO5;PO3;POZ;PO4;PO6;PO8;CB1;O1;OZ;O2;CB2;HEOG;VEOG;EKG,Between Cz & CPz,AFz,,n/a,,,Neuroscan Synamps2,University of Arizona,~~,250.0,0.0,sub-017_task-Rest_run-01_eeg.set,.set,/mnt/datasets_v7/gokul/EEGData/ds003478/sub-017/eeg/sub-017_task-Rest_run-01_eeg.set,/mnt/datasets_v7/gokul/EEGData/ds003478/sub-017,/mnt/datasets_v7/gokul/EEGData/ds003478/sub-017/eeg/sub-017_task-Rest_run-01_eeg.json,/mnt/datasets_v7/gokul/EEGData/ds003478/sub-017/eeg/sub-017_task-Rest_run-01_channels.tsv,/mnt/datasets_v7/gokul/EEGData/ds003478/sub-017/eeg/sub-017_task-Rest_run-01_events.tsv,2026-06-15T10:41:14
0033,sub-017,523,ds003478,sub-017,,,02,21,1,1,30,No Interview,,,control,Rest,Rest,,both,500.0,60,171.8,85900,continuous,67,64,3,,,FP1;FPZ;FP2;AF3;AF4;F7;F5;F3;F1;FZ;F2;F4;F6;F8;FT7;FC5;FC3;FC1;FCZ;FC2;FC4;FC6;FT8;T7;C5;C3;C1;CZ;C2;C4;C6;T8;M1;TP7;CP5;CP3;CP1;CPZ;CP2;CP4;CP6;TP8;M2;P7;P5;P3;P1;PZ;P2;P4;P6;P8;PO7;PO5;PO3;POZ;PO4;PO6;PO8;CB1;O1;OZ;O2;CB2;HEOG;VEOG;EKG,Between Cz & CPz,AFz,,n/a,,,Neuroscan Synamps2,University of Arizona,~~,250.0,0.0,sub-017_task-Rest_run-02_eeg.set,.set,/mnt/datasets_v7/gokul/EEGData/ds003478/sub-017/eeg/sub-017_task-Rest_run-02_eeg.set,/mnt/datasets_v7/gokul/EEGData/ds003478/sub-017,/mnt/datasets_v7/gokul/EEGData/ds003478/sub-017/eeg/sub-017_task-Rest_run-02_eeg.json,/mnt/datasets_v7/gokul/EEGData/ds003478/sub-017/eeg/sub-017_task-Rest_run-02_channels.tsv,/mnt/datasets_v7/gokul/EEGData/ds003478/sub-017/eeg/sub-017_task-Rest_run-02_events.tsv,2026-06-15T10:41:14
0034,sub-018,524,ds003478,sub-018,,,01,18,1,3,38,No Interview,,,control,Rest,Rest,,both,500.0,60,501.56,250780,continuous,67,64,3,,,FP1;FPZ;FP2;AF3;AF4;F7;F5;F3;F1;FZ;F2;F4;F6;F8;FT7;FC5;FC3;FC1;FCZ;FC2;FC4;FC6;FT8;T7;C5;C3;C1;CZ;C2;C4;C6;T8;M1;TP7;CP5;CP3;CP1;CPZ;CP2;CP4;CP6;TP8;M2;P7;P5;P3;P1;PZ;P2;P4;P6;P8;PO7;PO5;PO3;POZ;PO4;PO6;PO8;CB1;O1;OZ;O2;CB2;HEOG;VEOG;EKG,Between Cz & CPz,AFz,,n/a,,,Neuroscan Synamps2,University of Arizona,~~,250.0,0.0,sub-018_task-Rest_run-01_eeg.set,.set,/mnt/datasets_v7/gokul/EEGData/ds003478/sub-018/eeg/sub-018_task-Rest_run-01_eeg.set,/mnt/datasets_v7/gokul/EEGData/ds003478/sub-018,/mnt/datasets_v7/gokul/EEGData/ds003478/sub-018/eeg/sub-018_task-Rest_run-01_eeg.json,/mnt/datasets_v7/gokul/EEGData/ds003478/sub-018/eeg/sub-018_task-Rest_run-01_channels.tsv,/mnt/datasets_v7/gokul/EEGData/ds003478/sub-018/eeg/sub-018_task-Rest_run-01_events.tsv,2026-06-15T10:41:14
0035,sub-018,524,ds003478,sub-018,,,02,18,1,3,38,No Interview,,,control,Rest,Rest,,both,500.0,60,216.56,108280,continuous,67,64,3,,,FP1;FPZ;FP2;AF3;AF4;F7;F5;F3;F1;FZ;F2;F4;F6;F8;FT7;FC5;FC3;FC1;FCZ;FC2;FC4;FC6;FT8;T7;C5;C3;C1;CZ;C2;C4;C6;T8;M1;TP7;CP5;CP3;CP1;CPZ;CP2;CP4;CP6;TP8;M2;P7;P5;P3;P1;PZ;P2;P4;P6;P8;PO7;PO5;PO3;POZ;PO4;PO6;PO8;CB1;O1;OZ;O2;CB2;HEOG;VEOG;EKG,Between Cz & CPz,AFz,,n/a,,,Neuroscan Synamps2,University of Arizona,~~,250.0,0.0,sub-018_task-Rest_run-02_eeg.set,.set,/mnt/datasets_v7/gokul/EEGData/ds003478/sub-018/eeg/sub-018_task-Rest_run-02_eeg.set,/mnt/datasets_v7/gokul/EEGData/ds003478/sub-018,/mnt/datasets_v7/gokul/EEGData/ds003478/sub-018/eeg/sub-018_task-Rest_run-02_eeg.json,/mnt/datasets_v7/gokul/EEGData/ds003478/sub-018/eeg/sub-018_task-Rest_run-02_channels.tsv,/mnt/datasets_v7/gokul/EEGData/ds003478/sub-018/eeg/sub-018_task-Rest_run-02_events.tsv,2026-06-15T10:41:14
0036,sub-019,525,ds003478,sub-019,,,01,18,1,2,30,No Interview,,,control,Rest,Rest,,both,500.0,60,493.868,246934,continuous,66,64,2,,,FP1;FPZ;FP2;AF3;AF4;F7;F5;F3;F1;FZ;F2;F4;F6;F8;FT7;FC5;FC3;FC1;FCZ;FC2;FC4;FC6;FT8;T7;C5;C3;C1;CZ;C2;C4;C6;T8;M1;TP7;CP5;CP3;CP1;CPZ;CP2;CP4;CP6;TP8;M2;P7;P5;P3;P1;PZ;P2;P4;P6;P8;PO7;PO5;PO3;POZ;PO4;PO6;PO8;CB1;O1;OZ;O2;CB2;HEOG;VEOG,Between Cz & CPz,AFz,,n/a,,,Neuroscan Synamps2,University of Arizona,~~,250.0,0.0,sub-019_task-Rest_run-01_eeg.set,.set,/mnt/datasets_v7/gokul/EEGData/ds003478/sub-019/eeg/sub-019_task-Rest_run-01_eeg.set,/mnt/datasets_v7/gokul/EEGData/ds003478/sub-019,/mnt/datasets_v7/gokul/EEGData/ds003478/sub-019/eeg/sub-019_task-Rest_run-01_eeg.json,/mnt/datasets_v7/gokul/EEGData/ds003478/sub-019/eeg/sub-019_task-Rest_run-01_channels.tsv,/mnt/datasets_v7/gokul/EEGData/ds003478/sub-019/eeg/sub-019_task-Rest_run-01_events.tsv,2026-06-15T10:41:14
0037,sub-019,525,ds003478,sub-019,,,02,18,1,2,30,No Interview,,,control,Rest,Rest,,both,500.0,60,172.982,86491,continuous,66,64,2,,,FP1;FPZ;FP2;AF3;AF4;F7;F5;F3;F1;FZ;F2;F4;F6;F8;FT7;FC5;FC3;FC1;FCZ;FC2;FC4;FC6;FT8;T7;C5;C3;C1;CZ;C2;C4;C6;T8;M1;TP7;CP5;CP3;CP1;CPZ;CP2;CP4;CP6;TP8;M2;P7;P5;P3;P1;PZ;P2;P4;P6;P8;PO7;PO5;PO3;POZ;PO4;PO6;PO8;CB1;O1;OZ;O2;CB2;HEOG;VEOG,Between Cz & CPz,AFz,,n/a,,,Neuroscan Synamps2,University of Arizona,~~,250.0,0.0,sub-019_task-Rest_run-02_eeg.set,.set,/mnt/datasets_v7/gokul/EEGData/ds003478/sub-019/eeg/sub-019_task-Rest_run-02_eeg.set,/mnt/datasets_v7/gokul/EEGData/ds003478/sub-019,/mnt/datasets_v7/gokul/EEGData/ds003478/sub-019/eeg/sub-019_task-Rest_run-02_eeg.json,/mnt/datasets_v7/gokul/EEGData/ds003478/sub-019/eeg/sub-019_task-Rest_run-02_channels.tsv,/mnt/datasets_v7/gokul/EEGData/ds003478/sub-019/eeg/sub-019_task-Rest_run-02_events.tsv,2026-06-15T10:41:14
0038,sub-020,526,ds003478,sub-020,,,01,18,1,0,30,No Interview,,,control,Rest,Rest,,both,500.0,60,502.548,251274,continuous,66,64,2,,,FP1;FPZ;FP2;AF3;AF4;F7;F5;F3;F1;FZ;F2;F4;F6;F8;FT7;FC5;FC3;FC1;FCZ;FC2;FC4;FC6;FT8;T7;C5;C3;C1;CZ;C2;C4;C6;T8;M1;TP7;CP5;CP3;CP1;CPZ;CP2;CP4;CP6;TP8;M2;P7;P5;P3;P1;PZ;P2;P4;P6;P8;PO7;PO5;PO3;POZ;PO4;PO6;PO8;CB1;O1;OZ;O2;CB2;HEOG;VEOG,Between Cz & CPz,AFz,,n/a,,,Neuroscan Synamps2,University of Arizona,~~,250.0,0.0,sub-020_task-Rest_run-01_eeg.set,.set,/mnt/datasets_v7/gokul/EEGData/ds003478/sub-020/eeg/sub-020_task-Rest_run-01_eeg.set,/mnt/datasets_v7/gokul/EEGData/ds003478/sub-020,/mnt/datasets_v7/gokul/EEGData/ds003478/sub-020/eeg/sub-020_task-Rest_run-01_eeg.json,/mnt/datasets_v7/gokul/EEGData/ds003478/sub-020/eeg/sub-020_task-Rest_run-01_channels.tsv,/mnt/datasets_v7/gokul/EEGData/ds003478/sub-020/eeg/sub-020_task-Rest_run-01_events.tsv,2026-06-15T10:41:14
0039,sub-020,526,ds003478,sub-020,,,02,18,1,0,30,No Interview,,,control,Rest,Rest,,both,500.0,60,168.582,84291,continuous,66,64,2,,,FP1;FPZ;FP2;AF3;AF4;F7;F5;F3;F1;FZ;F2;F4;F6;F8;FT7;FC5;FC3;FC1;FCZ;FC2;FC4;FC6;FT8;T7;C5;C3;C1;CZ;C2;C4;C6;T8;M1;TP7;CP5;CP3;CP1;CPZ;CP2;CP4;CP6;TP8;M2;P7;P5;P3;P1;PZ;P2;P4;P6;P8;PO7;PO5;PO3;POZ;PO4;PO6;PO8;CB1;O1;OZ;O2;CB2;HEOG;VEOG,Between Cz & CPz,AFz,,n/a,,,Neuroscan Synamps2,University of Arizona,~~,250.0,0.0,sub-020_task-Rest_run-02_eeg.set,.set,/mnt/datasets_v7/gokul/EEGData/ds003478/sub-020/eeg/sub-020_task-Rest_run-02_eeg.set,/mnt/datasets_v7/gokul/EEGData/ds003478/sub-020,/mnt/datasets_v7/gokul/EEGData/ds003478/sub-020/eeg/sub-020_task-Rest_run-02_eeg.json,/mnt/datasets_v7/gokul/EEGData/ds003478/sub-020/eeg/sub-020_task-Rest_run-02_channels.tsv,/mnt/datasets_v7/gokul/EEGData/ds003478/sub-020/eeg/sub-020_task-Rest_run-02_events.tsv,2026-06-15T10:41:14
0040,sub-021,527,ds003478,sub-021,,,01,18,1,1,31,No Interview,,,control,Rest,Rest,,both,500.0,60,490.288,245144,continuous,66,64,2,,,FP1;FPZ;FP2;AF3;AF4;F7;F5;F3;F1;FZ;F2;F4;F6;F8;FT7;FC5;FC3;FC1;FCZ;FC2;FC4;FC6;FT8;T7;C5;C3;C1;CZ;C2;C4;C6;T8;M1;TP7;CP5;CP3;CP1;CPZ;CP2;CP4;CP6;TP8;M2;P7;P5;P3;P1;PZ;P2;P4;P6;P8;PO7;PO5;PO3;POZ;PO4;PO6;PO8;CB1;O1;OZ;O2;CB2;HEOG;VEOG,Between Cz & CPz,AFz,,n/a,,,Neuroscan Synamps2,University of Arizona,~~,250.0,0.0,sub-021_task-Rest_run-01_eeg.set,.set,/mnt/datasets_v7/gokul/EEGData/ds003478/sub-021/eeg/sub-021_task-Rest_run-01_eeg.set,/mnt/datasets_v7/gokul/EEGData/ds003478/sub-021,/mnt/datasets_v7/gokul/EEGData/ds003478/sub-021/eeg/sub-021_task-Rest_run-01_eeg.json,/mnt/datasets_v7/gokul/EEGData/ds003478/sub-021/eeg/sub-021_task-Rest_run-01_channels.tsv,/mnt/datasets_v7/gokul/EEGData/ds003478/sub-021/eeg/sub-021_task-Rest_run-01_events.tsv,2026-06-15T10:41:14
0041,sub-021,527,ds003478,sub-021,,,02,18,1,1,31,No Interview,,,control,Rest,Rest,,both,500.0,60,165.262,82631,continuous,66,64,2,,,FP1;FPZ;FP2;AF3;AF4;F7;F5;F3;F1;FZ;F2;F4;F6;F8;FT7;FC5;FC3;FC1;FCZ;FC2;FC4;FC6;FT8;T7;C5;C3;C1;CZ;C2;C4;C6;T8;M1;TP7;CP5;CP3;CP1;CPZ;CP2;CP4;CP6;TP8;M2;P7;P5;P3;P1;PZ;P2;P4;P6;P8;PO7;PO5;PO3;POZ;PO4;PO6;PO8;CB1;O1;OZ;O2;CB2;HEOG;VEOG,Between Cz & CPz,AFz,,n/a,,,Neuroscan Synamps2,University of Arizona,~~,250.0,0.0,sub-021_task-Rest_run-02_eeg.set,.set,/mnt/datasets_v7/gokul/EEGData/ds003478/sub-021/eeg/sub-021_task-Rest_run-02_eeg.set,/mnt/datasets_v7/gokul/EEGData/ds003478/sub-021,/mnt/datasets_v7/gokul/EEGData/ds003478/sub-021/eeg/sub-021_task-Rest_run-02_eeg.json,/mnt/datasets_v7/gokul/EEGData/ds003478/sub-021/eeg/sub-021_task-Rest_run-02_channels.tsv,/mnt/datasets_v7/gokul/EEGData/ds003478/sub-021/eeg/sub-021_task-Rest_run-02_events.tsv,2026-06-15T10:41:14
0042,sub-022,528,ds003478,sub-022,,,01,18,2,1,33,No Interview,,,control,Rest,Rest,,both,500.0,60,493.748,246874,continuous,66,64,2,,,FP1;FPZ;FP2;AF3;AF4;F7;F5;F3;F1;FZ;F2;F4;F6;F8;FT7;FC5;FC3;FC1;FCZ;FC2;FC4;FC6;FT8;T7;C5;C3;C1;CZ;C2;C4;C6;T8;M1;TP7;CP5;CP3;CP1;CPZ;CP2;CP4;CP6;TP8;M2;P7;P5;P3;P1;PZ;P2;P4;P6;P8;PO7;PO5;PO3;POZ;PO4;PO6;PO8;CB1;O1;OZ;O2;CB2;HEOG;VEOG,Between Cz & CPz,AFz,,n/a,,,Neuroscan Synamps2,University of Arizona,~~,250.0,0.0,sub-022_task-Rest_run-01_eeg.set,.set,/mnt/datasets_v7/gokul/EEGData/ds003478/sub-022/eeg/sub-022_task-Rest_run-01_eeg.set,/mnt/datasets_v7/gokul/EEGData/ds003478/sub-022,/mnt/datasets_v7/gokul/EEGData/ds003478/sub-022/eeg/sub-022_task-Rest_run-01_eeg.json,/mnt/datasets_v7/gokul/EEGData/ds003478/sub-022/eeg/sub-022_task-Rest_run-01_channels.tsv,/mnt/datasets_v7/gokul/EEGData/ds003478/sub-022/eeg/sub-022_task-Rest_run-01_events.tsv,2026-06-15T10:41:14
0043,sub-022,528,ds003478,sub-022,,,02,18,2,1,33,No Interview,,,control,Rest,Rest,,both,500.0,60,164.222,82111,continuous,66,64,2,,,FP1;FPZ;FP2;AF3;AF4;F7;F5;F3;F1;FZ;F2;F4;F6;F8;FT7;FC5;FC3;FC1;FCZ;FC2;FC4;FC6;FT8;T7;C5;C3;C1;CZ;C2;C4;C6;T8;M1;TP7;CP5;CP3;CP1;CPZ;CP2;CP4;CP6;TP8;M2;P7;P5;P3;P1;PZ;P2;P4;P6;P8;PO7;PO5;PO3;POZ;PO4;PO6;PO8;CB1;O1;OZ;O2;CB2;HEOG;VEOG,Between Cz & CPz,AFz,,n/a,,,Neuroscan Synamps2,University of Arizona,~~,250.0,0.0,sub-022_task-Rest_run-02_eeg.set,.set,/mnt/datasets_v7/gokul/EEGData/ds003478/sub-022/eeg/sub-022_task-Rest_run-02_eeg.set,/mnt/datasets_v7/gokul/EEGData/ds003478/sub-022,/mnt/datasets_v7/gokul/EEGData/ds003478/sub-022/eeg/sub-022_task-Rest_run-02_eeg.json,/mnt/datasets_v7/gokul/EEGData/ds003478/sub-022/eeg/sub-022_task-Rest_run-02_channels.tsv,/mnt/datasets_v7/gokul/EEGData/ds003478/sub-022/eeg/sub-022_task-Rest_run-02_events.tsv,2026-06-15T10:41:14
0044,sub-023,529,ds003478,sub-023,,,01,18,1,0,27,No Interview,,,control,Rest,Rest,,both,500.0,60,511.16,255580,continuous,67,64,3,,,FP1;FPZ;FP2;AF3;AF4;F7;F5;F3;F1;FZ;F2;F4;F6;F8;FT7;FC5;FC3;FC1;FCZ;FC2;FC4;FC6;FT8;T7;C5;C3;C1;CZ;C2;C4;C6;T8;M1;TP7;CP5;CP3;CP1;CPZ;CP2;CP4;CP6;TP8;M2;P7;P5;P3;P1;PZ;P2;P4;P6;P8;PO7;PO5;PO3;POZ;PO4;PO6;PO8;CB1;O1;OZ;O2;CB2;HEOG;VEOG;EKG,Between Cz & CPz,AFz,,n/a,,,Neuroscan Synamps2,University of Arizona,~~,250.0,0.0,sub-023_task-Rest_run-01_eeg.set,.set,/mnt/datasets_v7/gokul/EEGData/ds003478/sub-023/eeg/sub-023_task-Rest_run-01_eeg.set,/mnt/datasets_v7/gokul/EEGData/ds003478/sub-023,/mnt/datasets_v7/gokul/EEGData/ds003478/sub-023/eeg/sub-023_task-Rest_run-01_eeg.json,/mnt/datasets_v7/gokul/EEGData/ds003478/sub-023/eeg/sub-023_task-Rest_run-01_channels.tsv,/mnt/datasets_v7/gokul/EEGData/ds003478/sub-023/eeg/sub-023_task-Rest_run-01_events.tsv,2026-06-15T10:41:14
0045,sub-023,529,ds003478,sub-023,,,02,18,1,0,27,No Interview,,,control,Rest,Rest,,both,500.0,60,175.582,87791,continuous,66,64,2,,,FP1;FPZ;FP2;AF3;AF4;F7;F5;F3;F1;FZ;F2;F4;F6;F8;FT7;FC5;FC3;FC1;FCZ;FC2;FC4;FC6;FT8;T7;C5;C3;C1;CZ;C2;C4;C6;T8;M1;TP7;CP5;CP3;CP1;CPZ;CP2;CP4;CP6;TP8;M2;P7;P5;P3;P1;PZ;P2;P4;P6;P8;PO7;PO5;PO3;POZ;PO4;PO6;PO8;CB1;O1;OZ;O2;CB2;HEOG;VEOG,Between Cz & CPz,AFz,,n/a,,,Neuroscan Synamps2,University of Arizona,~~,250.0,0.0,sub-023_task-Rest_run-02_eeg.set,.set,/mnt/datasets_v7/gokul/EEGData/ds003478/sub-023/eeg/sub-023_task-Rest_run-02_eeg.set,/mnt/datasets_v7/gokul/EEGData/ds003478/sub-023,/mnt/datasets_v7/gokul/EEGData/ds003478/sub-023/eeg/sub-023_task-Rest_run-02_eeg.json,/mnt/datasets_v7/gokul/EEGData/ds003478/sub-023/eeg/sub-023_task-Rest_run-02_channels.tsv,/mnt/datasets_v7/gokul/EEGData/ds003478/sub-023/eeg/sub-023_task-Rest_run-02_events.tsv,2026-06-15T10:41:14
0046,sub-024,530,ds003478,sub-024,,,01,18,2,1,34,No Interview,,,control,Rest,Rest,,both,500.0,60,464.84,232420,continuous,67,64,3,,,FP1;FPZ;FP2;AF3;AF4;F7;F5;F3;F1;FZ;F2;F4;F6;F8;FT7;FC5;FC3;FC1;FCZ;FC2;FC4;FC6;FT8;T7;C5;C3;C1;CZ;C2;C4;C6;T8;M1;TP7;CP5;CP3;CP1;CPZ;CP2;CP4;CP6;TP8;M2;P7;P5;P3;P1;PZ;P2;P4;P6;P8;PO7;PO5;PO3;POZ;PO4;PO6;PO8;CB1;O1;OZ;O2;CB2;HEOG;VEOG;EKG,Between Cz & CPz,AFz,,n/a,,,Neuroscan Synamps2,University of Arizona,~~,250.0,0.0,sub-024_task-Rest_run-01_eeg.set,.set,/mnt/datasets_v7/gokul/EEGData/ds003478/sub-024/eeg/sub-024_task-Rest_run-01_eeg.set,/mnt/datasets_v7/gokul/EEGData/ds003478/sub-024,/mnt/datasets_v7/gokul/EEGData/ds003478/sub-024/eeg/sub-024_task-Rest_run-01_eeg.json,/mnt/datasets_v7/gokul/EEGData/ds003478/sub-024/eeg/sub-024_task-Rest_run-01_channels.tsv,/mnt/datasets_v7/gokul/EEGData/ds003478/sub-024/eeg/sub-024_task-Rest_run-01_events.tsv,2026-06-15T10:41:14
0047,sub-024,530,ds003478,sub-024,,,02,18,2,1,34,No Interview,,,control,Rest,Rest,,both,500.0,60,165.222,82611,continuous,66,64,2,,,FP1;FPZ;FP2;AF3;AF4;F7;F5;F3;F1;FZ;F2;F4;F6;F8;FT7;FC5;FC3;FC1;FCZ;FC2;FC4;FC6;FT8;T7;C5;C3;C1;CZ;C2;C4;C6;T8;M1;TP7;CP5;CP3;CP1;CPZ;CP2;CP4;CP6;TP8;M2;P7;P5;P3;P1;PZ;P2;P4;P6;P8;PO7;PO5;PO3;POZ;PO4;PO6;PO8;CB1;O1;OZ;O2;CB2;HEOG;VEOG,Between Cz & CPz,AFz,,n/a,,,Neuroscan Synamps2,University of Arizona,~~,250.0,0.0,sub-024_task-Rest_run-02_eeg.set,.set,/mnt/datasets_v7/gokul/EEGData/ds003478/sub-024/eeg/sub-024_task-Rest_run-02_eeg.set,/mnt/datasets_v7/gokul/EEGData/ds003478/sub-024,/mnt/datasets_v7/gokul/EEGData/ds003478/sub-024/eeg/sub-024_task-Rest_run-02_eeg.json,/mnt/datasets_v7/gokul/EEGData/ds003478/sub-024/eeg/sub-024_task-Rest_run-02_channels.tsv,/mnt/datasets_v7/gokul/EEGData/ds003478/sub-024/eeg/sub-024_task-Rest_run-02_events.tsv,2026-06-15T10:41:14
0048,sub-025,531,ds003478,sub-025,,,01,18,1,1,33,No Interview,,,control,Rest,Rest,,,500.0,60,512.64,256320,continuous,66,64,2,,,FP1;FPZ;FP2;AF3;AF4;F7;F5;F3;F1;FZ;F2;F4;F6;F8;FT7;FC5;FC3;FC1;FCZ;FC2;FC4;FC6;FT8;T7;C5;C3;C1;CZ;C2;C4;C6;T8;M1;TP7;CP5;CP3;CP1;CPZ;CP2;CP4;CP6;TP8;M2;P7;P5;P3;P1;PZ;P2;P4;P6;P8;PO7;PO5;PO3;POZ;PO4;PO6;PO8;CB1;O1;OZ;O2;CB2;HEOG;VEOG,Between Cz & CPz,AFz,,n/a,,,Neuroscan Synamps2,University of Arizona,~~,250.0,0.0,sub-025_task-Rest_run-01_eeg.set,.set,/mnt/datasets_v7/gokul/EEGData/ds003478/sub-025/eeg/sub-025_task-Rest_run-01_eeg.set,/mnt/datasets_v7/gokul/EEGData/ds003478/sub-025,/mnt/datasets_v7/gokul/EEGData/ds003478/sub-025/eeg/sub-025_task-Rest_run-01_eeg.json,/mnt/datasets_v7/gokul/EEGData/ds003478/sub-025/eeg/sub-025_task-Rest_run-01_channels.tsv,/mnt/datasets_v7/gokul/EEGData/ds003478/sub-025/eeg/sub-025_task-Rest_run-01_events.tsv,2026-06-15T10:41:14
0049,sub-025,531,ds003478,sub-025,,,02,18,1,1,33,No Interview,,,control,Rest,Rest,,both,500.0,60,168.542,84271,continuous,66,64,2,,,FP1;FPZ;FP2;AF3;AF4;F7;F5;F3;F1;FZ;F2;F4;F6;F8;FT7;FC5;FC3;FC1;FCZ;FC2;FC4;FC6;FT8;T7;C5;C3;C1;CZ;C2;C4;C6;T8;M1;TP7;CP5;CP3;CP1;CPZ;CP2;CP4;CP6;TP8;M2;P7;P5;P3;P1;PZ;P2;P4;P6;P8;PO7;PO5;PO3;POZ;PO4;PO6;PO8;CB1;O1;OZ;O2;CB2;HEOG;VEOG,Between Cz & CPz,AFz,,n/a,,,Neuroscan Synamps2,University of Arizona,~~,250.0,0.0,sub-025_task-Rest_run-02_eeg.set,.set,/mnt/datasets_v7/gokul/EEGData/ds003478/sub-025/eeg/sub-025_task-Rest_run-02_eeg.set,/mnt/datasets_v7/gokul/EEGData/ds003478/sub-025,/mnt/datasets_v7/gokul/EEGData/ds003478/sub-025/eeg/sub-025_task-Rest_run-02_eeg.json,/mnt/datasets_v7/gokul/EEGData/ds003478/sub-025/eeg/sub-025_task-Rest_run-02_channels.tsv,/mnt/datasets_v7/gokul/EEGData/ds003478/sub-025/eeg/sub-025_task-Rest_run-02_events.tsv,2026-06-15T10:41:14
0050,sub-026,532,ds003478,sub-026,,,01,19,1,1,42,No Interview,,,control,Rest,Rest,,both,500.0,60,493.84,246920,continuous,67,64,3,,,FP1;FPZ;FP2;AF3;AF4;F7;F5;F3;F1;FZ;F2;F4;F6;F8;FT7;FC5;FC3;FC1;FCZ;FC2;FC4;FC6;FT8;T7;C5;C3;C1;CZ;C2;C4;C6;T8;M1;TP7;CP5;CP3;CP1;CPZ;CP2;CP4;CP6;TP8;M2;P7;P5;P3;P1;PZ;P2;P4;P6;P8;PO7;PO5;PO3;POZ;PO4;PO6;PO8;CB1;O1;OZ;O2;CB2;HEOG;VEOG;EKG,Between Cz & CPz,AFz,,n/a,,,Neuroscan Synamps2,University of Arizona,~~,250.0,0.0,sub-026_task-Rest_run-01_eeg.set,.set,/mnt/datasets_v7/gokul/EEGData/ds003478/sub-026/eeg/sub-026_task-Rest_run-01_eeg.set,/mnt/datasets_v7/gokul/EEGData/ds003478/sub-026,/mnt/datasets_v7/gokul/EEGData/ds003478/sub-026/eeg/sub-026_task-Rest_run-01_eeg.json,/mnt/datasets_v7/gokul/EEGData/ds003478/sub-026/eeg/sub-026_task-Rest_run-01_channels.tsv,/mnt/datasets_v7/gokul/EEGData/ds003478/sub-026/eeg/sub-026_task-Rest_run-01_events.tsv,2026-06-15T10:41:14
0051,sub-026,532,ds003478,sub-026,,,02,19,1,1,42,No Interview,,,control,Rest,Rest,,both,500.0,60,165.2,82600,continuous,67,64,3,,,FP1;FPZ;FP2;AF3;AF4;F7;F5;F3;F1;FZ;F2;F4;F6;F8;FT7;FC5;FC3;FC1;FCZ;FC2;FC4;FC6;FT8;T7;C5;C3;C1;CZ;C2;C4;C6;T8;M1;TP7;CP5;CP3;CP1;CPZ;CP2;CP4;CP6;TP8;M2;P7;P5;P3;P1;PZ;P2;P4;P6;P8;PO7;PO5;PO3;POZ;PO4;PO6;PO8;CB1;O1;OZ;O2;CB2;HEOG;VEOG;EKG,Between Cz & CPz,AFz,,n/a,,,Neuroscan Synamps2,University of Arizona,~~,250.0,0.0,sub-026_task-Rest_run-02_eeg.set,.set,/mnt/datasets_v7/gokul/EEGData/ds003478/sub-026/eeg/sub-026_task-Rest_run-02_eeg.set,/mnt/datasets_v7/gokul/EEGData/ds003478/sub-026,/mnt/datasets_v7/gokul/EEGData/ds003478/sub-026/eeg/sub-026_task-Rest_run-02_eeg.json,/mnt/datasets_v7/gokul/EEGData/ds003478/sub-026/eeg/sub-026_task-Rest_run-02_channels.tsv,/mnt/datasets_v7/gokul/EEGData/ds003478/sub-026/eeg/sub-026_task-Rest_run-02_events.tsv,2026-06-15T10:41:14
0052,sub-027,533,ds003478,sub-027,,,01,23,2,2,24,No Interview,,,control,Rest,Rest,,both,500.0,60,491.708,245854,continuous,66,64,2,,,FP1;FPZ;FP2;AF3;AF4;F7;F5;F3;F1;FZ;F2;F4;F6;F8;FT7;FC5;FC3;FC1;FCZ;FC2;FC4;FC6;FT8;T7;C5;C3;C1;CZ;C2;C4;C6;T8;M1;TP7;CP5;CP3;CP1;CPZ;CP2;CP4;CP6;TP8;M2;P7;P5;P3;P1;PZ;P2;P4;P6;P8;PO7;PO5;PO3;POZ;PO4;PO6;PO8;CB1;O1;OZ;O2;CB2;HEOG;VEOG,Between Cz & CPz,AFz,,n/a,,,Neuroscan Synamps2,University of Arizona,~~,250.0,0.0,sub-027_task-Rest_run-01_eeg.set,.set,/mnt/datasets_v7/gokul/EEGData/ds003478/sub-027/eeg/sub-027_task-Rest_run-01_eeg.set,/mnt/datasets_v7/gokul/EEGData/ds003478/sub-027,/mnt/datasets_v7/gokul/EEGData/ds003478/sub-027/eeg/sub-027_task-Rest_run-01_eeg.json,/mnt/datasets_v7/gokul/EEGData/ds003478/sub-027/eeg/sub-027_task-Rest_run-01_channels.tsv,/mnt/datasets_v7/gokul/EEGData/ds003478/sub-027/eeg/sub-027_task-Rest_run-01_events.tsv,2026-06-15T10:41:14
0053,sub-027,533,ds003478,sub-027,,,02,23,2,2,24,No Interview,,,control,Rest,Rest,,both,500.0,60,167.702,83851,continuous,66,64,2,,,FP1;FPZ;FP2;AF3;AF4;F7;F5;F3;F1;FZ;F2;F4;F6;F8;FT7;FC5;FC3;FC1;FCZ;FC2;FC4;FC6;FT8;T7;C5;C3;C1;CZ;C2;C4;C6;T8;M1;TP7;CP5;CP3;CP1;CPZ;CP2;CP4;CP6;TP8;M2;P7;P5;P3;P1;PZ;P2;P4;P6;P8;PO7;PO5;PO3;POZ;PO4;PO6;PO8;CB1;O1;OZ;O2;CB2;HEOG;VEOG,Between Cz & CPz,AFz,,n/a,,,Neuroscan Synamps2,University of Arizona,~~,250.0,0.0,sub-027_task-Rest_run-02_eeg.set,.set,/mnt/datasets_v7/gokul/EEGData/ds003478/sub-027/eeg/sub-027_task-Rest_run-02_eeg.set,/mnt/datasets_v7/gokul/EEGData/ds003478/sub-027,/mnt/datasets_v7/gokul/EEGData/ds003478/sub-027/eeg/sub-027_task-Rest_run-02_eeg.json,/mnt/datasets_v7/gokul/EEGData/ds003478/sub-027/eeg/sub-027_task-Rest_run-02_channels.tsv,/mnt/datasets_v7/gokul/EEGData/ds003478/sub-027/eeg/sub-027_task-Rest_run-02_events.tsv,2026-06-15T10:41:14
0054,sub-028,534,ds003478,sub-028,,,01,18,2,5,37,No Interview,,,control,Rest,Rest,,both,500.0,60,493.268,246634,continuous,66,64,2,,,FP1;FPZ;FP2;AF3;AF4;F7;F5;F3;F1;FZ;F2;F4;F6;F8;FT7;FC5;FC3;FC1;FCZ;FC2;FC4;FC6;FT8;T7;C5;C3;C1;CZ;C2;C4;C6;T8;M1;TP7;CP5;CP3;CP1;CPZ;CP2;CP4;CP6;TP8;M2;P7;P5;P3;P1;PZ;P2;P4;P6;P8;PO7;PO5;PO3;POZ;PO4;PO6;PO8;CB1;O1;OZ;O2;CB2;HEOG;VEOG,Between Cz & CPz,AFz,,n/a,,,Neuroscan Synamps2,University of Arizona,~~,250.0,0.0,sub-028_task-Rest_run-01_eeg.set,.set,/mnt/datasets_v7/gokul/EEGData/ds003478/sub-028/eeg/sub-028_task-Rest_run-01_eeg.set,/mnt/datasets_v7/gokul/EEGData/ds003478/sub-028,/mnt/datasets_v7/gokul/EEGData/ds003478/sub-028/eeg/sub-028_task-Rest_run-01_eeg.json,/mnt/datasets_v7/gokul/EEGData/ds003478/sub-028/eeg/sub-028_task-Rest_run-01_channels.tsv,/mnt/datasets_v7/gokul/EEGData/ds003478/sub-028/eeg/sub-028_task-Rest_run-01_events.tsv,2026-06-15T10:41:14
0055,sub-028,534,ds003478,sub-028,,,02,18,2,5,37,No Interview,,,control,Rest,Rest,,both,500.0,60,165.462,82731,continuous,66,64,2,,,FP1;FPZ;FP2;AF3;AF4;F7;F5;F3;F1;FZ;F2;F4;F6;F8;FT7;FC5;FC3;FC1;FCZ;FC2;FC4;FC6;FT8;T7;C5;C3;C1;CZ;C2;C4;C6;T8;M1;TP7;CP5;CP3;CP1;CPZ;CP2;CP4;CP6;TP8;M2;P7;P5;P3;P1;PZ;P2;P4;P6;P8;PO7;PO5;PO3;POZ;PO4;PO6;PO8;CB1;O1;OZ;O2;CB2;HEOG;VEOG,Between Cz & CPz,AFz,,n/a,,,Neuroscan Synamps2,University of Arizona,~~,250.0,0.0,sub-028_task-Rest_run-02_eeg.set,.set,/mnt/datasets_v7/gokul/EEGData/ds003478/sub-028/eeg/sub-028_task-Rest_run-02_eeg.set,/mnt/datasets_v7/gokul/EEGData/ds003478/sub-028,/mnt/datasets_v7/gokul/EEGData/ds003478/sub-028/eeg/sub-028_task-Rest_run-02_eeg.json,/mnt/datasets_v7/gokul/EEGData/ds003478/sub-028/eeg/sub-028_task-Rest_run-02_channels.tsv,/mnt/datasets_v7/gokul/EEGData/ds003478/sub-028/eeg/sub-028_task-Rest_run-02_events.tsv,2026-06-15T10:41:14
0056,sub-029,535,ds003478,sub-029,,,01,18,2,2,36,No Interview,,,control,Rest,Rest,,both,500.0,60,494.944,247472,continuous,67,64,3,,,FP1;FPZ;FP2;AF3;AF4;F7;F5;F3;F1;FZ;F2;F4;F6;F8;FT7;FC5;FC3;FC1;FCZ;FC2;FC4;FC6;FT8;T7;C5;C3;C1;CZ;C2;C4;C6;T8;M1;TP7;CP5;CP3;CP1;CPZ;CP2;CP4;CP6;TP8;M2;P7;P5;P3;P1;PZ;P2;P4;P6;P8;PO7;PO5;PO3;POZ;PO4;PO6;PO8;CB1;O1;OZ;O2;CB2;HEOG;VEOG;EKG,Between Cz & CPz,AFz,,n/a,,,Neuroscan Synamps2,University of Arizona,~~,250.0,0.0,sub-029_task-Rest_run-01_eeg.set,.set,/mnt/datasets_v7/gokul/EEGData/ds003478/sub-029/eeg/sub-029_task-Rest_run-01_eeg.set,/mnt/datasets_v7/gokul/EEGData/ds003478/sub-029,/mnt/datasets_v7/gokul/EEGData/ds003478/sub-029/eeg/sub-029_task-Rest_run-01_eeg.json,/mnt/datasets_v7/gokul/EEGData/ds003478/sub-029/eeg/sub-029_task-Rest_run-01_channels.tsv,/mnt/datasets_v7/gokul/EEGData/ds003478/sub-029/eeg/sub-029_task-Rest_run-01_events.tsv,2026-06-15T10:41:14
0057,sub-029,535,ds003478,sub-029,,,02,18,2,2,36,No Interview,,,control,Rest,Rest,,both,500.0,60,164.16,82080,continuous,67,64,3,,,FP1;FPZ;FP2;AF3;AF4;F7;F5;F3;F1;FZ;F2;F4;F6;F8;FT7;FC5;FC3;FC1;FCZ;FC2;FC4;FC6;FT8;T7;C5;C3;C1;CZ;C2;C4;C6;T8;M1;TP7;CP5;CP3;CP1;CPZ;CP2;CP4;CP6;TP8;M2;P7;P5;P3;P1;PZ;P2;P4;P6;P8;PO7;PO5;PO3;POZ;PO4;PO6;PO8;CB1;O1;OZ;O2;CB2;HEOG;VEOG;EKG,Between Cz & CPz,AFz,,n/a,,,Neuroscan Synamps2,University of Arizona,~~,250.0,0.0,sub-029_task-Rest_run-02_eeg.set,.set,/mnt/datasets_v7/gokul/EEGData/ds003478/sub-029/eeg/sub-029_task-Rest_run-02_eeg.set,/mnt/datasets_v7/gokul/EEGData/ds003478/sub-029,/mnt/datasets_v7/gokul/EEGData/ds003478/sub-029/eeg/sub-029_task-Rest_run-02_eeg.json,/mnt/datasets_v7/gokul/EEGData/ds003478/sub-029/eeg/sub-029_task-Rest_run-02_channels.tsv,/mnt/datasets_v7/gokul/EEGData/ds003478/sub-029/eeg/sub-029_task-Rest_run-02_events.tsv,2026-06-15T10:41:14
0058,sub-030,536,ds003478,sub-030,,,01,19,2,2,37,No Interview,,,control,Rest,Rest,,both,500.0,60,451.04,225520,continuous,67,64,3,,,FP1;FPZ;FP2;AF3;AF4;F7;F5;F3;F1;FZ;F2;F4;F6;F8;FT7;FC5;FC3;FC1;FCZ;FC2;FC4;FC6;FT8;T7;C5;C3;C1;CZ;C2;C4;C6;T8;M1;TP7;CP5;CP3;CP1;CPZ;CP2;CP4;CP6;TP8;M2;P7;P5;P3;P1;PZ;P2;P4;P6;P8;PO7;PO5;PO3;POZ;PO4;PO6;PO8;CB1;O1;OZ;O2;CB2;HEOG;VEOG;EKG,Between Cz & CPz,AFz,,n/a,,,Neuroscan Synamps2,University of Arizona,~~,250.0,0.0,sub-030_task-Rest_run-01_eeg.set,.set,/mnt/datasets_v7/gokul/EEGData/ds003478/sub-030/eeg/sub-030_task-Rest_run-01_eeg.set,/mnt/datasets_v7/gokul/EEGData/ds003478/sub-030,/mnt/datasets_v7/gokul/EEGData/ds003478/sub-030/eeg/sub-030_task-Rest_run-01_eeg.json,/mnt/datasets_v7/gokul/EEGData/ds003478/sub-030/eeg/sub-030_task-Rest_run-01_channels.tsv,/mnt/datasets_v7/gokul/EEGData/ds003478/sub-030/eeg/sub-030_task-Rest_run-01_events.tsv,2026-06-15T10:41:14
0059,sub-030,536,ds003478,sub-030,,,02,19,2,2,37,No Interview,,,control,Rest,Rest,,,500.0,60,154.88,77440,continuous,67,64,3,,,FP1;FPZ;FP2;AF3;AF4;F7;F5;F3;F1;FZ;F2;F4;F6;F8;FT7;FC5;FC3;FC1;FCZ;FC2;FC4;FC6;FT8;T7;C5;C3;C1;CZ;C2;C4;C6;T8;M1;TP7;CP5;CP3;CP1;CPZ;CP2;CP4;CP6;TP8;M2;P7;P5;P3;P1;PZ;P2;P4;P6;P8;PO7;PO5;PO3;POZ;PO4;PO6;PO8;CB1;O1;OZ;O2;CB2;HEOG;VEOG;EKG,Between Cz & CPz,AFz,,n/a,,,Neuroscan Synamps2,University of Arizona,~~,250.0,0.0,sub-030_task-Rest_run-02_eeg.set,.set,/mnt/datasets_v7/gokul/EEGData/ds003478/sub-030/eeg/sub-030_task-Rest_run-02_eeg.set,/mnt/datasets_v7/gokul/EEGData/ds003478/sub-030,/mnt/datasets_v7/gokul/EEGData/ds003478/sub-030/eeg/sub-030_task-Rest_run-02_eeg.json,/mnt/datasets_v7/gokul/EEGData/ds003478/sub-030/eeg/sub-030_task-Rest_run-02_channels.tsv,/mnt/datasets_v7/gokul/EEGData/ds003478/sub-030/eeg/sub-030_task-Rest_run-02_events.tsv,2026-06-15T10:41:14
0060,sub-031,537,ds003478,sub-031,,,01,20,2,2,37,No Interview,,,control,Rest,Rest,,both,500.0,60,493.56,246780,continuous,67,64,3,,,FP1;FPZ;FP2;AF3;AF4;F7;F5;F3;F1;FZ;F2;F4;F6;F8;FT7;FC5;FC3;FC1;FCZ;FC2;FC4;FC6;FT8;T7;C5;C3;C1;CZ;C2;C4;C6;T8;M1;TP7;CP5;CP3;CP1;CPZ;CP2;CP4;CP6;TP8;M2;P7;P5;P3;P1;PZ;P2;P4;P6;P8;PO7;PO5;PO3;POZ;PO4;PO6;PO8;CB1;O1;OZ;O2;CB2;HEOG;VEOG;EKG,Between Cz & CPz,AFz,,n/a,,,Neuroscan Synamps2,University of Arizona,~~,250.0,0.0,sub-031_task-Rest_run-01_eeg.set,.set,/mnt/datasets_v7/gokul/EEGData/ds003478/sub-031/eeg/sub-031_task-Rest_run-01_eeg.set,/mnt/datasets_v7/gokul/EEGData/ds003478/sub-031,/mnt/datasets_v7/gokul/EEGData/ds003478/sub-031/eeg/sub-031_task-Rest_run-01_eeg.json,/mnt/datasets_v7/gokul/EEGData/ds003478/sub-031/eeg/sub-031_task-Rest_run-01_channels.tsv,/mnt/datasets_v7/gokul/EEGData/ds003478/sub-031/eeg/sub-031_task-Rest_run-01_events.tsv,2026-06-15T10:41:14
0061,sub-031,537,ds003478,sub-031,,,02,20,2,2,37,No Interview,,,control,Rest,Rest,,both,500.0,60,163.52,81760,continuous,67,64,3,,,FP1;FPZ;FP2;AF3;AF4;F7;F5;F3;F1;FZ;F2;F4;F6;F8;FT7;FC5;FC3;FC1;FCZ;FC2;FC4;FC6;FT8;T7;C5;C3;C1;CZ;C2;C4;C6;T8;M1;TP7;CP5;CP3;CP1;CPZ;CP2;CP4;CP6;TP8;M2;P7;P5;P3;P1;PZ;P2;P4;P6;P8;PO7;PO5;PO3;POZ;PO4;PO6;PO8;CB1;O1;OZ;O2;CB2;HEOG;VEOG;EKG,Between Cz & CPz,AFz,,n/a,,,Neuroscan Synamps2,University of Arizona,~~,250.0,0.0,sub-031_task-Rest_run-02_eeg.set,.set,/mnt/datasets_v7/gokul/EEGData/ds003478/sub-031/eeg/sub-031_task-Rest_run-02_eeg.set,/mnt/datasets_v7/gokul/EEGData/ds003478/sub-031,/mnt/datasets_v7/gokul/EEGData/ds003478/sub-031/eeg/sub-031_task-Rest_run-02_eeg.json,/mnt/datasets_v7/gokul/EEGData/ds003478/sub-031/eeg/sub-031_task-Rest_run-02_channels.tsv,/mnt/datasets_v7/gokul/EEGData/ds003478/sub-031/eeg/sub-031_task-Rest_run-02_events.tsv,2026-06-15T10:41:14
0062,sub-032,538,ds003478,sub-032,,,01,18,2,0,32,No Interview,,,control,Rest,Rest,,both,500.0,60,505.194,252597,continuous,66,64,2,,,FP1;FPZ;FP2;AF3;AF4;F7;F5;F3;F1;FZ;F2;F4;F6;F8;FT7;FC5;FC3;FC1;FCZ;FC2;FC4;FC6;FT8;T7;C5;C3;C1;CZ;C2;C4;C6;T8;M1;TP7;CP5;CP3;CP1;CPZ;CP2;CP4;CP6;TP8;M2;P7;P5;P3;P1;PZ;P2;P4;P6;P8;PO7;PO5;PO3;POZ;PO4;PO6;PO8;CB1;O1;OZ;O2;CB2;HEOG;VEOG,Between Cz & CPz,AFz,,n/a,,,Neuroscan Synamps2,University of Arizona,~~,250.0,0.0,sub-032_task-Rest_run-01_eeg.set,.set,/mnt/datasets_v7/gokul/EEGData/ds003478/sub-032/eeg/sub-032_task-Rest_run-01_eeg.set,/mnt/datasets_v7/gokul/EEGData/ds003478/sub-032,/mnt/datasets_v7/gokul/EEGData/ds003478/sub-032/eeg/sub-032_task-Rest_run-01_eeg.json,/mnt/datasets_v7/gokul/EEGData/ds003478/sub-032/eeg/sub-032_task-Rest_run-01_channels.tsv,/mnt/datasets_v7/gokul/EEGData/ds003478/sub-032/eeg/sub-032_task-Rest_run-01_events.tsv,2026-06-15T10:41:14
0063,sub-032,538,ds003478,sub-032,,,02,18,2,0,32,No Interview,,,control,Rest,Rest,,both,500.0,60,172.64,86320,continuous,66,64,2,,,FP1;FPZ;FP2;AF3;AF4;F7;F5;F3;F1;FZ;F2;F4;F6;F8;FT7;FC5;FC3;FC1;FCZ;FC2;FC4;FC6;FT8;T7;C5;C3;C1;CZ;C2;C4;C6;T8;M1;TP7;CP5;CP3;CP1;CPZ;CP2;CP4;CP6;TP8;M2;P7;P5;P3;P1;PZ;P2;P4;P6;P8;PO7;PO5;PO3;POZ;PO4;PO6;PO8;CB1;O1;OZ;O2;CB2;HEOG;VEOG,Between Cz & CPz,AFz,,n/a,,,Neuroscan Synamps2,University of Arizona,~~,250.0,0.0,sub-032_task-Rest_run-02_eeg.set,.set,/mnt/datasets_v7/gokul/EEGData/ds003478/sub-032/eeg/sub-032_task-Rest_run-02_eeg.set,/mnt/datasets_v7/gokul/EEGData/ds003478/sub-032,/mnt/datasets_v7/gokul/EEGData/ds003478/sub-032/eeg/sub-032_task-Rest_run-02_eeg.json,/mnt/datasets_v7/gokul/EEGData/ds003478/sub-032/eeg/sub-032_task-Rest_run-02_channels.tsv,/mnt/datasets_v7/gokul/EEGData/ds003478/sub-032/eeg/sub-032_task-Rest_run-02_events.tsv,2026-06-15T10:41:14
0064,sub-033,539,ds003478,sub-033,,,01,18,2,0,27,No Interview,,,control,Rest,Rest,,both,500.0,60,338.002,169001,continuous,66,64,2,,,FP1;FPZ;FP2;AF3;AF4;F7;F5;F3;F1;FZ;F2;F4;F6;F8;FT7;FC5;FC3;FC1;FCZ;FC2;FC4;FC6;FT8;T7;C5;C3;C1;CZ;C2;C4;C6;T8;M1;TP7;CP5;CP3;CP1;CPZ;CP2;CP4;CP6;TP8;M2;P7;P5;P3;P1;PZ;P2;P4;P6;P8;PO7;PO5;PO3;POZ;PO4;PO6;PO8;CB1;O1;OZ;O2;CB2;HEOG;VEOG,Between Cz & CPz,AFz,,n/a,,,Neuroscan Synamps2,University of Arizona,~~,250.0,0.0,sub-033_task-Rest_run-01_eeg.set,.set,/mnt/datasets_v7/gokul/EEGData/ds003478/sub-033/eeg/sub-033_task-Rest_run-01_eeg.set,/mnt/datasets_v7/gokul/EEGData/ds003478/sub-033,/mnt/datasets_v7/gokul/EEGData/ds003478/sub-033/eeg/sub-033_task-Rest_run-01_eeg.json,/mnt/datasets_v7/gokul/EEGData/ds003478/sub-033/eeg/sub-033_task-Rest_run-01_channels.tsv,/mnt/datasets_v7/gokul/EEGData/ds003478/sub-033/eeg/sub-033_task-Rest_run-01_events.tsv,2026-06-15T10:41:14
0065,sub-033,539,ds003478,sub-033,,,02,18,2,0,27,No Interview,,,control,Rest,Rest,,both,500.0,60,175.022,87511,continuous,66,64,2,,,FP1;FPZ;FP2;AF3;AF4;F7;F5;F3;F1;FZ;F2;F4;F6;F8;FT7;FC5;FC3;FC1;FCZ;FC2;FC4;FC6;FT8;T7;C5;C3;C1;CZ;C2;C4;C6;T8;M1;TP7;CP5;CP3;CP1;CPZ;CP2;CP4;CP6;TP8;M2;P7;P5;P3;P1;PZ;P2;P4;P6;P8;PO7;PO5;PO3;POZ;PO4;PO6;PO8;CB1;O1;OZ;O2;CB2;HEOG;VEOG,Between Cz & CPz,AFz,,n/a,,,Neuroscan Synamps2,University of Arizona,~~,250.0,0.0,sub-033_task-Rest_run-02_eeg.set,.set,/mnt/datasets_v7/gokul/EEGData/ds003478/sub-033/eeg/sub-033_task-Rest_run-02_eeg.set,/mnt/datasets_v7/gokul/EEGData/ds003478/sub-033,/mnt/datasets_v7/gokul/EEGData/ds003478/sub-033/eeg/sub-033_task-Rest_run-02_eeg.json,/mnt/datasets_v7/gokul/EEGData/ds003478/sub-033/eeg/sub-033_task-Rest_run-02_channels.tsv,/mnt/datasets_v7/gokul/EEGData/ds003478/sub-033/eeg/sub-033_task-Rest_run-02_events.tsv,2026-06-15T10:41:14
0066,sub-034,540,ds003478,sub-034,,,01,18,2,1,38,No Interview,,,control,Rest,Rest,,both,500.0,60,457.882,228941,continuous,66,64,2,,,FP1;FPZ;FP2;AF3;AF4;F7;F5;F3;F1;FZ;F2;F4;F6;F8;FT7;FC5;FC3;FC1;FCZ;FC2;FC4;FC6;FT8;T7;C5;C3;C1;CZ;C2;C4;C6;T8;M1;TP7;CP5;CP3;CP1;CPZ;CP2;CP4;CP6;TP8;M2;P7;P5;P3;P1;PZ;P2;P4;P6;P8;PO7;PO5;PO3;POZ;PO4;PO6;PO8;CB1;O1;OZ;O2;CB2;HEOG;VEOG,Between Cz & CPz,AFz,,n/a,,,Neuroscan Synamps2,University of Arizona,~~,250.0,0.0,sub-034_task-Rest_run-01_eeg.set,.set,/mnt/datasets_v7/gokul/EEGData/ds003478/sub-034/eeg/sub-034_task-Rest_run-01_eeg.set,/mnt/datasets_v7/gokul/EEGData/ds003478/sub-034,/mnt/datasets_v7/gokul/EEGData/ds003478/sub-034/eeg/sub-034_task-Rest_run-01_eeg.json,/mnt/datasets_v7/gokul/EEGData/ds003478/sub-034/eeg/sub-034_task-Rest_run-01_channels.tsv,/mnt/datasets_v7/gokul/EEGData/ds003478/sub-034/eeg/sub-034_task-Rest_run-01_events.tsv,2026-06-15T10:41:14
0067,sub-034,540,ds003478,sub-034,,,02,18,2,1,38,No Interview,,,control,Rest,Rest,,both,500.0,60,168.07,84035,continuous,66,64,2,,,FP1;FPZ;FP2;AF3;AF4;F7;F5;F3;F1;FZ;F2;F4;F6;F8;FT7;FC5;FC3;FC1;FCZ;FC2;FC4;FC6;FT8;T7;C5;C3;C1;CZ;C2;C4;C6;T8;M1;TP7;CP5;CP3;CP1;CPZ;CP2;CP4;CP6;TP8;M2;P7;P5;P3;P1;PZ;P2;P4;P6;P8;PO7;PO5;PO3;POZ;PO4;PO6;PO8;CB1;O1;OZ;O2;CB2;HEOG;VEOG,Between Cz & CPz,AFz,,n/a,,,Neuroscan Synamps2,University of Arizona,~~,250.0,0.0,sub-034_task-Rest_run-02_eeg.set,.set,/mnt/datasets_v7/gokul/EEGData/ds003478/sub-034/eeg/sub-034_task-Rest_run-02_eeg.set,/mnt/datasets_v7/gokul/EEGData/ds003478/sub-034,/mnt/datasets_v7/gokul/EEGData/ds003478/sub-034/eeg/sub-034_task-Rest_run-02_eeg.json,/mnt/datasets_v7/gokul/EEGData/ds003478/sub-034/eeg/sub-034_task-Rest_run-02_channels.tsv,/mnt/datasets_v7/gokul/EEGData/ds003478/sub-034/eeg/sub-034_task-Rest_run-02_events.tsv,2026-06-15T10:41:14
0068,sub-035,541,ds003478,sub-035,,,01,19,1,0,29,No Interview,,,control,Rest,Rest,,both,500.0,60,501.268,250634,continuous,66,64,2,,,FP1;FPZ;FP2;AF3;AF4;F7;F5;F3;F1;FZ;F2;F4;F6;F8;FT7;FC5;FC3;FC1;FCZ;FC2;FC4;FC6;FT8;T7;C5;C3;C1;CZ;C2;C4;C6;T8;M1;TP7;CP5;CP3;CP1;CPZ;CP2;CP4;CP6;TP8;M2;P7;P5;P3;P1;PZ;P2;P4;P6;P8;PO7;PO5;PO3;POZ;PO4;PO6;PO8;CB1;O1;OZ;O2;CB2;HEOG;VEOG,Between Cz & CPz,AFz,,n/a,,,Neuroscan Synamps2,University of Arizona,~~,250.0,0.0,sub-035_task-Rest_run-01_eeg.set,.set,/mnt/datasets_v7/gokul/EEGData/ds003478/sub-035/eeg/sub-035_task-Rest_run-01_eeg.set,/mnt/datasets_v7/gokul/EEGData/ds003478/sub-035,/mnt/datasets_v7/gokul/EEGData/ds003478/sub-035/eeg/sub-035_task-Rest_run-01_eeg.json,/mnt/datasets_v7/gokul/EEGData/ds003478/sub-035/eeg/sub-035_task-Rest_run-01_channels.tsv,/mnt/datasets_v7/gokul/EEGData/ds003478/sub-035/eeg/sub-035_task-Rest_run-01_events.tsv,2026-06-15T10:41:14
0069,sub-035,541,ds003478,sub-035,,,02,19,1,0,29,No Interview,,,control,Rest,Rest,,both,500.0,60,168.662,84331,continuous,66,64,2,,,FP1;FPZ;FP2;AF3;AF4;F7;F5;F3;F1;FZ;F2;F4;F6;F8;FT7;FC5;FC3;FC1;FCZ;FC2;FC4;FC6;FT8;T7;C5;C3;C1;CZ;C2;C4;C6;T8;M1;TP7;CP5;CP3;CP1;CPZ;CP2;CP4;CP6;TP8;M2;P7;P5;P3;P1;PZ;P2;P4;P6;P8;PO7;PO5;PO3;POZ;PO4;PO6;PO8;CB1;O1;OZ;O2;CB2;HEOG;VEOG,Between Cz & CPz,AFz,,n/a,,,Neuroscan Synamps2,University of Arizona,~~,250.0,0.0,sub-035_task-Rest_run-02_eeg.set,.set,/mnt/datasets_v7/gokul/EEGData/ds003478/sub-035/eeg/sub-035_task-Rest_run-02_eeg.set,/mnt/datasets_v7/gokul/EEGData/ds003478/sub-035,/mnt/datasets_v7/gokul/EEGData/ds003478/sub-035/eeg/sub-035_task-Rest_run-02_eeg.json,/mnt/datasets_v7/gokul/EEGData/ds003478/sub-035/eeg/sub-035_task-Rest_run-02_channels.tsv,/mnt/datasets_v7/gokul/EEGData/ds003478/sub-035/eeg/sub-035_task-Rest_run-02_events.tsv,2026-06-15T10:41:14
0070,sub-036,542,ds003478,sub-036,,,01,18,2,0,36,No Interview,,,control,Rest,Rest,,both,500.0,60,503.468,251734,continuous,66,64,2,,,FP1;FPZ;FP2;AF3;AF4;F7;F5;F3;F1;FZ;F2;F4;F6;F8;FT7;FC5;FC3;FC1;FCZ;FC2;FC4;FC6;FT8;T7;C5;C3;C1;CZ;C2;C4;C6;T8;M1;TP7;CP5;CP3;CP1;CPZ;CP2;CP4;CP6;TP8;M2;P7;P5;P3;P1;PZ;P2;P4;P6;P8;PO7;PO5;PO3;POZ;PO4;PO6;PO8;CB1;O1;OZ;O2;CB2;HEOG;VEOG,Between Cz & CPz,AFz,,n/a,,,Neuroscan Synamps2,University of Arizona,~~,250.0,0.0,sub-036_task-Rest_run-01_eeg.set,.set,/mnt/datasets_v7/gokul/EEGData/ds003478/sub-036/eeg/sub-036_task-Rest_run-01_eeg.set,/mnt/datasets_v7/gokul/EEGData/ds003478/sub-036,/mnt/datasets_v7/gokul/EEGData/ds003478/sub-036/eeg/sub-036_task-Rest_run-01_eeg.json,/mnt/datasets_v7/gokul/EEGData/ds003478/sub-036/eeg/sub-036_task-Rest_run-01_channels.tsv,/mnt/datasets_v7/gokul/EEGData/ds003478/sub-036/eeg/sub-036_task-Rest_run-01_events.tsv,2026-06-15T10:41:14
0071,sub-036,542,ds003478,sub-036,,,02,18,2,0,36,No Interview,,,control,Rest,Rest,,both,500.0,60,166.246,83123,continuous,66,64,2,,,FP1;FPZ;FP2;AF3;AF4;F7;F5;F3;F1;FZ;F2;F4;F6;F8;FT7;FC5;FC3;FC1;FCZ;FC2;FC4;FC6;FT8;T7;C5;C3;C1;CZ;C2;C4;C6;T8;M1;TP7;CP5;CP3;CP1;CPZ;CP2;CP4;CP6;TP8;M2;P7;P5;P3;P1;PZ;P2;P4;P6;P8;PO7;PO5;PO3;POZ;PO4;PO6;PO8;CB1;O1;OZ;O2;CB2;HEOG;VEOG,Between Cz & CPz,AFz,,n/a,,,Neuroscan Synamps2,University of Arizona,~~,250.0,0.0,sub-036_task-Rest_run-02_eeg.set,.set,/mnt/datasets_v7/gokul/EEGData/ds003478/sub-036/eeg/sub-036_task-Rest_run-02_eeg.set,/mnt/datasets_v7/gokul/EEGData/ds003478/sub-036,/mnt/datasets_v7/gokul/EEGData/ds003478/sub-036/eeg/sub-036_task-Rest_run-02_eeg.json,/mnt/datasets_v7/gokul/EEGData/ds003478/sub-036/eeg/sub-036_task-Rest_run-02_channels.tsv,/mnt/datasets_v7/gokul/EEGData/ds003478/sub-036/eeg/sub-036_task-Rest_run-02_events.tsv,2026-06-15T10:41:14
0072,sub-037,543,ds003478,sub-037,,,01,21,2,1,30,No Interview,,,control,Rest,Rest,,both,500.0,60,494.52,247260,continuous,66,64,2,,,FP1;FPZ;FP2;AF3;AF4;F7;F5;F3;F1;FZ;F2;F4;F6;F8;FT7;FC5;FC3;FC1;FCZ;FC2;FC4;FC6;FT8;T7;C5;C3;C1;CZ;C2;C4;C6;T8;M1;TP7;CP5;CP3;CP1;CPZ;CP2;CP4;CP6;TP8;M2;P7;P5;P3;P1;PZ;P2;P4;P6;P8;PO7;PO5;PO3;POZ;PO4;PO6;PO8;CB1;O1;OZ;O2;CB2;HEOG;VEOG,Between Cz & CPz,AFz,,n/a,,,Neuroscan Synamps2,University of Arizona,~~,250.0,0.0,sub-037_task-Rest_run-01_eeg.set,.set,/mnt/datasets_v7/gokul/EEGData/ds003478/sub-037/eeg/sub-037_task-Rest_run-01_eeg.set,/mnt/datasets_v7/gokul/EEGData/ds003478/sub-037,/mnt/datasets_v7/gokul/EEGData/ds003478/sub-037/eeg/sub-037_task-Rest_run-01_eeg.json,/mnt/datasets_v7/gokul/EEGData/ds003478/sub-037/eeg/sub-037_task-Rest_run-01_channels.tsv,/mnt/datasets_v7/gokul/EEGData/ds003478/sub-037/eeg/sub-037_task-Rest_run-01_events.tsv,2026-06-15T10:41:14
0073,sub-037,543,ds003478,sub-037,,,02,21,2,1,30,No Interview,,,control,Rest,Rest,,both,500.0,60,163.822,81911,continuous,66,64,2,,,FP1;FPZ;FP2;AF3;AF4;F7;F5;F3;F1;FZ;F2;F4;F6;F8;FT7;FC5;FC3;FC1;FCZ;FC2;FC4;FC6;FT8;T7;C5;C3;C1;CZ;C2;C4;C6;T8;M1;TP7;CP5;CP3;CP1;CPZ;CP2;CP4;CP6;TP8;M2;P7;P5;P3;P1;PZ;P2;P4;P6;P8;PO7;PO5;PO3;POZ;PO4;PO6;PO8;CB1;O1;OZ;O2;CB2;HEOG;VEOG,Between Cz & CPz,AFz,,n/a,,,Neuroscan Synamps2,University of Arizona,~~,250.0,0.0,sub-037_task-Rest_run-02_eeg.set,.set,/mnt/datasets_v7/gokul/EEGData/ds003478/sub-037/eeg/sub-037_task-Rest_run-02_eeg.set,/mnt/datasets_v7/gokul/EEGData/ds003478/sub-037,/mnt/datasets_v7/gokul/EEGData/ds003478/sub-037/eeg/sub-037_task-Rest_run-02_eeg.json,/mnt/datasets_v7/gokul/EEGData/ds003478/sub-037/eeg/sub-037_task-Rest_run-02_channels.tsv,/mnt/datasets_v7/gokul/EEGData/ds003478/sub-037/eeg/sub-037_task-Rest_run-02_events.tsv,2026-06-15T10:41:14
0074,sub-038,544,ds003478,sub-038,,,01,,nan,,,No Interview,INVALID PARTICIPANT,,control,Rest,Rest,,both,500.0,60,489.384,244692,continuous,66,64,2,,,FP1;FPZ;FP2;AF3;AF4;F7;F5;F3;F1;FZ;F2;F4;F6;F8;FT7;FC5;FC3;FC1;FCZ;FC2;FC4;FC6;FT8;T7;C5;C3;C1;CZ;C2;C4;C6;T8;M1;TP7;CP5;CP3;CP1;CPZ;CP2;CP4;CP6;TP8;M2;P7;P5;P3;P1;PZ;P2;P4;P6;P8;PO7;PO5;PO3;POZ;PO4;PO6;PO8;CB1;O1;OZ;O2;CB2;HEOG;VEOG,Between Cz & CPz,AFz,,n/a,,,Neuroscan Synamps2,University of Arizona,Subj scored high on BDI in mass assessment but low when brought into lab.  Run by accident.  Not used in any anlayses ,250.0,0.0,sub-038_task-Rest_run-01_eeg.set,.set,/mnt/datasets_v7/gokul/EEGData/ds003478/sub-038/eeg/sub-038_task-Rest_run-01_eeg.set,/mnt/datasets_v7/gokul/EEGData/ds003478/sub-038,/mnt/datasets_v7/gokul/EEGData/ds003478/sub-038/eeg/sub-038_task-Rest_run-01_eeg.json,/mnt/datasets_v7/gokul/EEGData/ds003478/sub-038/eeg/sub-038_task-Rest_run-01_channels.tsv,/mnt/datasets_v7/gokul/EEGData/ds003478/sub-038/eeg/sub-038_task-Rest_run-01_events.tsv,2026-06-15T10:41:14
0075,sub-038,544,ds003478,sub-038,,,02,,nan,,,No Interview,INVALID PARTICIPANT,,control,Rest,Rest,,both,500.0,60,231.514,115757,continuous,66,64,2,,,FP1;FPZ;FP2;AF3;AF4;F7;F5;F3;F1;FZ;F2;F4;F6;F8;FT7;FC5;FC3;FC1;FCZ;FC2;FC4;FC6;FT8;T7;C5;C3;C1;CZ;C2;C4;C6;T8;M1;TP7;CP5;CP3;CP1;CPZ;CP2;CP4;CP6;TP8;M2;P7;P5;P3;P1;PZ;P2;P4;P6;P8;PO7;PO5;PO3;POZ;PO4;PO6;PO8;CB1;O1;OZ;O2;CB2;HEOG;VEOG,Between Cz & CPz,AFz,,n/a,,,Neuroscan Synamps2,University of Arizona,Subj scored high on BDI in mass assessment but low when brought into lab.  Run by accident.  Not used in any anlayses ,250.0,0.0,sub-038_task-Rest_run-02_eeg.set,.set,/mnt/datasets_v7/gokul/EEGData/ds003478/sub-038/eeg/sub-038_task-Rest_run-02_eeg.set,/mnt/datasets_v7/gokul/EEGData/ds003478/sub-038,/mnt/datasets_v7/gokul/EEGData/ds003478/sub-038/eeg/sub-038_task-Rest_run-02_eeg.json,/mnt/datasets_v7/gokul/EEGData/ds003478/sub-038/eeg/sub-038_task-Rest_run-02_channels.tsv,/mnt/datasets_v7/gokul/EEGData/ds003478/sub-038/eeg/sub-038_task-Rest_run-02_events.tsv,2026-06-15T10:41:14
0076,sub-039,545,ds003478,sub-039,,,01,19,2,0,34,No Interview,,,control,Rest,Rest,,both,500.0,60,496.828,248414,continuous,66,64,2,,,FP1;FPZ;FP2;AF3;AF4;F7;F5;F3;F1;FZ;F2;F4;F6;F8;FT7;FC5;FC3;FC1;FCZ;FC2;FC4;FC6;FT8;T7;C5;C3;C1;CZ;C2;C4;C6;T8;M1;TP7;CP5;CP3;CP1;CPZ;CP2;CP4;CP6;TP8;M2;P7;P5;P3;P1;PZ;P2;P4;P6;P8;PO7;PO5;PO3;POZ;PO4;PO6;PO8;CB1;O1;OZ;O2;CB2;HEOG;VEOG,Between Cz & CPz,AFz,,n/a,,,Neuroscan Synamps2,University of Arizona,~~,250.0,0.0,sub-039_task-Rest_run-01_eeg.set,.set,/mnt/datasets_v7/gokul/EEGData/ds003478/sub-039/eeg/sub-039_task-Rest_run-01_eeg.set,/mnt/datasets_v7/gokul/EEGData/ds003478/sub-039,/mnt/datasets_v7/gokul/EEGData/ds003478/sub-039/eeg/sub-039_task-Rest_run-01_eeg.json,/mnt/datasets_v7/gokul/EEGData/ds003478/sub-039/eeg/sub-039_task-Rest_run-01_channels.tsv,/mnt/datasets_v7/gokul/EEGData/ds003478/sub-039/eeg/sub-039_task-Rest_run-01_events.tsv,2026-06-15T10:41:14
0077,sub-039,545,ds003478,sub-039,,,02,19,2,0,34,No Interview,,,control,Rest,Rest,,both,500.0,60,166.206,83103,continuous,66,64,2,,,FP1;FPZ;FP2;AF3;AF4;F7;F5;F3;F1;FZ;F2;F4;F6;F8;FT7;FC5;FC3;FC1;FCZ;FC2;FC4;FC6;FT8;T7;C5;C3;C1;CZ;C2;C4;C6;T8;M1;TP7;CP5;CP3;CP1;CPZ;CP2;CP4;CP6;TP8;M2;P7;P5;P3;P1;PZ;P2;P4;P6;P8;PO7;PO5;PO3;POZ;PO4;PO6;PO8;CB1;O1;OZ;O2;CB2;HEOG;VEOG,Between Cz & CPz,AFz,,n/a,,,Neuroscan Synamps2,University of Arizona,~~,250.0,0.0,sub-039_task-Rest_run-02_eeg.set,.set,/mnt/datasets_v7/gokul/EEGData/ds003478/sub-039/eeg/sub-039_task-Rest_run-02_eeg.set,/mnt/datasets_v7/gokul/EEGData/ds003478/sub-039,/mnt/datasets_v7/gokul/EEGData/ds003478/sub-039/eeg/sub-039_task-Rest_run-02_eeg.json,/mnt/datasets_v7/gokul/EEGData/ds003478/sub-039/eeg/sub-039_task-Rest_run-02_channels.tsv,/mnt/datasets_v7/gokul/EEGData/ds003478/sub-039/eeg/sub-039_task-Rest_run-02_events.tsv,2026-06-15T10:41:14
0078,sub-040,546,ds003478,sub-040,,,01,20,2,5,29,No Interview,,,control,Rest,Rest,,both,500.0,60,486.428,243214,continuous,66,64,2,,,FP1;FPZ;FP2;AF3;AF4;F7;F5;F3;F1;FZ;F2;F4;F6;F8;FT7;FC5;FC3;FC1;FCZ;FC2;FC4;FC6;FT8;T7;C5;C3;C1;CZ;C2;C4;C6;T8;M1;TP7;CP5;CP3;CP1;CPZ;CP2;CP4;CP6;TP8;M2;P7;P5;P3;P1;PZ;P2;P4;P6;P8;PO7;PO5;PO3;POZ;PO4;PO6;PO8;CB1;O1;OZ;O2;CB2;HEOG;VEOG,Between Cz & CPz,AFz,,n/a,,,Neuroscan Synamps2,University of Arizona,~~,250.0,0.0,sub-040_task-Rest_run-01_eeg.set,.set,/mnt/datasets_v7/gokul/EEGData/ds003478/sub-040/eeg/sub-040_task-Rest_run-01_eeg.set,/mnt/datasets_v7/gokul/EEGData/ds003478/sub-040,/mnt/datasets_v7/gokul/EEGData/ds003478/sub-040/eeg/sub-040_task-Rest_run-01_eeg.json,/mnt/datasets_v7/gokul/EEGData/ds003478/sub-040/eeg/sub-040_task-Rest_run-01_channels.tsv,/mnt/datasets_v7/gokul/EEGData/ds003478/sub-040/eeg/sub-040_task-Rest_run-01_events.tsv,2026-06-15T10:41:14
0079,sub-040,546,ds003478,sub-040,,,02,20,2,5,29,No Interview,,,control,Rest,Rest,,both,500.0,60,165.462,82731,continuous,66,64,2,,,FP1;FPZ;FP2;AF3;AF4;F7;F5;F3;F1;FZ;F2;F4;F6;F8;FT7;FC5;FC3;FC1;FCZ;FC2;FC4;FC6;FT8;T7;C5;C3;C1;CZ;C2;C4;C6;T8;M1;TP7;CP5;CP3;CP1;CPZ;CP2;CP4;CP6;TP8;M2;P7;P5;P3;P1;PZ;P2;P4;P6;P8;PO7;PO5;PO3;POZ;PO4;PO6;PO8;CB1;O1;OZ;O2;CB2;HEOG;VEOG,Between Cz & CPz,AFz,,n/a,,,Neuroscan Synamps2,University of Arizona,~~,250.0,0.0,sub-040_task-Rest_run-02_eeg.set,.set,/mnt/datasets_v7/gokul/EEGData/ds003478/sub-040/eeg/sub-040_task-Rest_run-02_eeg.set,/mnt/datasets_v7/gokul/EEGData/ds003478/sub-040,/mnt/datasets_v7/gokul/EEGData/ds003478/sub-040/eeg/sub-040_task-Rest_run-02_eeg.json,/mnt/datasets_v7/gokul/EEGData/ds003478/sub-040/eeg/sub-040_task-Rest_run-02_channels.tsv,/mnt/datasets_v7/gokul/EEGData/ds003478/sub-040/eeg/sub-040_task-Rest_run-02_events.tsv,2026-06-15T10:41:14
0080,sub-041,547,ds003478,sub-041,,,01,19,2,2,29,No Interview,,,control,Rest,Rest,,both,500.0,60,497.262,248631,continuous,66,64,2,,,FP1;FPZ;FP2;AF3;AF4;F7;F5;F3;F1;FZ;F2;F4;F6;F8;FT7;FC5;FC3;FC1;FCZ;FC2;FC4;FC6;FT8;T7;C5;C3;C1;CZ;C2;C4;C6;T8;M1;TP7;CP5;CP3;CP1;CPZ;CP2;CP4;CP6;TP8;M2;P7;P5;P3;P1;PZ;P2;P4;P6;P8;PO7;PO5;PO3;POZ;PO4;PO6;PO8;CB1;O1;OZ;O2;CB2;HEOG;VEOG,Between Cz & CPz,AFz,,n/a,,,Neuroscan Synamps2,University of Arizona,~~,250.0,0.0,sub-041_task-Rest_run-01_eeg.set,.set,/mnt/datasets_v7/gokul/EEGData/ds003478/sub-041/eeg/sub-041_task-Rest_run-01_eeg.set,/mnt/datasets_v7/gokul/EEGData/ds003478/sub-041,/mnt/datasets_v7/gokul/EEGData/ds003478/sub-041/eeg/sub-041_task-Rest_run-01_eeg.json,/mnt/datasets_v7/gokul/EEGData/ds003478/sub-041/eeg/sub-041_task-Rest_run-01_channels.tsv,/mnt/datasets_v7/gokul/EEGData/ds003478/sub-041/eeg/sub-041_task-Rest_run-01_events.tsv,2026-06-15T10:41:14
0081,sub-041,547,ds003478,sub-041,,,02,19,2,2,29,No Interview,,,control,Rest,Rest,,both,500.0,60,164.702,82351,continuous,66,64,2,,,FP1;FPZ;FP2;AF3;AF4;F7;F5;F3;F1;FZ;F2;F4;F6;F8;FT7;FC5;FC3;FC1;FCZ;FC2;FC4;FC6;FT8;T7;C5;C3;C1;CZ;C2;C4;C6;T8;M1;TP7;CP5;CP3;CP1;CPZ;CP2;CP4;CP6;TP8;M2;P7;P5;P3;P1;PZ;P2;P4;P6;P8;PO7;PO5;PO3;POZ;PO4;PO6;PO8;CB1;O1;OZ;O2;CB2;HEOG;VEOG,Between Cz & CPz,AFz,,n/a,,,Neuroscan Synamps2,University of Arizona,~~,250.0,0.0,sub-041_task-Rest_run-02_eeg.set,.set,/mnt/datasets_v7/gokul/EEGData/ds003478/sub-041/eeg/sub-041_task-Rest_run-02_eeg.set,/mnt/datasets_v7/gokul/EEGData/ds003478/sub-041,/mnt/datasets_v7/gokul/EEGData/ds003478/sub-041/eeg/sub-041_task-Rest_run-02_eeg.json,/mnt/datasets_v7/gokul/EEGData/ds003478/sub-041/eeg/sub-041_task-Rest_run-02_channels.tsv,/mnt/datasets_v7/gokul/EEGData/ds003478/sub-041/eeg/sub-041_task-Rest_run-02_events.tsv,2026-06-15T10:41:14
0082,sub-042,548,ds003478,sub-042,,,01,20,1,3,38,No Interview,,,control,Rest,Rest,,both,500.0,60,506.828,253414,continuous,66,64,2,,,FP1;FPZ;FP2;AF3;AF4;F7;F5;F3;F1;FZ;F2;F4;F6;F8;FT7;FC5;FC3;FC1;FCZ;FC2;FC4;FC6;FT8;T7;C5;C3;C1;CZ;C2;C4;C6;T8;M1;TP7;CP5;CP3;CP1;CPZ;CP2;CP4;CP6;TP8;M2;P7;P5;P3;P1;PZ;P2;P4;P6;P8;PO7;PO5;PO3;POZ;PO4;PO6;PO8;CB1;O1;OZ;O2;CB2;HEOG;VEOG,Between Cz & CPz,AFz,,n/a,,,Neuroscan Synamps2,University of Arizona,~~,250.0,0.0,sub-042_task-Rest_run-01_eeg.set,.set,/mnt/datasets_v7/gokul/EEGData/ds003478/sub-042/eeg/sub-042_task-Rest_run-01_eeg.set,/mnt/datasets_v7/gokul/EEGData/ds003478/sub-042,/mnt/datasets_v7/gokul/EEGData/ds003478/sub-042/eeg/sub-042_task-Rest_run-01_eeg.json,/mnt/datasets_v7/gokul/EEGData/ds003478/sub-042/eeg/sub-042_task-Rest_run-01_channels.tsv,/mnt/datasets_v7/gokul/EEGData/ds003478/sub-042/eeg/sub-042_task-Rest_run-01_events.tsv,2026-06-15T10:41:14
0083,sub-042,548,ds003478,sub-042,,,02,20,1,3,38,No Interview,,,control,Rest,Rest,,both,500.0,60,169.528,84764,continuous,66,64,2,,,FP1;FPZ;FP2;AF3;AF4;F7;F5;F3;F1;FZ;F2;F4;F6;F8;FT7;FC5;FC3;FC1;FCZ;FC2;FC4;FC6;FT8;T7;C5;C3;C1;CZ;C2;C4;C6;T8;M1;TP7;CP5;CP3;CP1;CPZ;CP2;CP4;CP6;TP8;M2;P7;P5;P3;P1;PZ;P2;P4;P6;P8;PO7;PO5;PO3;POZ;PO4;PO6;PO8;CB1;O1;OZ;O2;CB2;HEOG;VEOG,Between Cz & CPz,AFz,,n/a,,,Neuroscan Synamps2,University of Arizona,~~,250.0,0.0,sub-042_task-Rest_run-02_eeg.set,.set,/mnt/datasets_v7/gokul/EEGData/ds003478/sub-042/eeg/sub-042_task-Rest_run-02_eeg.set,/mnt/datasets_v7/gokul/EEGData/ds003478/sub-042,/mnt/datasets_v7/gokul/EEGData/ds003478/sub-042/eeg/sub-042_task-Rest_run-02_eeg.json,/mnt/datasets_v7/gokul/EEGData/ds003478/sub-042/eeg/sub-042_task-Rest_run-02_channels.tsv,/mnt/datasets_v7/gokul/EEGData/ds003478/sub-042/eeg/sub-042_task-Rest_run-02_events.tsv,2026-06-15T10:41:14
0084,sub-043,549,ds003478,sub-043,,,01,18,2,2,33,No Interview,,,control,Rest,Rest,,both,500.0,60,488.028,244014,continuous,66,64,2,,,FP1;FPZ;FP2;AF3;AF4;F7;F5;F3;F1;FZ;F2;F4;F6;F8;FT7;FC5;FC3;FC1;FCZ;FC2;FC4;FC6;FT8;T7;C5;C3;C1;CZ;C2;C4;C6;T8;M1;TP7;CP5;CP3;CP1;CPZ;CP2;CP4;CP6;TP8;M2;P7;P5;P3;P1;PZ;P2;P4;P6;P8;PO7;PO5;PO3;POZ;PO4;PO6;PO8;CB1;O1;OZ;O2;CB2;HEOG;VEOG,Between Cz & CPz,AFz,,n/a,,,Neuroscan Synamps2,University of Arizona,~~,250.0,0.0,sub-043_task-Rest_run-01_eeg.set,.set,/mnt/datasets_v7/gokul/EEGData/ds003478/sub-043/eeg/sub-043_task-Rest_run-01_eeg.set,/mnt/datasets_v7/gokul/EEGData/ds003478/sub-043,/mnt/datasets_v7/gokul/EEGData/ds003478/sub-043/eeg/sub-043_task-Rest_run-01_eeg.json,/mnt/datasets_v7/gokul/EEGData/ds003478/sub-043/eeg/sub-043_task-Rest_run-01_channels.tsv,/mnt/datasets_v7/gokul/EEGData/ds003478/sub-043/eeg/sub-043_task-Rest_run-01_events.tsv,2026-06-15T10:41:14
0085,sub-043,549,ds003478,sub-043,,,02,18,2,2,33,No Interview,,,control,Rest,Rest,,both,500.0,60,165.742,82871,continuous,66,64,2,,,FP1;FPZ;FP2;AF3;AF4;F7;F5;F3;F1;FZ;F2;F4;F6;F8;FT7;FC5;FC3;FC1;FCZ;FC2;FC4;FC6;FT8;T7;C5;C3;C1;CZ;C2;C4;C6;T8;M1;TP7;CP5;CP3;CP1;CPZ;CP2;CP4;CP6;TP8;M2;P7;P5;P3;P1;PZ;P2;P4;P6;P8;PO7;PO5;PO3;POZ;PO4;PO6;PO8;CB1;O1;OZ;O2;CB2;HEOG;VEOG,Between Cz & CPz,AFz,,n/a,,,Neuroscan Synamps2,University of Arizona,~~,250.0,0.0,sub-043_task-Rest_run-02_eeg.set,.set,/mnt/datasets_v7/gokul/EEGData/ds003478/sub-043/eeg/sub-043_task-Rest_run-02_eeg.set,/mnt/datasets_v7/gokul/EEGData/ds003478/sub-043,/mnt/datasets_v7/gokul/EEGData/ds003478/sub-043/eeg/sub-043_task-Rest_run-02_eeg.json,/mnt/datasets_v7/gokul/EEGData/ds003478/sub-043/eeg/sub-043_task-Rest_run-02_channels.tsv,/mnt/datasets_v7/gokul/EEGData/ds003478/sub-043/eeg/sub-043_task-Rest_run-02_events.tsv,2026-06-15T10:41:14
0086,sub-044,550,ds003478,sub-044,,,01,19,2,1,26,No Interview,,,control,Rest,Rest,,both,500.0,60,458.184,229092,continuous,66,64,2,,,FP1;FPZ;FP2;AF3;AF4;F7;F5;F3;F1;FZ;F2;F4;F6;F8;FT7;FC5;FC3;FC1;FCZ;FC2;FC4;FC6;FT8;T7;C5;C3;C1;CZ;C2;C4;C6;T8;M1;TP7;CP5;CP3;CP1;CPZ;CP2;CP4;CP6;TP8;M2;P7;P5;P3;P1;PZ;P2;P4;P6;P8;PO7;PO5;PO3;POZ;PO4;PO6;PO8;CB1;O1;OZ;O2;CB2;HEOG;VEOG,Between Cz & CPz,AFz,,n/a,,,Neuroscan Synamps2,University of Arizona,~~,250.0,0.0,sub-044_task-Rest_run-01_eeg.set,.set,/mnt/datasets_v7/gokul/EEGData/ds003478/sub-044/eeg/sub-044_task-Rest_run-01_eeg.set,/mnt/datasets_v7/gokul/EEGData/ds003478/sub-044,/mnt/datasets_v7/gokul/EEGData/ds003478/sub-044/eeg/sub-044_task-Rest_run-01_eeg.json,/mnt/datasets_v7/gokul/EEGData/ds003478/sub-044/eeg/sub-044_task-Rest_run-01_channels.tsv,/mnt/datasets_v7/gokul/EEGData/ds003478/sub-044/eeg/sub-044_task-Rest_run-01_events.tsv,2026-06-15T10:41:14
0087,sub-044,550,ds003478,sub-044,,,02,19,2,1,26,No Interview,,,control,Rest,Rest,,both,500.0,60,195.742,97871,continuous,66,64,2,,,FP1;FPZ;FP2;AF3;AF4;F7;F5;F3;F1;FZ;F2;F4;F6;F8;FT7;FC5;FC3;FC1;FCZ;FC2;FC4;FC6;FT8;T7;C5;C3;C1;CZ;C2;C4;C6;T8;M1;TP7;CP5;CP3;CP1;CPZ;CP2;CP4;CP6;TP8;M2;P7;P5;P3;P1;PZ;P2;P4;P6;P8;PO7;PO5;PO3;POZ;PO4;PO6;PO8;CB1;O1;OZ;O2;CB2;HEOG;VEOG,Between Cz & CPz,AFz,,n/a,,,Neuroscan Synamps2,University of Arizona,~~,250.0,0.0,sub-044_task-Rest_run-02_eeg.set,.set,/mnt/datasets_v7/gokul/EEGData/ds003478/sub-044/eeg/sub-044_task-Rest_run-02_eeg.set,/mnt/datasets_v7/gokul/EEGData/ds003478/sub-044,/mnt/datasets_v7/gokul/EEGData/ds003478/sub-044/eeg/sub-044_task-Rest_run-02_eeg.json,/mnt/datasets_v7/gokul/EEGData/ds003478/sub-044/eeg/sub-044_task-Rest_run-02_channels.tsv,/mnt/datasets_v7/gokul/EEGData/ds003478/sub-044/eeg/sub-044_task-Rest_run-02_events.tsv,2026-06-15T10:41:14
0088,sub-045,551,ds003478,sub-045,,,01,19,1,2,27,No Interview,,,control,Rest,Rest,,both,500.0,60,488.868,244434,continuous,66,64,2,,,FP1;FPZ;FP2;AF3;AF4;F7;F5;F3;F1;FZ;F2;F4;F6;F8;FT7;FC5;FC3;FC1;FCZ;FC2;FC4;FC6;FT8;T7;C5;C3;C1;CZ;C2;C4;C6;T8;M1;TP7;CP5;CP3;CP1;CPZ;CP2;CP4;CP6;TP8;M2;P7;P5;P3;P1;PZ;P2;P4;P6;P8;PO7;PO5;PO3;POZ;PO4;PO6;PO8;CB1;O1;OZ;O2;CB2;HEOG;VEOG,Between Cz & CPz,AFz,,n/a,,,Neuroscan Synamps2,University of Arizona,~~,250.0,0.0,sub-045_task-Rest_run-01_eeg.set,.set,/mnt/datasets_v7/gokul/EEGData/ds003478/sub-045/eeg/sub-045_task-Rest_run-01_eeg.set,/mnt/datasets_v7/gokul/EEGData/ds003478/sub-045,/mnt/datasets_v7/gokul/EEGData/ds003478/sub-045/eeg/sub-045_task-Rest_run-01_eeg.json,/mnt/datasets_v7/gokul/EEGData/ds003478/sub-045/eeg/sub-045_task-Rest_run-01_channels.tsv,/mnt/datasets_v7/gokul/EEGData/ds003478/sub-045/eeg/sub-045_task-Rest_run-01_events.tsv,2026-06-15T10:41:14
0089,sub-045,551,ds003478,sub-045,,,02,19,1,2,27,No Interview,,,control,Rest,Rest,,both,500.0,60,167.56,83780,continuous,67,64,3,,,FP1;FPZ;FP2;AF3;AF4;F7;F5;F3;F1;FZ;F2;F4;F6;F8;FT7;FC5;FC3;FC1;FCZ;FC2;FC4;FC6;FT8;T7;C5;C3;C1;CZ;C2;C4;C6;T8;M1;TP7;CP5;CP3;CP1;CPZ;CP2;CP4;CP6;TP8;M2;P7;P5;P3;P1;PZ;P2;P4;P6;P8;PO7;PO5;PO3;POZ;PO4;PO6;PO8;CB1;O1;OZ;O2;CB2;HEOG;VEOG;EKG,Between Cz & CPz,AFz,,n/a,,,Neuroscan Synamps2,University of Arizona,~~,250.0,0.0,sub-045_task-Rest_run-02_eeg.set,.set,/mnt/datasets_v7/gokul/EEGData/ds003478/sub-045/eeg/sub-045_task-Rest_run-02_eeg.set,/mnt/datasets_v7/gokul/EEGData/ds003478/sub-045,/mnt/datasets_v7/gokul/EEGData/ds003478/sub-045/eeg/sub-045_task-Rest_run-02_eeg.json,/mnt/datasets_v7/gokul/EEGData/ds003478/sub-045/eeg/sub-045_task-Rest_run-02_channels.tsv,/mnt/datasets_v7/gokul/EEGData/ds003478/sub-045/eeg/sub-045_task-Rest_run-02_events.tsv,2026-06-15T10:41:14
0090,sub-046,552,ds003478,sub-046,,,01,18,2,2,26,No Interview,,,control,Rest,Rest,,both,500.0,60,519.948,259974,continuous,66,64,2,,,FP1;FPZ;FP2;AF3;AF4;F7;F5;F3;F1;FZ;F2;F4;F6;F8;FT7;FC5;FC3;FC1;FCZ;FC2;FC4;FC6;FT8;T7;C5;C3;C1;CZ;C2;C4;C6;T8;M1;TP7;CP5;CP3;CP1;CPZ;CP2;CP4;CP6;TP8;M2;P7;P5;P3;P1;PZ;P2;P4;P6;P8;PO7;PO5;PO3;POZ;PO4;PO6;PO8;CB1;O1;OZ;O2;CB2;HEOG;VEOG,Between Cz & CPz,AFz,,n/a,,,Neuroscan Synamps2,University of Arizona,~~,250.0,0.0,sub-046_task-Rest_run-01_eeg.set,.set,/mnt/datasets_v7/gokul/EEGData/ds003478/sub-046/eeg/sub-046_task-Rest_run-01_eeg.set,/mnt/datasets_v7/gokul/EEGData/ds003478/sub-046,/mnt/datasets_v7/gokul/EEGData/ds003478/sub-046/eeg/sub-046_task-Rest_run-01_eeg.json,/mnt/datasets_v7/gokul/EEGData/ds003478/sub-046/eeg/sub-046_task-Rest_run-01_channels.tsv,/mnt/datasets_v7/gokul/EEGData/ds003478/sub-046/eeg/sub-046_task-Rest_run-01_events.tsv,2026-06-15T10:41:14
0091,sub-046,552,ds003478,sub-046,,,02,18,2,2,26,No Interview,,,control,Rest,Rest,,both,500.0,60,192.982,96491,continuous,66,64,2,,,FP1;FPZ;FP2;AF3;AF4;F7;F5;F3;F1;FZ;F2;F4;F6;F8;FT7;FC5;FC3;FC1;FCZ;FC2;FC4;FC6;FT8;T7;C5;C3;C1;CZ;C2;C4;C6;T8;M1;TP7;CP5;CP3;CP1;CPZ;CP2;CP4;CP6;TP8;M2;P7;P5;P3;P1;PZ;P2;P4;P6;P8;PO7;PO5;PO3;POZ;PO4;PO6;PO8;CB1;O1;OZ;O2;CB2;HEOG;VEOG,Between Cz & CPz,AFz,,n/a,,,Neuroscan Synamps2,University of Arizona,~~,250.0,0.0,sub-046_task-Rest_run-02_eeg.set,.set,/mnt/datasets_v7/gokul/EEGData/ds003478/sub-046/eeg/sub-046_task-Rest_run-02_eeg.set,/mnt/datasets_v7/gokul/EEGData/ds003478/sub-046,/mnt/datasets_v7/gokul/EEGData/ds003478/sub-046/eeg/sub-046_task-Rest_run-02_eeg.json,/mnt/datasets_v7/gokul/EEGData/ds003478/sub-046/eeg/sub-046_task-Rest_run-02_channels.tsv,/mnt/datasets_v7/gokul/EEGData/ds003478/sub-046/eeg/sub-046_task-Rest_run-02_events.tsv,2026-06-15T10:41:14
0092,sub-047,553,ds003478,sub-047,,,01,19,2,4,34,No Interview,,,control,Rest,Rest,,both,500.0,60,524.708,262354,continuous,66,64,2,,,FP1;FPZ;FP2;AF3;AF4;F7;F5;F3;F1;FZ;F2;F4;F6;F8;FT7;FC5;FC3;FC1;FCZ;FC2;FC4;FC6;FT8;T7;C5;C3;C1;CZ;C2;C4;C6;T8;M1;TP7;CP5;CP3;CP1;CPZ;CP2;CP4;CP6;TP8;M2;P7;P5;P3;P1;PZ;P2;P4;P6;P8;PO7;PO5;PO3;POZ;PO4;PO6;PO8;CB1;O1;OZ;O2;CB2;HEOG;VEOG,Between Cz & CPz,AFz,,n/a,,,Neuroscan Synamps2,University of Arizona,~~,250.0,0.0,sub-047_task-Rest_run-01_eeg.set,.set,/mnt/datasets_v7/gokul/EEGData/ds003478/sub-047/eeg/sub-047_task-Rest_run-01_eeg.set,/mnt/datasets_v7/gokul/EEGData/ds003478/sub-047,/mnt/datasets_v7/gokul/EEGData/ds003478/sub-047/eeg/sub-047_task-Rest_run-01_eeg.json,/mnt/datasets_v7/gokul/EEGData/ds003478/sub-047/eeg/sub-047_task-Rest_run-01_channels.tsv,/mnt/datasets_v7/gokul/EEGData/ds003478/sub-047/eeg/sub-047_task-Rest_run-01_events.tsv,2026-06-15T10:41:14
0093,sub-047,553,ds003478,sub-047,,,02,19,2,4,34,No Interview,,,control,Rest,Rest,,both,500.0,60,143.294,71647,continuous,66,64,2,,,FP1;FPZ;FP2;AF3;AF4;F7;F5;F3;F1;FZ;F2;F4;F6;F8;FT7;FC5;FC3;FC1;FCZ;FC2;FC4;FC6;FT8;T7;C5;C3;C1;CZ;C2;C4;C6;T8;M1;TP7;CP5;CP3;CP1;CPZ;CP2;CP4;CP6;TP8;M2;P7;P5;P3;P1;PZ;P2;P4;P6;P8;PO7;PO5;PO3;POZ;PO4;PO6;PO8;CB1;O1;OZ;O2;CB2;HEOG;VEOG,Between Cz & CPz,AFz,,n/a,,,Neuroscan Synamps2,University of Arizona,~~,250.0,0.0,sub-047_task-Rest_run-02_eeg.set,.set,/mnt/datasets_v7/gokul/EEGData/ds003478/sub-047/eeg/sub-047_task-Rest_run-02_eeg.set,/mnt/datasets_v7/gokul/EEGData/ds003478/sub-047,/mnt/datasets_v7/gokul/EEGData/ds003478/sub-047/eeg/sub-047_task-Rest_run-02_eeg.json,/mnt/datasets_v7/gokul/EEGData/ds003478/sub-047/eeg/sub-047_task-Rest_run-02_channels.tsv,/mnt/datasets_v7/gokul/EEGData/ds003478/sub-047/eeg/sub-047_task-Rest_run-02_events.tsv,2026-06-15T10:41:14
0094,sub-048,554,ds003478,sub-048,,,01,19,1,1,38,No Interview,,,control,Rest,Rest,,both,500.0,60,534.72,267360,continuous,67,64,3,,,FP1;FPZ;FP2;AF3;AF4;F7;F5;F3;F1;FZ;F2;F4;F6;F8;FT7;FC5;FC3;FC1;FCZ;FC2;FC4;FC6;FT8;T7;C5;C3;C1;CZ;C2;C4;C6;T8;M1;TP7;CP5;CP3;CP1;CPZ;CP2;CP4;CP6;TP8;M2;P7;P5;P3;P1;PZ;P2;P4;P6;P8;PO7;PO5;PO3;POZ;PO4;PO6;PO8;CB1;O1;OZ;O2;CB2;HEOG;VEOG;EKG,Between Cz & CPz,AFz,,n/a,,,Neuroscan Synamps2,University of Arizona,~~,250.0,0.0,sub-048_task-Rest_run-01_eeg.set,.set,/mnt/datasets_v7/gokul/EEGData/ds003478/sub-048/eeg/sub-048_task-Rest_run-01_eeg.set,/mnt/datasets_v7/gokul/EEGData/ds003478/sub-048,/mnt/datasets_v7/gokul/EEGData/ds003478/sub-048/eeg/sub-048_task-Rest_run-01_eeg.json,/mnt/datasets_v7/gokul/EEGData/ds003478/sub-048/eeg/sub-048_task-Rest_run-01_channels.tsv,/mnt/datasets_v7/gokul/EEGData/ds003478/sub-048/eeg/sub-048_task-Rest_run-01_events.tsv,2026-06-15T10:41:14
0095,sub-048,554,ds003478,sub-048,,,02,19,1,1,38,No Interview,,,control,Rest,Rest,,both,500.0,60,237.824,118912,continuous,66,64,2,,,FP1;FPZ;FP2;AF3;AF4;F7;F5;F3;F1;FZ;F2;F4;F6;F8;FT7;FC5;FC3;FC1;FCZ;FC2;FC4;FC6;FT8;T7;C5;C3;C1;CZ;C2;C4;C6;T8;M1;TP7;CP5;CP3;CP1;CPZ;CP2;CP4;CP6;TP8;M2;P7;P5;P3;P1;PZ;P2;P4;P6;P8;PO7;PO5;PO3;POZ;PO4;PO6;PO8;CB1;O1;OZ;O2;CB2;HEOG;VEOG,Between Cz & CPz,AFz,,n/a,,,Neuroscan Synamps2,University of Arizona,~~,250.0,0.0,sub-048_task-Rest_run-02_eeg.set,.set,/mnt/datasets_v7/gokul/EEGData/ds003478/sub-048/eeg/sub-048_task-Rest_run-02_eeg.set,/mnt/datasets_v7/gokul/EEGData/ds003478/sub-048,/mnt/datasets_v7/gokul/EEGData/ds003478/sub-048/eeg/sub-048_task-Rest_run-02_eeg.json,/mnt/datasets_v7/gokul/EEGData/ds003478/sub-048/eeg/sub-048_task-Rest_run-02_channels.tsv,/mnt/datasets_v7/gokul/EEGData/ds003478/sub-048/eeg/sub-048_task-Rest_run-02_events.tsv,2026-06-15T10:41:14
0096,sub-049,555,ds003478,sub-049,,,01,18,1,1,29,No Interview,,,control,Rest,Rest,,both,500.0,60,505.59,252795,continuous,66,64,2,,,FP1;FPZ;FP2;AF3;AF4;F7;F5;F3;F1;FZ;F2;F4;F6;F8;FT7;FC5;FC3;FC1;FCZ;FC2;FC4;FC6;FT8;T7;C5;C3;C1;CZ;C2;C4;C6;T8;M1;TP7;CP5;CP3;CP1;CPZ;CP2;CP4;CP6;TP8;M2;P7;P5;P3;P1;PZ;P2;P4;P6;P8;PO7;PO5;PO3;POZ;PO4;PO6;PO8;CB1;O1;OZ;O2;CB2;HEOG;VEOG,Between Cz & CPz,AFz,,n/a,,,Neuroscan Synamps2,University of Arizona,~~,250.0,0.0,sub-049_task-Rest_run-01_eeg.set,.set,/mnt/datasets_v7/gokul/EEGData/ds003478/sub-049/eeg/sub-049_task-Rest_run-01_eeg.set,/mnt/datasets_v7/gokul/EEGData/ds003478/sub-049,/mnt/datasets_v7/gokul/EEGData/ds003478/sub-049/eeg/sub-049_task-Rest_run-01_eeg.json,/mnt/datasets_v7/gokul/EEGData/ds003478/sub-049/eeg/sub-049_task-Rest_run-01_channels.tsv,/mnt/datasets_v7/gokul/EEGData/ds003478/sub-049/eeg/sub-049_task-Rest_run-01_events.tsv,2026-06-15T10:41:14
0097,sub-049,555,ds003478,sub-049,,,02,18,1,1,29,No Interview,,,control,Rest,Rest,,both,500.0,60,169.024,84512,continuous,66,64,2,,,FP1;FPZ;FP2;AF3;AF4;F7;F5;F3;F1;FZ;F2;F4;F6;F8;FT7;FC5;FC3;FC1;FCZ;FC2;FC4;FC6;FT8;T7;C5;C3;C1;CZ;C2;C4;C6;T8;M1;TP7;CP5;CP3;CP1;CPZ;CP2;CP4;CP6;TP8;M2;P7;P5;P3;P1;PZ;P2;P4;P6;P8;PO7;PO5;PO3;POZ;PO4;PO6;PO8;CB1;O1;OZ;O2;CB2;HEOG;VEOG,Between Cz & CPz,AFz,,n/a,,,Neuroscan Synamps2,University of Arizona,~~,250.0,0.0,sub-049_task-Rest_run-02_eeg.set,.set,/mnt/datasets_v7/gokul/EEGData/ds003478/sub-049/eeg/sub-049_task-Rest_run-02_eeg.set,/mnt/datasets_v7/gokul/EEGData/ds003478/sub-049,/mnt/datasets_v7/gokul/EEGData/ds003478/sub-049/eeg/sub-049_task-Rest_run-02_eeg.json,/mnt/datasets_v7/gokul/EEGData/ds003478/sub-049/eeg/sub-049_task-Rest_run-02_channels.tsv,/mnt/datasets_v7/gokul/EEGData/ds003478/sub-049/eeg/sub-049_task-Rest_run-02_events.tsv,2026-06-15T10:41:14
0098,sub-050,556,ds003478,sub-050,,,01,19,1,2,35,No Interview,,,control,Rest,Rest,,,500.0,60,485.64,242820,continuous,66,64,2,,,FP1;FPZ;FP2;AF3;AF4;F7;F5;F3;F1;FZ;F2;F4;F6;F8;FT7;FC5;FC3;FC1;FCZ;FC2;FC4;FC6;FT8;T7;C5;C3;C1;CZ;C2;C4;C6;T8;M1;TP7;CP5;CP3;CP1;CPZ;CP2;CP4;CP6;TP8;M2;P7;P5;P3;P1;PZ;P2;P4;P6;P8;PO7;PO5;PO3;POZ;PO4;PO6;PO8;CB1;O1;OZ;O2;CB2;HEOG;VEOG,Between Cz & CPz,AFz,,n/a,,,Neuroscan Synamps2,University of Arizona,~~,250.0,0.0,sub-050_task-Rest_run-01_eeg.set,.set,/mnt/datasets_v7/gokul/EEGData/ds003478/sub-050/eeg/sub-050_task-Rest_run-01_eeg.set,/mnt/datasets_v7/gokul/EEGData/ds003478/sub-050,/mnt/datasets_v7/gokul/EEGData/ds003478/sub-050/eeg/sub-050_task-Rest_run-01_eeg.json,/mnt/datasets_v7/gokul/EEGData/ds003478/sub-050/eeg/sub-050_task-Rest_run-01_channels.tsv,/mnt/datasets_v7/gokul/EEGData/ds003478/sub-050/eeg/sub-050_task-Rest_run-01_events.tsv,2026-06-15T10:41:14
0099,sub-050,556,ds003478,sub-050,,,02,19,1,2,35,No Interview,,,control,Rest,Rest,,both,500.0,60,269.744,134872,continuous,66,64,2,,,FP1;FPZ;FP2;AF3;AF4;F7;F5;F3;F1;FZ;F2;F4;F6;F8;FT7;FC5;FC3;FC1;FCZ;FC2;FC4;FC6;FT8;T7;C5;C3;C1;CZ;C2;C4;C6;T8;M1;TP7;CP5;CP3;CP1;CPZ;CP2;CP4;CP6;TP8;M2;P7;P5;P3;P1;PZ;P2;P4;P6;P8;PO7;PO5;PO3;POZ;PO4;PO6;PO8;CB1;O1;OZ;O2;CB2;HEOG;VEOG,Between Cz & CPz,AFz,,n/a,,,Neuroscan Synamps2,University of Arizona,~~,250.0,0.0,sub-050_task-Rest_run-02_eeg.set,.set,/mnt/datasets_v7/gokul/EEGData/ds003478/sub-050/eeg/sub-050_task-Rest_run-02_eeg.set,/mnt/datasets_v7/gokul/EEGData/ds003478/sub-050,/mnt/datasets_v7/gokul/EEGData/ds003478/sub-050/eeg/sub-050_task-Rest_run-02_eeg.json,/mnt/datasets_v7/gokul/EEGData/ds003478/sub-050/eeg/sub-050_task-Rest_run-02_channels.tsv,/mnt/datasets_v7/gokul/EEGData/ds003478/sub-050/eeg/sub-050_task-Rest_run-02_events.tsv,2026-06-15T10:41:14
0100,sub-051,557,ds003478,sub-051,,,01,19,2,3,27,No Interview,,,control,Rest,Rest,,both,500.0,60,483.44,241720,continuous,67,64,3,,,FP1;FPZ;FP2;AF3;AF4;F7;F5;F3;F1;FZ;F2;F4;F6;F8;FT7;FC5;FC3;FC1;FCZ;FC2;FC4;FC6;FT8;T7;C5;C3;C1;CZ;C2;C4;C6;T8;M1;TP7;CP5;CP3;CP1;CPZ;CP2;CP4;CP6;TP8;M2;P7;P5;P3;P1;PZ;P2;P4;P6;P8;PO7;PO5;PO3;POZ;PO4;PO6;PO8;CB1;O1;OZ;O2;CB2;HEOG;VEOG;EKG,Between Cz & CPz,AFz,,n/a,,,Neuroscan Synamps2,University of Arizona,~~,250.0,0.0,sub-051_task-Rest_run-01_eeg.set,.set,/mnt/datasets_v7/gokul/EEGData/ds003478/sub-051/eeg/sub-051_task-Rest_run-01_eeg.set,/mnt/datasets_v7/gokul/EEGData/ds003478/sub-051,/mnt/datasets_v7/gokul/EEGData/ds003478/sub-051/eeg/sub-051_task-Rest_run-01_eeg.json,/mnt/datasets_v7/gokul/EEGData/ds003478/sub-051/eeg/sub-051_task-Rest_run-01_channels.tsv,/mnt/datasets_v7/gokul/EEGData/ds003478/sub-051/eeg/sub-051_task-Rest_run-01_events.tsv,2026-06-15T10:41:14
0101,sub-051,557,ds003478,sub-051,,,02,19,2,3,27,No Interview,,,control,Rest,Rest,,both,500.0,60,199.32,99660,continuous,66,64,2,,,FP1;FPZ;FP2;AF3;AF4;F7;F5;F3;F1;FZ;F2;F4;F6;F8;FT7;FC5;FC3;FC1;FCZ;FC2;FC4;FC6;FT8;T7;C5;C3;C1;CZ;C2;C4;C6;T8;M1;TP7;CP5;CP3;CP1;CPZ;CP2;CP4;CP6;TP8;M2;P7;P5;P3;P1;PZ;P2;P4;P6;P8;PO7;PO5;PO3;POZ;PO4;PO6;PO8;CB1;O1;OZ;O2;CB2;HEOG;VEOG,Between Cz & CPz,AFz,,n/a,,,Neuroscan Synamps2,University of Arizona,~~,250.0,0.0,sub-051_task-Rest_run-02_eeg.set,.set,/mnt/datasets_v7/gokul/EEGData/ds003478/sub-051/eeg/sub-051_task-Rest_run-02_eeg.set,/mnt/datasets_v7/gokul/EEGData/ds003478/sub-051,/mnt/datasets_v7/gokul/EEGData/ds003478/sub-051/eeg/sub-051_task-Rest_run-02_eeg.json,/mnt/datasets_v7/gokul/EEGData/ds003478/sub-051/eeg/sub-051_task-Rest_run-02_channels.tsv,/mnt/datasets_v7/gokul/EEGData/ds003478/sub-051/eeg/sub-051_task-Rest_run-02_events.tsv,2026-06-15T10:41:14
0102,sub-052,558,ds003478,sub-052,,,01,18,1,29,51,Do not meet criterion for current or past MDD,nothing,7,mdd,Rest,Rest,,both,500.0,60,450.94,225470,continuous,66,64,2,,,FP1;FPZ;FP2;AF3;AF4;F7;F5;F3;F1;FZ;F2;F4;F6;F8;FT7;FC5;FC3;FC1;FCZ;FC2;FC4;FC6;FT8;T7;C5;C3;C1;CZ;C2;C4;C6;T8;M1;TP7;CP5;CP3;CP1;CPZ;CP2;CP4;CP6;TP8;M2;P7;P5;P3;P1;PZ;P2;P4;P6;P8;PO7;PO5;PO3;POZ;PO4;PO6;PO8;CB1;O1;OZ;O2;CB2;HEOG;VEOG,Between Cz & CPz,AFz,,n/a,,,Neuroscan Synamps2,University of Arizona,~~,250.0,0.0,sub-052_task-Rest_run-01_eeg.set,.set,/mnt/datasets_v7/gokul/EEGData/ds003478/sub-052/eeg/sub-052_task-Rest_run-01_eeg.set,/mnt/datasets_v7/gokul/EEGData/ds003478/sub-052,/mnt/datasets_v7/gokul/EEGData/ds003478/sub-052/eeg/sub-052_task-Rest_run-01_eeg.json,/mnt/datasets_v7/gokul/EEGData/ds003478/sub-052/eeg/sub-052_task-Rest_run-01_channels.tsv,/mnt/datasets_v7/gokul/EEGData/ds003478/sub-052/eeg/sub-052_task-Rest_run-01_events.tsv,2026-06-15T10:41:14
0103,sub-052,558,ds003478,sub-052,,,02,18,1,29,51,Do not meet criterion for current or past MDD,nothing,7,mdd,Rest,Rest,,both,500.0,60,160.704,80352,continuous,66,64,2,,,FP1;FPZ;FP2;AF3;AF4;F7;F5;F3;F1;FZ;F2;F4;F6;F8;FT7;FC5;FC3;FC1;FCZ;FC2;FC4;FC6;FT8;T7;C5;C3;C1;CZ;C2;C4;C6;T8;M1;TP7;CP5;CP3;CP1;CPZ;CP2;CP4;CP6;TP8;M2;P7;P5;P3;P1;PZ;P2;P4;P6;P8;PO7;PO5;PO3;POZ;PO4;PO6;PO8;CB1;O1;OZ;O2;CB2;HEOG;VEOG,Between Cz & CPz,AFz,,n/a,,,Neuroscan Synamps2,University of Arizona,~~,250.0,0.0,sub-052_task-Rest_run-02_eeg.set,.set,/mnt/datasets_v7/gokul/EEGData/ds003478/sub-052/eeg/sub-052_task-Rest_run-02_eeg.set,/mnt/datasets_v7/gokul/EEGData/ds003478/sub-052,/mnt/datasets_v7/gokul/EEGData/ds003478/sub-052/eeg/sub-052_task-Rest_run-02_eeg.json,/mnt/datasets_v7/gokul/EEGData/ds003478/sub-052/eeg/sub-052_task-Rest_run-02_channels.tsv,/mnt/datasets_v7/gokul/EEGData/ds003478/sub-052/eeg/sub-052_task-Rest_run-02_events.tsv,2026-06-15T10:41:14
0104,sub-053,559,ds003478,sub-053,,,01,19,2,25,69,Current MDD,MDD (mel+),7,mdd,Rest,Rest,,both,500.0,60,490.16,245080,continuous,67,64,3,,,FP1;FPZ;FP2;AF3;AF4;F7;F5;F3;F1;FZ;F2;F4;F6;F8;FT7;FC5;FC3;FC1;FCZ;FC2;FC4;FC6;FT8;T7;C5;C3;C1;CZ;C2;C4;C6;T8;M1;TP7;CP5;CP3;CP1;CPZ;CP2;CP4;CP6;TP8;M2;P7;P5;P3;P1;PZ;P2;P4;P6;P8;PO7;PO5;PO3;POZ;PO4;PO6;PO8;CB1;O1;OZ;O2;CB2;HEOG;VEOG;EKG,Between Cz & CPz,AFz,,n/a,,,Neuroscan Synamps2,University of Arizona,~~,250.0,0.0,sub-053_task-Rest_run-01_eeg.set,.set,/mnt/datasets_v7/gokul/EEGData/ds003478/sub-053/eeg/sub-053_task-Rest_run-01_eeg.set,/mnt/datasets_v7/gokul/EEGData/ds003478/sub-053,/mnt/datasets_v7/gokul/EEGData/ds003478/sub-053/eeg/sub-053_task-Rest_run-01_eeg.json,/mnt/datasets_v7/gokul/EEGData/ds003478/sub-053/eeg/sub-053_task-Rest_run-01_channels.tsv,/mnt/datasets_v7/gokul/EEGData/ds003478/sub-053/eeg/sub-053_task-Rest_run-01_events.tsv,2026-06-15T10:41:14
0105,sub-053,559,ds003478,sub-053,,,02,19,2,25,69,Current MDD,MDD (mel+),7,mdd,Rest,Rest,,both,500.0,60,171.04,85520,continuous,67,64,3,,,FP1;FPZ;FP2;AF3;AF4;F7;F5;F3;F1;FZ;F2;F4;F6;F8;FT7;FC5;FC3;FC1;FCZ;FC2;FC4;FC6;FT8;T7;C5;C3;C1;CZ;C2;C4;C6;T8;M1;TP7;CP5;CP3;CP1;CPZ;CP2;CP4;CP6;TP8;M2;P7;P5;P3;P1;PZ;P2;P4;P6;P8;PO7;PO5;PO3;POZ;PO4;PO6;PO8;CB1;O1;OZ;O2;CB2;HEOG;VEOG;EKG,Between Cz & CPz,AFz,,n/a,,,Neuroscan Synamps2,University of Arizona,~~,250.0,0.0,sub-053_task-Rest_run-02_eeg.set,.set,/mnt/datasets_v7/gokul/EEGData/ds003478/sub-053/eeg/sub-053_task-Rest_run-02_eeg.set,/mnt/datasets_v7/gokul/EEGData/ds003478/sub-053,/mnt/datasets_v7/gokul/EEGData/ds003478/sub-053/eeg/sub-053_task-Rest_run-02_eeg.json,/mnt/datasets_v7/gokul/EEGData/ds003478/sub-053/eeg/sub-053_task-Rest_run-02_channels.tsv,/mnt/datasets_v7/gokul/EEGData/ds003478/sub-053/eeg/sub-053_task-Rest_run-02_events.tsv,2026-06-15T10:41:14
0106,sub-054,560,ds003478,sub-054,,,01,19,1,0,22,No Interview,,,control,Rest,Rest,,both,500.0,60,478.862,239431,continuous,67,64,3,,,FP1;FPZ;FP2;AF3;AF4;F7;F5;F3;F1;FZ;F2;F4;F6;F8;FT7;FC5;FC3;FC1;FCZ;FC2;FC4;FC6;FT8;T7;C5;C3;C1;CZ;C2;C4;C6;T8;M1;TP7;CP5;CP3;CP1;CPZ;CP2;CP4;CP6;TP8;M2;P7;P5;P3;P1;PZ;P2;P4;P6;P8;PO7;PO5;PO3;POZ;PO4;PO6;PO8;CB1;O1;OZ;O2;CB2;HEOG;VEOG;EKG,Between Cz & CPz,AFz,,n/a,,,Neuroscan Synamps2,University of Arizona,~~,250.0,0.0,sub-054_task-Rest_run-01_eeg.set,.set,/mnt/datasets_v7/gokul/EEGData/ds003478/sub-054/eeg/sub-054_task-Rest_run-01_eeg.set,/mnt/datasets_v7/gokul/EEGData/ds003478/sub-054,/mnt/datasets_v7/gokul/EEGData/ds003478/sub-054/eeg/sub-054_task-Rest_run-01_eeg.json,/mnt/datasets_v7/gokul/EEGData/ds003478/sub-054/eeg/sub-054_task-Rest_run-01_channels.tsv,/mnt/datasets_v7/gokul/EEGData/ds003478/sub-054/eeg/sub-054_task-Rest_run-01_events.tsv,2026-06-15T10:41:14
0107,sub-054,560,ds003478,sub-054,,,02,19,1,0,22,No Interview,,,control,Rest,Rest,,both,500.0,60,220.4,110200,continuous,67,64,3,,,FP1;FPZ;FP2;AF3;AF4;F7;F5;F3;F1;FZ;F2;F4;F6;F8;FT7;FC5;FC3;FC1;FCZ;FC2;FC4;FC6;FT8;T7;C5;C3;C1;CZ;C2;C4;C6;T8;M1;TP7;CP5;CP3;CP1;CPZ;CP2;CP4;CP6;TP8;M2;P7;P5;P3;P1;PZ;P2;P4;P6;P8;PO7;PO5;PO3;POZ;PO4;PO6;PO8;CB1;O1;OZ;O2;CB2;HEOG;VEOG;EKG,Between Cz & CPz,AFz,,n/a,,,Neuroscan Synamps2,University of Arizona,~~,250.0,0.0,sub-054_task-Rest_run-02_eeg.set,.set,/mnt/datasets_v7/gokul/EEGData/ds003478/sub-054/eeg/sub-054_task-Rest_run-02_eeg.set,/mnt/datasets_v7/gokul/EEGData/ds003478/sub-054,/mnt/datasets_v7/gokul/EEGData/ds003478/sub-054/eeg/sub-054_task-Rest_run-02_eeg.json,/mnt/datasets_v7/gokul/EEGData/ds003478/sub-054/eeg/sub-054_task-Rest_run-02_channels.tsv,/mnt/datasets_v7/gokul/EEGData/ds003478/sub-054/eeg/sub-054_task-Rest_run-02_events.tsv,2026-06-15T10:41:14
0108,sub-055,561,ds003478,sub-055,,,01,19,1,27,54,Current MDD,"MDD; panic, OC(compulsions)",20,mdd,Rest,Rest,,both,500.0,60,498.31,249155,continuous,67,64,3,,,FP1;FPZ;FP2;AF3;AF4;F7;F5;F3;F1;FZ;F2;F4;F6;F8;FT7;FC5;FC3;FC1;FCZ;FC2;FC4;FC6;FT8;T7;C5;C3;C1;CZ;C2;C4;C6;T8;M1;TP7;CP5;CP3;CP1;CPZ;CP2;CP4;CP6;TP8;M2;P7;P5;P3;P1;PZ;P2;P4;P6;P8;PO7;PO5;PO3;POZ;PO4;PO6;PO8;CB1;O1;OZ;O2;CB2;HEOG;VEOG;EKG,Between Cz & CPz,AFz,,n/a,,,Neuroscan Synamps2,University of Arizona,~~,250.0,0.0,sub-055_task-Rest_run-01_eeg.set,.set,/mnt/datasets_v7/gokul/EEGData/ds003478/sub-055/eeg/sub-055_task-Rest_run-01_eeg.set,/mnt/datasets_v7/gokul/EEGData/ds003478/sub-055,/mnt/datasets_v7/gokul/EEGData/ds003478/sub-055/eeg/sub-055_task-Rest_run-01_eeg.json,/mnt/datasets_v7/gokul/EEGData/ds003478/sub-055/eeg/sub-055_task-Rest_run-01_channels.tsv,/mnt/datasets_v7/gokul/EEGData/ds003478/sub-055/eeg/sub-055_task-Rest_run-01_events.tsv,2026-06-15T10:41:14
0109,sub-055,561,ds003478,sub-055,,,02,19,1,27,54,Current MDD,"MDD; panic, OC(compulsions)",20,mdd,Rest,Rest,,both,500.0,60,177.192,88596,continuous,67,64,3,,,FP1;FPZ;FP2;AF3;AF4;F7;F5;F3;F1;FZ;F2;F4;F6;F8;FT7;FC5;FC3;FC1;FCZ;FC2;FC4;FC6;FT8;T7;C5;C3;C1;CZ;C2;C4;C6;T8;M1;TP7;CP5;CP3;CP1;CPZ;CP2;CP4;CP6;TP8;M2;P7;P5;P3;P1;PZ;P2;P4;P6;P8;PO7;PO5;PO3;POZ;PO4;PO6;PO8;CB1;O1;OZ;O2;CB2;HEOG;VEOG;EKG,Between Cz & CPz,AFz,,n/a,,,Neuroscan Synamps2,University of Arizona,~~,250.0,0.0,sub-055_task-Rest_run-02_eeg.set,.set,/mnt/datasets_v7/gokul/EEGData/ds003478/sub-055/eeg/sub-055_task-Rest_run-02_eeg.set,/mnt/datasets_v7/gokul/EEGData/ds003478/sub-055,/mnt/datasets_v7/gokul/EEGData/ds003478/sub-055/eeg/sub-055_task-Rest_run-02_eeg.json,/mnt/datasets_v7/gokul/EEGData/ds003478/sub-055/eeg/sub-055_task-Rest_run-02_channels.tsv,/mnt/datasets_v7/gokul/EEGData/ds003478/sub-055/eeg/sub-055_task-Rest_run-02_events.tsv,2026-06-15T10:41:14
0110,sub-056,562,ds003478,sub-056,,,01,20,1,0,25,No Interview,,,control,Rest,Rest,,both,500.0,60,479.48,239740,continuous,67,64,3,,,FP1;FPZ;FP2;AF3;AF4;F7;F5;F3;F1;FZ;F2;F4;F6;F8;FT7;FC5;FC3;FC1;FCZ;FC2;FC4;FC6;FT8;T7;C5;C3;C1;CZ;C2;C4;C6;T8;M1;TP7;CP5;CP3;CP1;CPZ;CP2;CP4;CP6;TP8;M2;P7;P5;P3;P1;PZ;P2;P4;P6;P8;PO7;PO5;PO3;POZ;PO4;PO6;PO8;CB1;O1;OZ;O2;CB2;HEOG;VEOG;EKG,Between Cz & CPz,AFz,,n/a,,,Neuroscan Synamps2,University of Arizona,~~,250.0,0.0,sub-056_task-Rest_run-01_eeg.set,.set,/mnt/datasets_v7/gokul/EEGData/ds003478/sub-056/eeg/sub-056_task-Rest_run-01_eeg.set,/mnt/datasets_v7/gokul/EEGData/ds003478/sub-056,/mnt/datasets_v7/gokul/EEGData/ds003478/sub-056/eeg/sub-056_task-Rest_run-01_eeg.json,/mnt/datasets_v7/gokul/EEGData/ds003478/sub-056/eeg/sub-056_task-Rest_run-01_channels.tsv,/mnt/datasets_v7/gokul/EEGData/ds003478/sub-056/eeg/sub-056_task-Rest_run-01_events.tsv,2026-06-15T10:41:14
0111,sub-056,562,ds003478,sub-056,,,02,20,1,0,25,No Interview,,,control,Rest,Rest,,both,500.0,60,168.224,84112,continuous,67,64,3,,,FP1;FPZ;FP2;AF3;AF4;F7;F5;F3;F1;FZ;F2;F4;F6;F8;FT7;FC5;FC3;FC1;FCZ;FC2;FC4;FC6;FT8;T7;C5;C3;C1;CZ;C2;C4;C6;T8;M1;TP7;CP5;CP3;CP1;CPZ;CP2;CP4;CP6;TP8;M2;P7;P5;P3;P1;PZ;P2;P4;P6;P8;PO7;PO5;PO3;POZ;PO4;PO6;PO8;CB1;O1;OZ;O2;CB2;HEOG;VEOG;EKG,Between Cz & CPz,AFz,,n/a,,,Neuroscan Synamps2,University of Arizona,~~,250.0,0.0,sub-056_task-Rest_run-02_eeg.set,.set,/mnt/datasets_v7/gokul/EEGData/ds003478/sub-056/eeg/sub-056_task-Rest_run-02_eeg.set,/mnt/datasets_v7/gokul/EEGData/ds003478/sub-056,/mnt/datasets_v7/gokul/EEGData/ds003478/sub-056/eeg/sub-056_task-Rest_run-02_eeg.json,/mnt/datasets_v7/gokul/EEGData/ds003478/sub-056/eeg/sub-056_task-Rest_run-02_channels.tsv,/mnt/datasets_v7/gokul/EEGData/ds003478/sub-056/eeg/sub-056_task-Rest_run-02_events.tsv,2026-06-15T10:41:14
0112,sub-057,563,ds003478,sub-057,,,01,18,1,0,27,No Interview,,,control,Rest,Rest,,both,500.0,60,474.16,237080,continuous,67,64,3,,,FP1;FPZ;FP2;AF3;AF4;F7;F5;F3;F1;FZ;F2;F4;F6;F8;FT7;FC5;FC3;FC1;FCZ;FC2;FC4;FC6;FT8;T7;C5;C3;C1;CZ;C2;C4;C6;T8;M1;TP7;CP5;CP3;CP1;CPZ;CP2;CP4;CP6;TP8;M2;P7;P5;P3;P1;PZ;P2;P4;P6;P8;PO7;PO5;PO3;POZ;PO4;PO6;PO8;CB1;O1;OZ;O2;CB2;HEOG;VEOG;EKG,Between Cz & CPz,AFz,,n/a,,,Neuroscan Synamps2,University of Arizona,~~,250.0,0.0,sub-057_task-Rest_run-01_eeg.set,.set,/mnt/datasets_v7/gokul/EEGData/ds003478/sub-057/eeg/sub-057_task-Rest_run-01_eeg.set,/mnt/datasets_v7/gokul/EEGData/ds003478/sub-057,/mnt/datasets_v7/gokul/EEGData/ds003478/sub-057/eeg/sub-057_task-Rest_run-01_eeg.json,/mnt/datasets_v7/gokul/EEGData/ds003478/sub-057/eeg/sub-057_task-Rest_run-01_channels.tsv,/mnt/datasets_v7/gokul/EEGData/ds003478/sub-057/eeg/sub-057_task-Rest_run-01_events.tsv,2026-06-15T10:41:14
0113,sub-057,563,ds003478,sub-057,,,02,18,1,0,27,No Interview,,,control,Rest,Rest,,both,500.0,60,173.112,86556,continuous,66,64,2,,,FP1;FPZ;FP2;AF3;AF4;F7;F5;F3;F1;FZ;F2;F4;F6;F8;FT7;FC5;FC3;FC1;FCZ;FC2;FC4;FC6;FT8;T7;C5;C3;C1;CZ;C2;C4;C6;T8;M1;TP7;CP5;CP3;CP1;CPZ;CP2;CP4;CP6;TP8;M2;P7;P5;P3;P1;PZ;P2;P4;P6;P8;PO7;PO5;PO3;POZ;PO4;PO6;PO8;CB1;O1;OZ;O2;CB2;HEOG;VEOG,Between Cz & CPz,AFz,,n/a,,,Neuroscan Synamps2,University of Arizona,~~,250.0,0.0,sub-057_task-Rest_run-02_eeg.set,.set,/mnt/datasets_v7/gokul/EEGData/ds003478/sub-057/eeg/sub-057_task-Rest_run-02_eeg.set,/mnt/datasets_v7/gokul/EEGData/ds003478/sub-057,/mnt/datasets_v7/gokul/EEGData/ds003478/sub-057/eeg/sub-057_task-Rest_run-02_eeg.json,/mnt/datasets_v7/gokul/EEGData/ds003478/sub-057/eeg/sub-057_task-Rest_run-02_channels.tsv,/mnt/datasets_v7/gokul/EEGData/ds003478/sub-057/eeg/sub-057_task-Rest_run-02_events.tsv,2026-06-15T10:41:14
0114,sub-058,564,ds003478,sub-058,,,01,21,1,27,62,No Interview,,,control,Rest,Rest,,both,500.0,60,498.36,249180,continuous,67,64,3,,,FP1;FPZ;FP2;AF3;AF4;F7;F5;F3;F1;FZ;F2;F4;F6;F8;FT7;FC5;FC3;FC1;FCZ;FC2;FC4;FC6;FT8;T7;C5;C3;C1;CZ;C2;C4;C6;T8;M1;TP7;CP5;CP3;CP1;CPZ;CP2;CP4;CP6;TP8;M2;P7;P5;P3;P1;PZ;P2;P4;P6;P8;PO7;PO5;PO3;POZ;PO4;PO6;PO8;CB1;O1;OZ;O2;CB2;HEOG;VEOG;EKG,Between Cz & CPz,AFz,,n/a,,,Neuroscan Synamps2,University of Arizona,~~,250.0,0.0,sub-058_task-Rest_run-01_eeg.set,.set,/mnt/datasets_v7/gokul/EEGData/ds003478/sub-058/eeg/sub-058_task-Rest_run-01_eeg.set,/mnt/datasets_v7/gokul/EEGData/ds003478/sub-058,/mnt/datasets_v7/gokul/EEGData/ds003478/sub-058/eeg/sub-058_task-Rest_run-01_eeg.json,/mnt/datasets_v7/gokul/EEGData/ds003478/sub-058/eeg/sub-058_task-Rest_run-01_channels.tsv,/mnt/datasets_v7/gokul/EEGData/ds003478/sub-058/eeg/sub-058_task-Rest_run-01_events.tsv,2026-06-15T10:41:14
0115,sub-058,564,ds003478,sub-058,,,02,21,1,27,62,No Interview,,,control,Rest,Rest,,both,500.0,60,216.52,108260,continuous,67,64,3,,,FP1;FPZ;FP2;AF3;AF4;F7;F5;F3;F1;FZ;F2;F4;F6;F8;FT7;FC5;FC3;FC1;FCZ;FC2;FC4;FC6;FT8;T7;C5;C3;C1;CZ;C2;C4;C6;T8;M1;TP7;CP5;CP3;CP1;CPZ;CP2;CP4;CP6;TP8;M2;P7;P5;P3;P1;PZ;P2;P4;P6;P8;PO7;PO5;PO3;POZ;PO4;PO6;PO8;CB1;O1;OZ;O2;CB2;HEOG;VEOG;EKG,Between Cz & CPz,AFz,,n/a,,,Neuroscan Synamps2,University of Arizona,~~,250.0,0.0,sub-058_task-Rest_run-02_eeg.set,.set,/mnt/datasets_v7/gokul/EEGData/ds003478/sub-058/eeg/sub-058_task-Rest_run-02_eeg.set,/mnt/datasets_v7/gokul/EEGData/ds003478/sub-058,/mnt/datasets_v7/gokul/EEGData/ds003478/sub-058/eeg/sub-058_task-Rest_run-02_eeg.json,/mnt/datasets_v7/gokul/EEGData/ds003478/sub-058/eeg/sub-058_task-Rest_run-02_channels.tsv,/mnt/datasets_v7/gokul/EEGData/ds003478/sub-058/eeg/sub-058_task-Rest_run-02_events.tsv,2026-06-15T10:41:14
0116,sub-059,565,ds003478,sub-059,,,01,19,1,24,59,Current MDD,MDD,12,mdd,Rest,Rest,,both,500.0,60,496.28,248140,continuous,67,64,3,,,FP1;FPZ;FP2;AF3;AF4;F7;F5;F3;F1;FZ;F2;F4;F6;F8;FT7;FC5;FC3;FC1;FCZ;FC2;FC4;FC6;FT8;T7;C5;C3;C1;CZ;C2;C4;C6;T8;M1;TP7;CP5;CP3;CP1;CPZ;CP2;CP4;CP6;TP8;M2;P7;P5;P3;P1;PZ;P2;P4;P6;P8;PO7;PO5;PO3;POZ;PO4;PO6;PO8;CB1;O1;OZ;O2;CB2;HEOG;VEOG;EKG,Between Cz & CPz,AFz,,n/a,,,Neuroscan Synamps2,University of Arizona,~~,250.0,0.0,sub-059_task-Rest_run-01_eeg.set,.set,/mnt/datasets_v7/gokul/EEGData/ds003478/sub-059/eeg/sub-059_task-Rest_run-01_eeg.set,/mnt/datasets_v7/gokul/EEGData/ds003478/sub-059,/mnt/datasets_v7/gokul/EEGData/ds003478/sub-059/eeg/sub-059_task-Rest_run-01_eeg.json,/mnt/datasets_v7/gokul/EEGData/ds003478/sub-059/eeg/sub-059_task-Rest_run-01_channels.tsv,/mnt/datasets_v7/gokul/EEGData/ds003478/sub-059/eeg/sub-059_task-Rest_run-01_events.tsv,2026-06-15T10:41:14
0117,sub-059,565,ds003478,sub-059,,,02,19,1,24,59,Current MDD,MDD,12,mdd,Rest,Rest,,both,500.0,60,220.542,110271,continuous,67,64,3,,,FP1;FPZ;FP2;AF3;AF4;F7;F5;F3;F1;FZ;F2;F4;F6;F8;FT7;FC5;FC3;FC1;FCZ;FC2;FC4;FC6;FT8;T7;C5;C3;C1;CZ;C2;C4;C6;T8;M1;TP7;CP5;CP3;CP1;CPZ;CP2;CP4;CP6;TP8;M2;P7;P5;P3;P1;PZ;P2;P4;P6;P8;PO7;PO5;PO3;POZ;PO4;PO6;PO8;CB1;O1;OZ;O2;CB2;HEOG;VEOG;EKG,Between Cz & CPz,AFz,,n/a,,,Neuroscan Synamps2,University of Arizona,~~,250.0,0.0,sub-059_task-Rest_run-02_eeg.set,.set,/mnt/datasets_v7/gokul/EEGData/ds003478/sub-059/eeg/sub-059_task-Rest_run-02_eeg.set,/mnt/datasets_v7/gokul/EEGData/ds003478/sub-059,/mnt/datasets_v7/gokul/EEGData/ds003478/sub-059/eeg/sub-059_task-Rest_run-02_eeg.json,/mnt/datasets_v7/gokul/EEGData/ds003478/sub-059/eeg/sub-059_task-Rest_run-02_channels.tsv,/mnt/datasets_v7/gokul/EEGData/ds003478/sub-059/eeg/sub-059_task-Rest_run-02_events.tsv,2026-06-15T10:41:14
0118,sub-060,566,ds003478,sub-060,,,01,18,1,18,48,No Interview,,,control,Rest,Rest,,both,500.0,60,496.52,248260,continuous,67,64,3,,,FP1;FPZ;FP2;AF3;AF4;F7;F5;F3;F1;FZ;F2;F4;F6;F8;FT7;FC5;FC3;FC1;FCZ;FC2;FC4;FC6;FT8;T7;C5;C3;C1;CZ;C2;C4;C6;T8;M1;TP7;CP5;CP3;CP1;CPZ;CP2;CP4;CP6;TP8;M2;P7;P5;P3;P1;PZ;P2;P4;P6;P8;PO7;PO5;PO3;POZ;PO4;PO6;PO8;CB1;O1;OZ;O2;CB2;HEOG;VEOG;EKG,Between Cz & CPz,AFz,,n/a,,,Neuroscan Synamps2,University of Arizona,~~,250.0,0.0,sub-060_task-Rest_run-01_eeg.set,.set,/mnt/datasets_v7/gokul/EEGData/ds003478/sub-060/eeg/sub-060_task-Rest_run-01_eeg.set,/mnt/datasets_v7/gokul/EEGData/ds003478/sub-060,/mnt/datasets_v7/gokul/EEGData/ds003478/sub-060/eeg/sub-060_task-Rest_run-01_eeg.json,/mnt/datasets_v7/gokul/EEGData/ds003478/sub-060/eeg/sub-060_task-Rest_run-01_channels.tsv,/mnt/datasets_v7/gokul/EEGData/ds003478/sub-060/eeg/sub-060_task-Rest_run-01_events.tsv,2026-06-15T10:41:14
0119,sub-060,566,ds003478,sub-060,,,02,18,1,18,48,No Interview,,,control,Rest,Rest,,both,500.0,60,169.424,84712,continuous,66,64,2,,,FP1;FPZ;FP2;AF3;AF4;F7;F5;F3;F1;FZ;F2;F4;F6;F8;FT7;FC5;FC3;FC1;FCZ;FC2;FC4;FC6;FT8;T7;C5;C3;C1;CZ;C2;C4;C6;T8;M1;TP7;CP5;CP3;CP1;CPZ;CP2;CP4;CP6;TP8;M2;P7;P5;P3;P1;PZ;P2;P4;P6;P8;PO7;PO5;PO3;POZ;PO4;PO6;PO8;CB1;O1;OZ;O2;CB2;HEOG;VEOG,Between Cz & CPz,AFz,,n/a,,,Neuroscan Synamps2,University of Arizona,~~,250.0,0.0,sub-060_task-Rest_run-02_eeg.set,.set,/mnt/datasets_v7/gokul/EEGData/ds003478/sub-060/eeg/sub-060_task-Rest_run-02_eeg.set,/mnt/datasets_v7/gokul/EEGData/ds003478/sub-060,/mnt/datasets_v7/gokul/EEGData/ds003478/sub-060/eeg/sub-060_task-Rest_run-02_eeg.json,/mnt/datasets_v7/gokul/EEGData/ds003478/sub-060/eeg/sub-060_task-Rest_run-02_channels.tsv,/mnt/datasets_v7/gokul/EEGData/ds003478/sub-060/eeg/sub-060_task-Rest_run-02_events.tsv,2026-06-15T10:41:14
0120,sub-061,567,ds003478,sub-061,,,01,18,1,24,56,Current MDD,MDD,7,mdd,Rest,Rest,,,500.0,60,483.88,241940,continuous,67,64,3,,,FP1;FPZ;FP2;AF3;AF4;F7;F5;F3;F1;FZ;F2;F4;F6;F8;FT7;FC5;FC3;FC1;FCZ;FC2;FC4;FC6;FT8;T7;C5;C3;C1;CZ;C2;C4;C6;T8;M1;TP7;CP5;CP3;CP1;CPZ;CP2;CP4;CP6;TP8;M2;P7;P5;P3;P1;PZ;P2;P4;P6;P8;PO7;PO5;PO3;POZ;PO4;PO6;PO8;CB1;O1;OZ;O2;CB2;HEOG;VEOG;EKG,Between Cz & CPz,AFz,,n/a,,,Neuroscan Synamps2,University of Arizona,~~,250.0,0.0,sub-061_task-Rest_run-01_eeg.set,.set,/mnt/datasets_v7/gokul/EEGData/ds003478/sub-061/eeg/sub-061_task-Rest_run-01_eeg.set,/mnt/datasets_v7/gokul/EEGData/ds003478/sub-061,/mnt/datasets_v7/gokul/EEGData/ds003478/sub-061/eeg/sub-061_task-Rest_run-01_eeg.json,/mnt/datasets_v7/gokul/EEGData/ds003478/sub-061/eeg/sub-061_task-Rest_run-01_channels.tsv,/mnt/datasets_v7/gokul/EEGData/ds003478/sub-061/eeg/sub-061_task-Rest_run-01_events.tsv,2026-06-15T10:41:14
0121,sub-061,567,ds003478,sub-061,,,02,18,1,24,56,Current MDD,MDD,7,mdd,Rest,Rest,,both,500.0,60,219.68,109840,continuous,67,64,3,,,FP1;FPZ;FP2;AF3;AF4;F7;F5;F3;F1;FZ;F2;F4;F6;F8;FT7;FC5;FC3;FC1;FCZ;FC2;FC4;FC6;FT8;T7;C5;C3;C1;CZ;C2;C4;C6;T8;M1;TP7;CP5;CP3;CP1;CPZ;CP2;CP4;CP6;TP8;M2;P7;P5;P3;P1;PZ;P2;P4;P6;P8;PO7;PO5;PO3;POZ;PO4;PO6;PO8;CB1;O1;OZ;O2;CB2;HEOG;VEOG;EKG,Between Cz & CPz,AFz,,n/a,,,Neuroscan Synamps2,University of Arizona,~~,250.0,0.0,sub-061_task-Rest_run-02_eeg.set,.set,/mnt/datasets_v7/gokul/EEGData/ds003478/sub-061/eeg/sub-061_task-Rest_run-02_eeg.set,/mnt/datasets_v7/gokul/EEGData/ds003478/sub-061,/mnt/datasets_v7/gokul/EEGData/ds003478/sub-061/eeg/sub-061_task-Rest_run-02_eeg.json,/mnt/datasets_v7/gokul/EEGData/ds003478/sub-061/eeg/sub-061_task-Rest_run-02_channels.tsv,/mnt/datasets_v7/gokul/EEGData/ds003478/sub-061/eeg/sub-061_task-Rest_run-02_events.tsv,2026-06-15T10:41:14
0122,sub-062,568,ds003478,sub-062,,,01,18,1,1,27,No Interview,,,control,Rest,Rest,,,500.0,60,485.56,242780,continuous,67,64,3,,,FP1;FPZ;FP2;AF3;AF4;F7;F5;F3;F1;FZ;F2;F4;F6;F8;FT7;FC5;FC3;FC1;FCZ;FC2;FC4;FC6;FT8;T7;C5;C3;C1;CZ;C2;C4;C6;T8;M1;TP7;CP5;CP3;CP1;CPZ;CP2;CP4;CP6;TP8;M2;P7;P5;P3;P1;PZ;P2;P4;P6;P8;PO7;PO5;PO3;POZ;PO4;PO6;PO8;CB1;O1;OZ;O2;CB2;HEOG;VEOG;EKG,Between Cz & CPz,AFz,,n/a,,,Neuroscan Synamps2,University of Arizona,~~,250.0,0.0,sub-062_task-Rest_run-01_eeg.set,.set,/mnt/datasets_v7/gokul/EEGData/ds003478/sub-062/eeg/sub-062_task-Rest_run-01_eeg.set,/mnt/datasets_v7/gokul/EEGData/ds003478/sub-062,/mnt/datasets_v7/gokul/EEGData/ds003478/sub-062/eeg/sub-062_task-Rest_run-01_eeg.json,/mnt/datasets_v7/gokul/EEGData/ds003478/sub-062/eeg/sub-062_task-Rest_run-01_channels.tsv,/mnt/datasets_v7/gokul/EEGData/ds003478/sub-062/eeg/sub-062_task-Rest_run-01_events.tsv,2026-06-15T10:41:14
0123,sub-062,568,ds003478,sub-062,,,02,18,1,1,27,No Interview,,,control,Rest,Rest,,both,500.0,60,223.0,111500,continuous,67,64,3,,,FP1;FPZ;FP2;AF3;AF4;F7;F5;F3;F1;FZ;F2;F4;F6;F8;FT7;FC5;FC3;FC1;FCZ;FC2;FC4;FC6;FT8;T7;C5;C3;C1;CZ;C2;C4;C6;T8;M1;TP7;CP5;CP3;CP1;CPZ;CP2;CP4;CP6;TP8;M2;P7;P5;P3;P1;PZ;P2;P4;P6;P8;PO7;PO5;PO3;POZ;PO4;PO6;PO8;CB1;O1;OZ;O2;CB2;HEOG;VEOG;EKG,Between Cz & CPz,AFz,,n/a,,,Neuroscan Synamps2,University of Arizona,~~,250.0,0.0,sub-062_task-Rest_run-02_eeg.set,.set,/mnt/datasets_v7/gokul/EEGData/ds003478/sub-062/eeg/sub-062_task-Rest_run-02_eeg.set,/mnt/datasets_v7/gokul/EEGData/ds003478/sub-062,/mnt/datasets_v7/gokul/EEGData/ds003478/sub-062/eeg/sub-062_task-Rest_run-02_eeg.json,/mnt/datasets_v7/gokul/EEGData/ds003478/sub-062/eeg/sub-062_task-Rest_run-02_channels.tsv,/mnt/datasets_v7/gokul/EEGData/ds003478/sub-062/eeg/sub-062_task-Rest_run-02_events.tsv,2026-06-15T10:41:14
0124,sub-063,569,ds003478,sub-063,,,01,19,1,28,50,No Interview,,,control,Rest,Rest,,both,500.0,60,498.75,249375,continuous,67,64,3,,,FP1;FPZ;FP2;AF3;AF4;F7;F5;F3;F1;FZ;F2;F4;F6;F8;FT7;FC5;FC3;FC1;FCZ;FC2;FC4;FC6;FT8;T7;C5;C3;C1;CZ;C2;C4;C6;T8;M1;TP7;CP5;CP3;CP1;CPZ;CP2;CP4;CP6;TP8;M2;P7;P5;P3;P1;PZ;P2;P4;P6;P8;PO7;PO5;PO3;POZ;PO4;PO6;PO8;CB1;O1;OZ;O2;CB2;HEOG;VEOG;EKG,Between Cz & CPz,AFz,,n/a,,,Neuroscan Synamps2,University of Arizona,~~,250.0,0.0,sub-063_task-Rest_run-01_eeg.set,.set,/mnt/datasets_v7/gokul/EEGData/ds003478/sub-063/eeg/sub-063_task-Rest_run-01_eeg.set,/mnt/datasets_v7/gokul/EEGData/ds003478/sub-063,/mnt/datasets_v7/gokul/EEGData/ds003478/sub-063/eeg/sub-063_task-Rest_run-01_eeg.json,/mnt/datasets_v7/gokul/EEGData/ds003478/sub-063/eeg/sub-063_task-Rest_run-01_channels.tsv,/mnt/datasets_v7/gokul/EEGData/ds003478/sub-063/eeg/sub-063_task-Rest_run-01_events.tsv,2026-06-15T10:41:14
0125,sub-063,569,ds003478,sub-063,,,02,19,1,28,50,No Interview,,,control,Rest,Rest,,both,500.0,60,211.928,105964,continuous,66,64,2,,,FP1;FPZ;FP2;AF3;AF4;F7;F5;F3;F1;FZ;F2;F4;F6;F8;FT7;FC5;FC3;FC1;FCZ;FC2;FC4;FC6;FT8;T7;C5;C3;C1;CZ;C2;C4;C6;T8;M1;TP7;CP5;CP3;CP1;CPZ;CP2;CP4;CP6;TP8;M2;P7;P5;P3;P1;PZ;P2;P4;P6;P8;PO7;PO5;PO3;POZ;PO4;PO6;PO8;CB1;O1;OZ;O2;CB2;HEOG;VEOG,Between Cz & CPz,AFz,,n/a,,,Neuroscan Synamps2,University of Arizona,~~,250.0,0.0,sub-063_task-Rest_run-02_eeg.set,.set,/mnt/datasets_v7/gokul/EEGData/ds003478/sub-063/eeg/sub-063_task-Rest_run-02_eeg.set,/mnt/datasets_v7/gokul/EEGData/ds003478/sub-063,/mnt/datasets_v7/gokul/EEGData/ds003478/sub-063/eeg/sub-063_task-Rest_run-02_eeg.json,/mnt/datasets_v7/gokul/EEGData/ds003478/sub-063/eeg/sub-063_task-Rest_run-02_channels.tsv,/mnt/datasets_v7/gokul/EEGData/ds003478/sub-063/eeg/sub-063_task-Rest_run-02_events.tsv,2026-06-15T10:41:14
0126,sub-064,570,ds003478,sub-064,,,01,,2,1,24,No Interview,,,control,Rest,Rest,,,500.0,60,499.612,249806,continuous,66,64,2,,,FP1;FPZ;FP2;AF3;AF4;F7;F5;F3;F1;FZ;F2;F4;F6;F8;FT7;FC5;FC3;FC1;FCZ;FC2;FC4;FC6;FT8;T7;C5;C3;C1;CZ;C2;C4;C6;T8;M1;TP7;CP5;CP3;CP1;CPZ;CP2;CP4;CP6;TP8;M2;P7;P5;P3;P1;PZ;P2;P4;P6;P8;PO7;PO5;PO3;POZ;PO4;PO6;PO8;CB1;O1;OZ;O2;CB2;HEOG;VEOG,Between Cz & CPz,AFz,,n/a,,,Neuroscan Synamps2,University of Arizona,~~,250.0,0.0,sub-064_task-Rest_run-01_eeg.set,.set,/mnt/datasets_v7/gokul/EEGData/ds003478/sub-064/eeg/sub-064_task-Rest_run-01_eeg.set,/mnt/datasets_v7/gokul/EEGData/ds003478/sub-064,/mnt/datasets_v7/gokul/EEGData/ds003478/sub-064/eeg/sub-064_task-Rest_run-01_eeg.json,/mnt/datasets_v7/gokul/EEGData/ds003478/sub-064/eeg/sub-064_task-Rest_run-01_channels.tsv,/mnt/datasets_v7/gokul/EEGData/ds003478/sub-064/eeg/sub-064_task-Rest_run-01_events.tsv,2026-06-15T10:41:14
0127,sub-064,570,ds003478,sub-064,,,02,,2,1,24,No Interview,,,control,Rest,Rest,,both,500.0,60,216.008,108004,continuous,66,64,2,,,FP1;FPZ;FP2;AF3;AF4;F7;F5;F3;F1;FZ;F2;F4;F6;F8;FT7;FC5;FC3;FC1;FCZ;FC2;FC4;FC6;FT8;T7;C5;C3;C1;CZ;C2;C4;C6;T8;M1;TP7;CP5;CP3;CP1;CPZ;CP2;CP4;CP6;TP8;M2;P7;P5;P3;P1;PZ;P2;P4;P6;P8;PO7;PO5;PO3;POZ;PO4;PO6;PO8;CB1;O1;OZ;O2;CB2;HEOG;VEOG,Between Cz & CPz,AFz,,n/a,,,Neuroscan Synamps2,University of Arizona,~~,250.0,0.0,sub-064_task-Rest_run-02_eeg.set,.set,/mnt/datasets_v7/gokul/EEGData/ds003478/sub-064/eeg/sub-064_task-Rest_run-02_eeg.set,/mnt/datasets_v7/gokul/EEGData/ds003478/sub-064,/mnt/datasets_v7/gokul/EEGData/ds003478/sub-064/eeg/sub-064_task-Rest_run-02_eeg.json,/mnt/datasets_v7/gokul/EEGData/ds003478/sub-064/eeg/sub-064_task-Rest_run-02_channels.tsv,/mnt/datasets_v7/gokul/EEGData/ds003478/sub-064/eeg/sub-064_task-Rest_run-02_events.tsv,2026-06-15T10:41:14
0128,sub-065,571,ds003478,sub-065,,,01,21,1,22,38,Do not meet criterion for current or past MDD,nothing,13,mdd,Rest,Rest,,both,500.0,60,493.12,246560,continuous,67,64,3,,,FP1;FPZ;FP2;AF3;AF4;F7;F5;F3;F1;FZ;F2;F4;F6;F8;FT7;FC5;FC3;FC1;FCZ;FC2;FC4;FC6;FT8;T7;C5;C3;C1;CZ;C2;C4;C6;T8;M1;TP7;CP5;CP3;CP1;CPZ;CP2;CP4;CP6;TP8;M2;P7;P5;P3;P1;PZ;P2;P4;P6;P8;PO7;PO5;PO3;POZ;PO4;PO6;PO8;CB1;O1;OZ;O2;CB2;HEOG;VEOG;EKG,Between Cz & CPz,AFz,,n/a,,,Neuroscan Synamps2,University of Arizona,~~,250.0,0.0,sub-065_task-Rest_run-01_eeg.set,.set,/mnt/datasets_v7/gokul/EEGData/ds003478/sub-065/eeg/sub-065_task-Rest_run-01_eeg.set,/mnt/datasets_v7/gokul/EEGData/ds003478/sub-065,/mnt/datasets_v7/gokul/EEGData/ds003478/sub-065/eeg/sub-065_task-Rest_run-01_eeg.json,/mnt/datasets_v7/gokul/EEGData/ds003478/sub-065/eeg/sub-065_task-Rest_run-01_channels.tsv,/mnt/datasets_v7/gokul/EEGData/ds003478/sub-065/eeg/sub-065_task-Rest_run-01_events.tsv,2026-06-15T10:41:14
0129,sub-065,571,ds003478,sub-065,,,02,21,1,22,38,Do not meet criterion for current or past MDD,nothing,13,mdd,Rest,Rest,,both,500.0,60,168.464,84232,continuous,66,64,2,,,FP1;FPZ;FP2;AF3;AF4;F7;F5;F3;F1;FZ;F2;F4;F6;F8;FT7;FC5;FC3;FC1;FCZ;FC2;FC4;FC6;FT8;T7;C5;C3;C1;CZ;C2;C4;C6;T8;M1;TP7;CP5;CP3;CP1;CPZ;CP2;CP4;CP6;TP8;M2;P7;P5;P3;P1;PZ;P2;P4;P6;P8;PO7;PO5;PO3;POZ;PO4;PO6;PO8;CB1;O1;OZ;O2;CB2;HEOG;VEOG,Between Cz & CPz,AFz,,n/a,,,Neuroscan Synamps2,University of Arizona,~~,250.0,0.0,sub-065_task-Rest_run-02_eeg.set,.set,/mnt/datasets_v7/gokul/EEGData/ds003478/sub-065/eeg/sub-065_task-Rest_run-02_eeg.set,/mnt/datasets_v7/gokul/EEGData/ds003478/sub-065,/mnt/datasets_v7/gokul/EEGData/ds003478/sub-065/eeg/sub-065_task-Rest_run-02_eeg.json,/mnt/datasets_v7/gokul/EEGData/ds003478/sub-065/eeg/sub-065_task-Rest_run-02_channels.tsv,/mnt/datasets_v7/gokul/EEGData/ds003478/sub-065/eeg/sub-065_task-Rest_run-02_events.tsv,2026-06-15T10:41:14
0130,sub-066,572,ds003478,sub-066,,,01,19,1,18,52,Current MDD,MDD,10,mdd,Rest,Rest,,both,500.0,60,502.64,251320,continuous,67,64,3,,,FP1;FPZ;FP2;AF3;AF4;F7;F5;F3;F1;FZ;F2;F4;F6;F8;FT7;FC5;FC3;FC1;FCZ;FC2;FC4;FC6;FT8;T7;C5;C3;C1;CZ;C2;C4;C6;T8;M1;TP7;CP5;CP3;CP1;CPZ;CP2;CP4;CP6;TP8;M2;P7;P5;P3;P1;PZ;P2;P4;P6;P8;PO7;PO5;PO3;POZ;PO4;PO6;PO8;CB1;O1;OZ;O2;CB2;HEOG;VEOG;EKG,Between Cz & CPz,AFz,,n/a,,,Neuroscan Synamps2,University of Arizona,~~,250.0,0.0,sub-066_task-Rest_run-01_eeg.set,.set,/mnt/datasets_v7/gokul/EEGData/ds003478/sub-066/eeg/sub-066_task-Rest_run-01_eeg.set,/mnt/datasets_v7/gokul/EEGData/ds003478/sub-066,/mnt/datasets_v7/gokul/EEGData/ds003478/sub-066/eeg/sub-066_task-Rest_run-01_eeg.json,/mnt/datasets_v7/gokul/EEGData/ds003478/sub-066/eeg/sub-066_task-Rest_run-01_channels.tsv,/mnt/datasets_v7/gokul/EEGData/ds003478/sub-066/eeg/sub-066_task-Rest_run-01_events.tsv,2026-06-15T10:41:14
0131,sub-066,572,ds003478,sub-066,,,02,19,1,18,52,Current MDD,MDD,10,mdd,Rest,Rest,,both,500.0,60,237.99,118995,continuous,66,64,2,,,FP1;FPZ;FP2;AF3;AF4;F7;F5;F3;F1;FZ;F2;F4;F6;F8;FT7;FC5;FC3;FC1;FCZ;FC2;FC4;FC6;FT8;T7;C5;C3;C1;CZ;C2;C4;C6;T8;M1;TP7;CP5;CP3;CP1;CPZ;CP2;CP4;CP6;TP8;M2;P7;P5;P3;P1;PZ;P2;P4;P6;P8;PO7;PO5;PO3;POZ;PO4;PO6;PO8;CB1;O1;OZ;O2;CB2;HEOG;VEOG,Between Cz & CPz,AFz,,n/a,,,Neuroscan Synamps2,University of Arizona,~~,250.0,0.0,sub-066_task-Rest_run-02_eeg.set,.set,/mnt/datasets_v7/gokul/EEGData/ds003478/sub-066/eeg/sub-066_task-Rest_run-02_eeg.set,/mnt/datasets_v7/gokul/EEGData/ds003478/sub-066,/mnt/datasets_v7/gokul/EEGData/ds003478/sub-066/eeg/sub-066_task-Rest_run-02_eeg.json,/mnt/datasets_v7/gokul/EEGData/ds003478/sub-066/eeg/sub-066_task-Rest_run-02_channels.tsv,/mnt/datasets_v7/gokul/EEGData/ds003478/sub-066/eeg/sub-066_task-Rest_run-02_events.tsv,2026-06-15T10:41:14
0132,sub-067,573,ds003478,sub-067,,,01,18,1,2,24,No Interview,,,control,Rest,Rest,,both,500.0,60,478.452,239226,continuous,66,64,2,,,FP1;FPZ;FP2;AF3;AF4;F7;F5;F3;F1;FZ;F2;F4;F6;F8;FT7;FC5;FC3;FC1;FCZ;FC2;FC4;FC6;FT8;T7;C5;C3;C1;CZ;C2;C4;C6;T8;M1;TP7;CP5;CP3;CP1;CPZ;CP2;CP4;CP6;TP8;M2;P7;P5;P3;P1;PZ;P2;P4;P6;P8;PO7;PO5;PO3;POZ;PO4;PO6;PO8;CB1;O1;OZ;O2;CB2;HEOG;VEOG,Between Cz & CPz,AFz,,n/a,,,Neuroscan Synamps2,University of Arizona,~~,250.0,0.0,sub-067_task-Rest_run-01_eeg.set,.set,/mnt/datasets_v7/gokul/EEGData/ds003478/sub-067/eeg/sub-067_task-Rest_run-01_eeg.set,/mnt/datasets_v7/gokul/EEGData/ds003478/sub-067,/mnt/datasets_v7/gokul/EEGData/ds003478/sub-067/eeg/sub-067_task-Rest_run-01_eeg.json,/mnt/datasets_v7/gokul/EEGData/ds003478/sub-067/eeg/sub-067_task-Rest_run-01_channels.tsv,/mnt/datasets_v7/gokul/EEGData/ds003478/sub-067/eeg/sub-067_task-Rest_run-01_events.tsv,2026-06-15T10:41:14
0133,sub-067,573,ds003478,sub-067,,,02,18,1,2,24,No Interview,,,control,Rest,Rest,,both,500.0,60,176.458,88229,continuous,66,64,2,,,FP1;FPZ;FP2;AF3;AF4;F7;F5;F3;F1;FZ;F2;F4;F6;F8;FT7;FC5;FC3;FC1;FCZ;FC2;FC4;FC6;FT8;T7;C5;C3;C1;CZ;C2;C4;C6;T8;M1;TP7;CP5;CP3;CP1;CPZ;CP2;CP4;CP6;TP8;M2;P7;P5;P3;P1;PZ;P2;P4;P6;P8;PO7;PO5;PO3;POZ;PO4;PO6;PO8;CB1;O1;OZ;O2;CB2;HEOG;VEOG,Between Cz & CPz,AFz,,n/a,,,Neuroscan Synamps2,University of Arizona,~~,250.0,0.0,sub-067_task-Rest_run-02_eeg.set,.set,/mnt/datasets_v7/gokul/EEGData/ds003478/sub-067/eeg/sub-067_task-Rest_run-02_eeg.set,/mnt/datasets_v7/gokul/EEGData/ds003478/sub-067,/mnt/datasets_v7/gokul/EEGData/ds003478/sub-067/eeg/sub-067_task-Rest_run-02_eeg.json,/mnt/datasets_v7/gokul/EEGData/ds003478/sub-067/eeg/sub-067_task-Rest_run-02_channels.tsv,/mnt/datasets_v7/gokul/EEGData/ds003478/sub-067/eeg/sub-067_task-Rest_run-02_events.tsv,2026-06-15T10:41:14
0134,sub-068,574,ds003478,sub-068,,,01,18,1,4,33,No Interview,,,control,Rest,Rest,,both,500.0,60,501.612,250806,continuous,66,64,2,,,FP1;FPZ;FP2;AF3;AF4;F7;F5;F3;F1;FZ;F2;F4;F6;F8;FT7;FC5;FC3;FC1;FCZ;FC2;FC4;FC6;FT8;T7;C5;C3;C1;CZ;C2;C4;C6;T8;M1;TP7;CP5;CP3;CP1;CPZ;CP2;CP4;CP6;TP8;M2;P7;P5;P3;P1;PZ;P2;P4;P6;P8;PO7;PO5;PO3;POZ;PO4;PO6;PO8;CB1;O1;OZ;O2;CB2;HEOG;VEOG,Between Cz & CPz,AFz,,n/a,,,Neuroscan Synamps2,University of Arizona,~~,250.0,0.0,sub-068_task-Rest_run-01_eeg.set,.set,/mnt/datasets_v7/gokul/EEGData/ds003478/sub-068/eeg/sub-068_task-Rest_run-01_eeg.set,/mnt/datasets_v7/gokul/EEGData/ds003478/sub-068,/mnt/datasets_v7/gokul/EEGData/ds003478/sub-068/eeg/sub-068_task-Rest_run-01_eeg.json,/mnt/datasets_v7/gokul/EEGData/ds003478/sub-068/eeg/sub-068_task-Rest_run-01_channels.tsv,/mnt/datasets_v7/gokul/EEGData/ds003478/sub-068/eeg/sub-068_task-Rest_run-01_events.tsv,2026-06-15T10:41:14
0135,sub-068,574,ds003478,sub-068,,,02,18,1,4,33,No Interview,,,control,Rest,Rest,,both,500.0,60,139.564,69782,continuous,66,64,2,,,FP1;FPZ;FP2;AF3;AF4;F7;F5;F3;F1;FZ;F2;F4;F6;F8;FT7;FC5;FC3;FC1;FCZ;FC2;FC4;FC6;FT8;T7;C5;C3;C1;CZ;C2;C4;C6;T8;M1;TP7;CP5;CP3;CP1;CPZ;CP2;CP4;CP6;TP8;M2;P7;P5;P3;P1;PZ;P2;P4;P6;P8;PO7;PO5;PO3;POZ;PO4;PO6;PO8;CB1;O1;OZ;O2;CB2;HEOG;VEOG,Between Cz & CPz,AFz,,n/a,,,Neuroscan Synamps2,University of Arizona,~~,250.0,0.0,sub-068_task-Rest_run-02_eeg.set,.set,/mnt/datasets_v7/gokul/EEGData/ds003478/sub-068/eeg/sub-068_task-Rest_run-02_eeg.set,/mnt/datasets_v7/gokul/EEGData/ds003478/sub-068,/mnt/datasets_v7/gokul/EEGData/ds003478/sub-068/eeg/sub-068_task-Rest_run-02_eeg.json,/mnt/datasets_v7/gokul/EEGData/ds003478/sub-068/eeg/sub-068_task-Rest_run-02_channels.tsv,/mnt/datasets_v7/gokul/EEGData/ds003478/sub-068/eeg/sub-068_task-Rest_run-02_events.tsv,2026-06-15T10:41:14
0136,sub-069,575,ds003478,sub-069,,,01,18,2,5,38,No Interview,,,control,Rest,Rest,,both,500.0,60,494.92,247460,continuous,67,64,3,,,FP1;FPZ;FP2;AF3;AF4;F7;F5;F3;F1;FZ;F2;F4;F6;F8;FT7;FC5;FC3;FC1;FCZ;FC2;FC4;FC6;FT8;T7;C5;C3;C1;CZ;C2;C4;C6;T8;M1;TP7;CP5;CP3;CP1;CPZ;CP2;CP4;CP6;TP8;M2;P7;P5;P3;P1;PZ;P2;P4;P6;P8;PO7;PO5;PO3;POZ;PO4;PO6;PO8;CB1;O1;OZ;O2;CB2;HEOG;VEOG;EKG,Between Cz & CPz,AFz,,n/a,,,Neuroscan Synamps2,University of Arizona,~~,250.0,0.0,sub-069_task-Rest_run-01_eeg.set,.set,/mnt/datasets_v7/gokul/EEGData/ds003478/sub-069/eeg/sub-069_task-Rest_run-01_eeg.set,/mnt/datasets_v7/gokul/EEGData/ds003478/sub-069,/mnt/datasets_v7/gokul/EEGData/ds003478/sub-069/eeg/sub-069_task-Rest_run-01_eeg.json,/mnt/datasets_v7/gokul/EEGData/ds003478/sub-069/eeg/sub-069_task-Rest_run-01_channels.tsv,/mnt/datasets_v7/gokul/EEGData/ds003478/sub-069/eeg/sub-069_task-Rest_run-01_events.tsv,2026-06-15T10:41:14
0137,sub-069,575,ds003478,sub-069,,,02,18,2,5,38,No Interview,,,control,Rest,Rest,,both,500.0,60,202.92,101460,continuous,67,64,3,,,FP1;FPZ;FP2;AF3;AF4;F7;F5;F3;F1;FZ;F2;F4;F6;F8;FT7;FC5;FC3;FC1;FCZ;FC2;FC4;FC6;FT8;T7;C5;C3;C1;CZ;C2;C4;C6;T8;M1;TP7;CP5;CP3;CP1;CPZ;CP2;CP4;CP6;TP8;M2;P7;P5;P3;P1;PZ;P2;P4;P6;P8;PO7;PO5;PO3;POZ;PO4;PO6;PO8;CB1;O1;OZ;O2;CB2;HEOG;VEOG;EKG,Between Cz & CPz,AFz,,n/a,,,Neuroscan Synamps2,University of Arizona,~~,250.0,0.0,sub-069_task-Rest_run-02_eeg.set,.set,/mnt/datasets_v7/gokul/EEGData/ds003478/sub-069/eeg/sub-069_task-Rest_run-02_eeg.set,/mnt/datasets_v7/gokul/EEGData/ds003478/sub-069,/mnt/datasets_v7/gokul/EEGData/ds003478/sub-069/eeg/sub-069_task-Rest_run-02_eeg.json,/mnt/datasets_v7/gokul/EEGData/ds003478/sub-069/eeg/sub-069_task-Rest_run-02_channels.tsv,/mnt/datasets_v7/gokul/EEGData/ds003478/sub-069/eeg/sub-069_task-Rest_run-02_events.tsv,2026-06-15T10:41:14
0138,sub-070,576,ds003478,sub-070,,,01,21,1,0,30,No Interview,,,control,Rest,Rest,,both,500.0,60,502.6,251300,continuous,67,64,3,,,FP1;FPZ;FP2;AF3;AF4;F7;F5;F3;F1;FZ;F2;F4;F6;F8;FT7;FC5;FC3;FC1;FCZ;FC2;FC4;FC6;FT8;T7;C5;C3;C1;CZ;C2;C4;C6;T8;M1;TP7;CP5;CP3;CP1;CPZ;CP2;CP4;CP6;TP8;M2;P7;P5;P3;P1;PZ;P2;P4;P6;P8;PO7;PO5;PO3;POZ;PO4;PO6;PO8;CB1;O1;OZ;O2;CB2;HEOG;VEOG;EKG,Between Cz & CPz,AFz,,n/a,,,Neuroscan Synamps2,University of Arizona,~~,250.0,0.0,sub-070_task-Rest_run-01_eeg.set,.set,/mnt/datasets_v7/gokul/EEGData/ds003478/sub-070/eeg/sub-070_task-Rest_run-01_eeg.set,/mnt/datasets_v7/gokul/EEGData/ds003478/sub-070,/mnt/datasets_v7/gokul/EEGData/ds003478/sub-070/eeg/sub-070_task-Rest_run-01_eeg.json,/mnt/datasets_v7/gokul/EEGData/ds003478/sub-070/eeg/sub-070_task-Rest_run-01_channels.tsv,/mnt/datasets_v7/gokul/EEGData/ds003478/sub-070/eeg/sub-070_task-Rest_run-01_events.tsv,2026-06-15T10:41:14
0139,sub-070,576,ds003478,sub-070,,,02,21,1,0,30,No Interview,,,control,Rest,Rest,,both,500.0,60,163.36,81680,continuous,67,64,3,,,FP1;FPZ;FP2;AF3;AF4;F7;F5;F3;F1;FZ;F2;F4;F6;F8;FT7;FC5;FC3;FC1;FCZ;FC2;FC4;FC6;FT8;T7;C5;C3;C1;CZ;C2;C4;C6;T8;M1;TP7;CP5;CP3;CP1;CPZ;CP2;CP4;CP6;TP8;M2;P7;P5;P3;P1;PZ;P2;P4;P6;P8;PO7;PO5;PO3;POZ;PO4;PO6;PO8;CB1;O1;OZ;O2;CB2;HEOG;VEOG;EKG,Between Cz & CPz,AFz,,n/a,,,Neuroscan Synamps2,University of Arizona,~~,250.0,0.0,sub-070_task-Rest_run-02_eeg.set,.set,/mnt/datasets_v7/gokul/EEGData/ds003478/sub-070/eeg/sub-070_task-Rest_run-02_eeg.set,/mnt/datasets_v7/gokul/EEGData/ds003478/sub-070,/mnt/datasets_v7/gokul/EEGData/ds003478/sub-070/eeg/sub-070_task-Rest_run-02_eeg.json,/mnt/datasets_v7/gokul/EEGData/ds003478/sub-070/eeg/sub-070_task-Rest_run-02_channels.tsv,/mnt/datasets_v7/gokul/EEGData/ds003478/sub-070/eeg/sub-070_task-Rest_run-02_events.tsv,2026-06-15T10:41:14
0140,sub-071,577,ds003478,sub-071,,,01,19,2,2,26,No Interview,,,control,Rest,Rest,,both,500.0,60,537.404,268702,continuous,66,64,2,,,FP1;FPZ;FP2;AF3;AF4;F7;F5;F3;F1;FZ;F2;F4;F6;F8;FT7;FC5;FC3;FC1;FCZ;FC2;FC4;FC6;FT8;T7;C5;C3;C1;CZ;C2;C4;C6;T8;M1;TP7;CP5;CP3;CP1;CPZ;CP2;CP4;CP6;TP8;M2;P7;P5;P3;P1;PZ;P2;P4;P6;P8;PO7;PO5;PO3;POZ;PO4;PO6;PO8;CB1;O1;OZ;O2;CB2;HEOG;VEOG,Between Cz & CPz,AFz,,n/a,,,Neuroscan Synamps2,University of Arizona,~~,250.0,0.0,sub-071_task-Rest_run-01_eeg.set,.set,/mnt/datasets_v7/gokul/EEGData/ds003478/sub-071/eeg/sub-071_task-Rest_run-01_eeg.set,/mnt/datasets_v7/gokul/EEGData/ds003478/sub-071,/mnt/datasets_v7/gokul/EEGData/ds003478/sub-071/eeg/sub-071_task-Rest_run-01_eeg.json,/mnt/datasets_v7/gokul/EEGData/ds003478/sub-071/eeg/sub-071_task-Rest_run-01_channels.tsv,/mnt/datasets_v7/gokul/EEGData/ds003478/sub-071/eeg/sub-071_task-Rest_run-01_events.tsv,2026-06-15T10:41:14
0141,sub-071,577,ds003478,sub-071,,,02,19,2,2,26,No Interview,,,control,Rest,Rest,,both,500.0,60,216.4,108200,continuous,67,64,3,,,FP1;FPZ;FP2;AF3;AF4;F7;F5;F3;F1;FZ;F2;F4;F6;F8;FT7;FC5;FC3;FC1;FCZ;FC2;FC4;FC6;FT8;T7;C5;C3;C1;CZ;C2;C4;C6;T8;M1;TP7;CP5;CP3;CP1;CPZ;CP2;CP4;CP6;TP8;M2;P7;P5;P3;P1;PZ;P2;P4;P6;P8;PO7;PO5;PO3;POZ;PO4;PO6;PO8;CB1;O1;OZ;O2;CB2;HEOG;VEOG;EKG,Between Cz & CPz,AFz,,n/a,,,Neuroscan Synamps2,University of Arizona,~~,250.0,0.0,sub-071_task-Rest_run-02_eeg.set,.set,/mnt/datasets_v7/gokul/EEGData/ds003478/sub-071/eeg/sub-071_task-Rest_run-02_eeg.set,/mnt/datasets_v7/gokul/EEGData/ds003478/sub-071,/mnt/datasets_v7/gokul/EEGData/ds003478/sub-071/eeg/sub-071_task-Rest_run-02_eeg.json,/mnt/datasets_v7/gokul/EEGData/ds003478/sub-071/eeg/sub-071_task-Rest_run-02_channels.tsv,/mnt/datasets_v7/gokul/EEGData/ds003478/sub-071/eeg/sub-071_task-Rest_run-02_events.tsv,2026-06-15T10:41:14
0142,sub-072,578,ds003478,sub-072,,,01,18,2,1,28,No Interview,,,control,Rest,Rest,,both,500.0,60,499.35,249675,continuous,67,64,3,,,FP1;FPZ;FP2;AF3;AF4;F7;F5;F3;F1;FZ;F2;F4;F6;F8;FT7;FC5;FC3;FC1;FCZ;FC2;FC4;FC6;FT8;T7;C5;C3;C1;CZ;C2;C4;C6;T8;M1;TP7;CP5;CP3;CP1;CPZ;CP2;CP4;CP6;TP8;M2;P7;P5;P3;P1;PZ;P2;P4;P6;P8;PO7;PO5;PO3;POZ;PO4;PO6;PO8;CB1;O1;OZ;O2;CB2;HEOG;VEOG;EKG,Between Cz & CPz,AFz,,n/a,,,Neuroscan Synamps2,University of Arizona,~~,250.0,0.0,sub-072_task-Rest_run-01_eeg.set,.set,/mnt/datasets_v7/gokul/EEGData/ds003478/sub-072/eeg/sub-072_task-Rest_run-01_eeg.set,/mnt/datasets_v7/gokul/EEGData/ds003478/sub-072,/mnt/datasets_v7/gokul/EEGData/ds003478/sub-072/eeg/sub-072_task-Rest_run-01_eeg.json,/mnt/datasets_v7/gokul/EEGData/ds003478/sub-072/eeg/sub-072_task-Rest_run-01_channels.tsv,/mnt/datasets_v7/gokul/EEGData/ds003478/sub-072/eeg/sub-072_task-Rest_run-01_events.tsv,2026-06-15T10:41:14
0143,sub-072,578,ds003478,sub-072,,,02,18,2,1,28,No Interview,,,control,Rest,Rest,,both,500.0,60,211.12,105560,continuous,67,64,3,,,FP1;FPZ;FP2;AF3;AF4;F7;F5;F3;F1;FZ;F2;F4;F6;F8;FT7;FC5;FC3;FC1;FCZ;FC2;FC4;FC6;FT8;T7;C5;C3;C1;CZ;C2;C4;C6;T8;M1;TP7;CP5;CP3;CP1;CPZ;CP2;CP4;CP6;TP8;M2;P7;P5;P3;P1;PZ;P2;P4;P6;P8;PO7;PO5;PO3;POZ;PO4;PO6;PO8;CB1;O1;OZ;O2;CB2;HEOG;VEOG;EKG,Between Cz & CPz,AFz,,n/a,,,Neuroscan Synamps2,University of Arizona,~~,250.0,0.0,sub-072_task-Rest_run-02_eeg.set,.set,/mnt/datasets_v7/gokul/EEGData/ds003478/sub-072/eeg/sub-072_task-Rest_run-02_eeg.set,/mnt/datasets_v7/gokul/EEGData/ds003478/sub-072,/mnt/datasets_v7/gokul/EEGData/ds003478/sub-072/eeg/sub-072_task-Rest_run-02_eeg.json,/mnt/datasets_v7/gokul/EEGData/ds003478/sub-072/eeg/sub-072_task-Rest_run-02_channels.tsv,/mnt/datasets_v7/gokul/EEGData/ds003478/sub-072/eeg/sub-072_task-Rest_run-02_events.tsv,2026-06-15T10:41:14
0144,sub-073,579,ds003478,sub-073,,,01,21,1,1,31,No Interview,,,control,Rest,Rest,,,500.0,60,493.92,246960,continuous,67,64,3,,,FP1;FPZ;FP2;AF3;AF4;F7;F5;F3;F1;FZ;F2;F4;F6;F8;FT7;FC5;FC3;FC1;FCZ;FC2;FC4;FC6;FT8;T7;C5;C3;C1;CZ;C2;C4;C6;T8;M1;TP7;CP5;CP3;CP1;CPZ;CP2;CP4;CP6;TP8;M2;P7;P5;P3;P1;PZ;P2;P4;P6;P8;PO7;PO5;PO3;POZ;PO4;PO6;PO8;CB1;O1;OZ;O2;CB2;HEOG;VEOG;EKG,Between Cz & CPz,AFz,,n/a,,,Neuroscan Synamps2,University of Arizona,~~,250.0,0.0,sub-073_task-Rest_run-01_eeg.set,.set,/mnt/datasets_v7/gokul/EEGData/ds003478/sub-073/eeg/sub-073_task-Rest_run-01_eeg.set,/mnt/datasets_v7/gokul/EEGData/ds003478/sub-073,/mnt/datasets_v7/gokul/EEGData/ds003478/sub-073/eeg/sub-073_task-Rest_run-01_eeg.json,/mnt/datasets_v7/gokul/EEGData/ds003478/sub-073/eeg/sub-073_task-Rest_run-01_channels.tsv,/mnt/datasets_v7/gokul/EEGData/ds003478/sub-073/eeg/sub-073_task-Rest_run-01_events.tsv,2026-06-15T10:41:14
0145,sub-073,579,ds003478,sub-073,,,02,21,1,1,31,No Interview,,,control,Rest,Rest,,both,500.0,60,182.36,91180,continuous,67,64,3,,,FP1;FPZ;FP2;AF3;AF4;F7;F5;F3;F1;FZ;F2;F4;F6;F8;FT7;FC5;FC3;FC1;FCZ;FC2;FC4;FC6;FT8;T7;C5;C3;C1;CZ;C2;C4;C6;T8;M1;TP7;CP5;CP3;CP1;CPZ;CP2;CP4;CP6;TP8;M2;P7;P5;P3;P1;PZ;P2;P4;P6;P8;PO7;PO5;PO3;POZ;PO4;PO6;PO8;CB1;O1;OZ;O2;CB2;HEOG;VEOG;EKG,Between Cz & CPz,AFz,,n/a,,,Neuroscan Synamps2,University of Arizona,~~,250.0,0.0,sub-073_task-Rest_run-02_eeg.set,.set,/mnt/datasets_v7/gokul/EEGData/ds003478/sub-073/eeg/sub-073_task-Rest_run-02_eeg.set,/mnt/datasets_v7/gokul/EEGData/ds003478/sub-073,/mnt/datasets_v7/gokul/EEGData/ds003478/sub-073/eeg/sub-073_task-Rest_run-02_eeg.json,/mnt/datasets_v7/gokul/EEGData/ds003478/sub-073/eeg/sub-073_task-Rest_run-02_channels.tsv,/mnt/datasets_v7/gokul/EEGData/ds003478/sub-073/eeg/sub-073_task-Rest_run-02_events.tsv,2026-06-15T10:41:14
0146,sub-074,580,ds003478,sub-074,,,01,19,1,0,28,No Interview,,,control,Rest,Rest,,,500.0,60,550.36,275180,continuous,67,64,3,,,FP1;FPZ;FP2;AF3;AF4;F7;F5;F3;F1;FZ;F2;F4;F6;F8;FT7;FC5;FC3;FC1;FCZ;FC2;FC4;FC6;FT8;T7;C5;C3;C1;CZ;C2;C4;C6;T8;M1;TP7;CP5;CP3;CP1;CPZ;CP2;CP4;CP6;TP8;M2;P7;P5;P3;P1;PZ;P2;P4;P6;P8;PO7;PO5;PO3;POZ;PO4;PO6;PO8;CB1;O1;OZ;O2;CB2;HEOG;VEOG;EKG,Between Cz & CPz,AFz,,n/a,,,Neuroscan Synamps2,University of Arizona,~~,250.0,0.0,sub-074_task-Rest_run-01_eeg.set,.set,/mnt/datasets_v7/gokul/EEGData/ds003478/sub-074/eeg/sub-074_task-Rest_run-01_eeg.set,/mnt/datasets_v7/gokul/EEGData/ds003478/sub-074,/mnt/datasets_v7/gokul/EEGData/ds003478/sub-074/eeg/sub-074_task-Rest_run-01_eeg.json,/mnt/datasets_v7/gokul/EEGData/ds003478/sub-074/eeg/sub-074_task-Rest_run-01_channels.tsv,/mnt/datasets_v7/gokul/EEGData/ds003478/sub-074/eeg/sub-074_task-Rest_run-01_events.tsv,2026-06-15T10:41:14
0147,sub-074,580,ds003478,sub-074,,,02,19,1,0,28,No Interview,,,control,Rest,Rest,,both,500.0,60,220.52,110260,continuous,67,64,3,,,FP1;FPZ;FP2;AF3;AF4;F7;F5;F3;F1;FZ;F2;F4;F6;F8;FT7;FC5;FC3;FC1;FCZ;FC2;FC4;FC6;FT8;T7;C5;C3;C1;CZ;C2;C4;C6;T8;M1;TP7;CP5;CP3;CP1;CPZ;CP2;CP4;CP6;TP8;M2;P7;P5;P3;P1;PZ;P2;P4;P6;P8;PO7;PO5;PO3;POZ;PO4;PO6;PO8;CB1;O1;OZ;O2;CB2;HEOG;VEOG;EKG,Between Cz & CPz,AFz,,n/a,,,Neuroscan Synamps2,University of Arizona,~~,250.0,0.0,sub-074_task-Rest_run-02_eeg.set,.set,/mnt/datasets_v7/gokul/EEGData/ds003478/sub-074/eeg/sub-074_task-Rest_run-02_eeg.set,/mnt/datasets_v7/gokul/EEGData/ds003478/sub-074,/mnt/datasets_v7/gokul/EEGData/ds003478/sub-074/eeg/sub-074_task-Rest_run-02_eeg.json,/mnt/datasets_v7/gokul/EEGData/ds003478/sub-074/eeg/sub-074_task-Rest_run-02_channels.tsv,/mnt/datasets_v7/gokul/EEGData/ds003478/sub-074/eeg/sub-074_task-Rest_run-02_events.tsv,2026-06-15T10:41:14
0148,sub-075,581,ds003478,sub-075,,,01,18,2,4,31,No Interview,,,control,Rest,Rest,,,500.0,60,533.5,266750,continuous,66,64,2,,,FP1;FPZ;FP2;AF3;AF4;F7;F5;F3;F1;FZ;F2;F4;F6;F8;FT7;FC5;FC3;FC1;FCZ;FC2;FC4;FC6;FT8;T7;C5;C3;C1;CZ;C2;C4;C6;T8;M1;TP7;CP5;CP3;CP1;CPZ;CP2;CP4;CP6;TP8;M2;P7;P5;P3;P1;PZ;P2;P4;P6;P8;PO7;PO5;PO3;POZ;PO4;PO6;PO8;CB1;O1;OZ;O2;CB2;HEOG;VEOG,Between Cz & CPz,AFz,,n/a,,,Neuroscan Synamps2,University of Arizona,~~,250.0,0.0,sub-075_task-Rest_run-01_eeg.set,.set,/mnt/datasets_v7/gokul/EEGData/ds003478/sub-075/eeg/sub-075_task-Rest_run-01_eeg.set,/mnt/datasets_v7/gokul/EEGData/ds003478/sub-075,/mnt/datasets_v7/gokul/EEGData/ds003478/sub-075/eeg/sub-075_task-Rest_run-01_eeg.json,/mnt/datasets_v7/gokul/EEGData/ds003478/sub-075/eeg/sub-075_task-Rest_run-01_channels.tsv,/mnt/datasets_v7/gokul/EEGData/ds003478/sub-075/eeg/sub-075_task-Rest_run-01_events.tsv,2026-06-15T10:41:14
0149,sub-075,581,ds003478,sub-075,,,02,18,2,4,31,No Interview,,,control,Rest,Rest,,both,500.0,60,228.344,114172,continuous,66,64,2,,,FP1;FPZ;FP2;AF3;AF4;F7;F5;F3;F1;FZ;F2;F4;F6;F8;FT7;FC5;FC3;FC1;FCZ;FC2;FC4;FC6;FT8;T7;C5;C3;C1;CZ;C2;C4;C6;T8;M1;TP7;CP5;CP3;CP1;CPZ;CP2;CP4;CP6;TP8;M2;P7;P5;P3;P1;PZ;P2;P4;P6;P8;PO7;PO5;PO3;POZ;PO4;PO6;PO8;CB1;O1;OZ;O2;CB2;HEOG;VEOG,Between Cz & CPz,AFz,,n/a,,,Neuroscan Synamps2,University of Arizona,~~,250.0,0.0,sub-075_task-Rest_run-02_eeg.set,.set,/mnt/datasets_v7/gokul/EEGData/ds003478/sub-075/eeg/sub-075_task-Rest_run-02_eeg.set,/mnt/datasets_v7/gokul/EEGData/ds003478/sub-075,/mnt/datasets_v7/gokul/EEGData/ds003478/sub-075/eeg/sub-075_task-Rest_run-02_eeg.json,/mnt/datasets_v7/gokul/EEGData/ds003478/sub-075/eeg/sub-075_task-Rest_run-02_channels.tsv,/mnt/datasets_v7/gokul/EEGData/ds003478/sub-075/eeg/sub-075_task-Rest_run-02_events.tsv,2026-06-15T10:41:14
0150,sub-076,582,ds003478,sub-076,,,01,18,2,2,27,No Interview,,,control,Rest,Rest,,both,500.0,60,520.68,260339,continuous,67,64,3,,,FP1;FPZ;FP2;AF3;AF4;F7;F5;F3;F1;FZ;F2;F4;F6;F8;FT7;FC5;FC3;FC1;FCZ;FC2;FC4;FC6;FT8;T7;C5;C3;C1;CZ;C2;C4;C6;T8;M1;TP7;CP5;CP3;CP1;CPZ;CP2;CP4;CP6;TP8;M2;P7;P5;P3;P1;PZ;P2;P4;P6;P8;PO7;PO5;PO3;POZ;PO4;PO6;PO8;CB1;O1;OZ;O2;CB2;HEOG;VEOG;EKG,Between Cz & CPz,AFz,,n/a,,,Neuroscan Synamps2,University of Arizona,~~,250.0,0.0,sub-076_task-Rest_run-01_eeg.set,.set,/mnt/datasets_v7/gokul/EEGData/ds003478/sub-076/eeg/sub-076_task-Rest_run-01_eeg.set,/mnt/datasets_v7/gokul/EEGData/ds003478/sub-076,/mnt/datasets_v7/gokul/EEGData/ds003478/sub-076/eeg/sub-076_task-Rest_run-01_eeg.json,/mnt/datasets_v7/gokul/EEGData/ds003478/sub-076/eeg/sub-076_task-Rest_run-01_channels.tsv,/mnt/datasets_v7/gokul/EEGData/ds003478/sub-076/eeg/sub-076_task-Rest_run-01_events.tsv,2026-06-15T10:41:14
0151,sub-076,582,ds003478,sub-076,,,02,18,2,2,27,No Interview,,,control,Rest,Rest,,both,500.0,60,158.48,79240,continuous,67,64,3,,,FP1;FPZ;FP2;AF3;AF4;F7;F5;F3;F1;FZ;F2;F4;F6;F8;FT7;FC5;FC3;FC1;FCZ;FC2;FC4;FC6;FT8;T7;C5;C3;C1;CZ;C2;C4;C6;T8;M1;TP7;CP5;CP3;CP1;CPZ;CP2;CP4;CP6;TP8;M2;P7;P5;P3;P1;PZ;P2;P4;P6;P8;PO7;PO5;PO3;POZ;PO4;PO6;PO8;CB1;O1;OZ;O2;CB2;HEOG;VEOG;EKG,Between Cz & CPz,AFz,,n/a,,,Neuroscan Synamps2,University of Arizona,~~,250.0,0.0,sub-076_task-Rest_run-02_eeg.set,.set,/mnt/datasets_v7/gokul/EEGData/ds003478/sub-076/eeg/sub-076_task-Rest_run-02_eeg.set,/mnt/datasets_v7/gokul/EEGData/ds003478/sub-076,/mnt/datasets_v7/gokul/EEGData/ds003478/sub-076/eeg/sub-076_task-Rest_run-02_eeg.json,/mnt/datasets_v7/gokul/EEGData/ds003478/sub-076/eeg/sub-076_task-Rest_run-02_channels.tsv,/mnt/datasets_v7/gokul/EEGData/ds003478/sub-076/eeg/sub-076_task-Rest_run-02_events.tsv,2026-06-15T10:41:14
0152,sub-077,583,ds003478,sub-077,,,01,20,1,3,36,No Interview,,,control,Rest,Rest,,,500.0,60,508.16,254080,continuous,67,64,3,,,FP1;FPZ;FP2;AF3;AF4;F7;F5;F3;F1;FZ;F2;F4;F6;F8;FT7;FC5;FC3;FC1;FCZ;FC2;FC4;FC6;FT8;T7;C5;C3;C1;CZ;C2;C4;C6;T8;M1;TP7;CP5;CP3;CP1;CPZ;CP2;CP4;CP6;TP8;M2;P7;P5;P3;P1;PZ;P2;P4;P6;P8;PO7;PO5;PO3;POZ;PO4;PO6;PO8;CB1;O1;OZ;O2;CB2;HEOG;VEOG;EKG,Between Cz & CPz,AFz,,n/a,,,Neuroscan Synamps2,University of Arizona,~~,250.0,0.0,sub-077_task-Rest_run-01_eeg.set,.set,/mnt/datasets_v7/gokul/EEGData/ds003478/sub-077/eeg/sub-077_task-Rest_run-01_eeg.set,/mnt/datasets_v7/gokul/EEGData/ds003478/sub-077,/mnt/datasets_v7/gokul/EEGData/ds003478/sub-077/eeg/sub-077_task-Rest_run-01_eeg.json,/mnt/datasets_v7/gokul/EEGData/ds003478/sub-077/eeg/sub-077_task-Rest_run-01_channels.tsv,/mnt/datasets_v7/gokul/EEGData/ds003478/sub-077/eeg/sub-077_task-Rest_run-01_events.tsv,2026-06-15T10:41:14
0153,sub-077,583,ds003478,sub-077,,,02,20,1,3,36,No Interview,,,control,Rest,Rest,,both,500.0,60,225.584,112792,continuous,66,64,2,,,FP1;FPZ;FP2;AF3;AF4;F7;F5;F3;F1;FZ;F2;F4;F6;F8;FT7;FC5;FC3;FC1;FCZ;FC2;FC4;FC6;FT8;T7;C5;C3;C1;CZ;C2;C4;C6;T8;M1;TP7;CP5;CP3;CP1;CPZ;CP2;CP4;CP6;TP8;M2;P7;P5;P3;P1;PZ;P2;P4;P6;P8;PO7;PO5;PO3;POZ;PO4;PO6;PO8;CB1;O1;OZ;O2;CB2;HEOG;VEOG,Between Cz & CPz,AFz,,n/a,,,Neuroscan Synamps2,University of Arizona,~~,250.0,0.0,sub-077_task-Rest_run-02_eeg.set,.set,/mnt/datasets_v7/gokul/EEGData/ds003478/sub-077/eeg/sub-077_task-Rest_run-02_eeg.set,/mnt/datasets_v7/gokul/EEGData/ds003478/sub-077,/mnt/datasets_v7/gokul/EEGData/ds003478/sub-077/eeg/sub-077_task-Rest_run-02_eeg.json,/mnt/datasets_v7/gokul/EEGData/ds003478/sub-077/eeg/sub-077_task-Rest_run-02_channels.tsv,/mnt/datasets_v7/gokul/EEGData/ds003478/sub-077/eeg/sub-077_task-Rest_run-02_events.tsv,2026-06-15T10:41:14
0154,sub-078,584,ds003478,sub-078,,,01,20,2,3,34,No Interview,,,control,Rest,Rest,,both,500.0,60,491.0,245500,continuous,67,64,3,,,FP1;FPZ;FP2;AF3;AF4;F7;F5;F3;F1;FZ;F2;F4;F6;F8;FT7;FC5;FC3;FC1;FCZ;FC2;FC4;FC6;FT8;T7;C5;C3;C1;CZ;C2;C4;C6;T8;M1;TP7;CP5;CP3;CP1;CPZ;CP2;CP4;CP6;TP8;M2;P7;P5;P3;P1;PZ;P2;P4;P6;P8;PO7;PO5;PO3;POZ;PO4;PO6;PO8;CB1;O1;OZ;O2;CB2;HEOG;VEOG;EKG,Between Cz & CPz,AFz,,n/a,,,Neuroscan Synamps2,University of Arizona,~~,250.0,0.0,sub-078_task-Rest_run-01_eeg.set,.set,/mnt/datasets_v7/gokul/EEGData/ds003478/sub-078/eeg/sub-078_task-Rest_run-01_eeg.set,/mnt/datasets_v7/gokul/EEGData/ds003478/sub-078,/mnt/datasets_v7/gokul/EEGData/ds003478/sub-078/eeg/sub-078_task-Rest_run-01_eeg.json,/mnt/datasets_v7/gokul/EEGData/ds003478/sub-078/eeg/sub-078_task-Rest_run-01_channels.tsv,/mnt/datasets_v7/gokul/EEGData/ds003478/sub-078/eeg/sub-078_task-Rest_run-01_events.tsv,2026-06-15T10:41:14
0155,sub-078,584,ds003478,sub-078,,,02,20,2,3,34,No Interview,,,control,Rest,Rest,,,500.0,60,198.72,99360,continuous,67,64,3,,,FP1;FPZ;FP2;AF3;AF4;F7;F5;F3;F1;FZ;F2;F4;F6;F8;FT7;FC5;FC3;FC1;FCZ;FC2;FC4;FC6;FT8;T7;C5;C3;C1;CZ;C2;C4;C6;T8;M1;TP7;CP5;CP3;CP1;CPZ;CP2;CP4;CP6;TP8;M2;P7;P5;P3;P1;PZ;P2;P4;P6;P8;PO7;PO5;PO3;POZ;PO4;PO6;PO8;CB1;O1;OZ;O2;CB2;HEOG;VEOG;EKG,Between Cz & CPz,AFz,,n/a,,,Neuroscan Synamps2,University of Arizona,~~,250.0,0.0,sub-078_task-Rest_run-02_eeg.set,.set,/mnt/datasets_v7/gokul/EEGData/ds003478/sub-078/eeg/sub-078_task-Rest_run-02_eeg.set,/mnt/datasets_v7/gokul/EEGData/ds003478/sub-078,/mnt/datasets_v7/gokul/EEGData/ds003478/sub-078/eeg/sub-078_task-Rest_run-02_eeg.json,/mnt/datasets_v7/gokul/EEGData/ds003478/sub-078/eeg/sub-078_task-Rest_run-02_channels.tsv,/mnt/datasets_v7/gokul/EEGData/ds003478/sub-078/eeg/sub-078_task-Rest_run-02_events.tsv,2026-06-15T10:41:14
0156,sub-079,585,ds003478,sub-079,,,01,23,1,3,36,No Interview,,,control,Rest,Rest,,both,500.0,60,490.12,245060,continuous,67,64,3,,,FP1;FPZ;FP2;AF3;AF4;F7;F5;F3;F1;FZ;F2;F4;F6;F8;FT7;FC5;FC3;FC1;FCZ;FC2;FC4;FC6;FT8;T7;C5;C3;C1;CZ;C2;C4;C6;T8;M1;TP7;CP5;CP3;CP1;CPZ;CP2;CP4;CP6;TP8;M2;P7;P5;P3;P1;PZ;P2;P4;P6;P8;PO7;PO5;PO3;POZ;PO4;PO6;PO8;CB1;O1;OZ;O2;CB2;HEOG;VEOG;EKG,Between Cz & CPz,AFz,,n/a,,,Neuroscan Synamps2,University of Arizona,~~,250.0,0.0,sub-079_task-Rest_run-01_eeg.set,.set,/mnt/datasets_v7/gokul/EEGData/ds003478/sub-079/eeg/sub-079_task-Rest_run-01_eeg.set,/mnt/datasets_v7/gokul/EEGData/ds003478/sub-079,/mnt/datasets_v7/gokul/EEGData/ds003478/sub-079/eeg/sub-079_task-Rest_run-01_eeg.json,/mnt/datasets_v7/gokul/EEGData/ds003478/sub-079/eeg/sub-079_task-Rest_run-01_channels.tsv,/mnt/datasets_v7/gokul/EEGData/ds003478/sub-079/eeg/sub-079_task-Rest_run-01_events.tsv,2026-06-15T10:41:14
0157,sub-079,585,ds003478,sub-079,,,02,23,1,3,36,No Interview,,,control,Rest,Rest,,both,500.0,60,223.104,111552,continuous,66,64,2,,,FP1;FPZ;FP2;AF3;AF4;F7;F5;F3;F1;FZ;F2;F4;F6;F8;FT7;FC5;FC3;FC1;FCZ;FC2;FC4;FC6;FT8;T7;C5;C3;C1;CZ;C2;C4;C6;T8;M1;TP7;CP5;CP3;CP1;CPZ;CP2;CP4;CP6;TP8;M2;P7;P5;P3;P1;PZ;P2;P4;P6;P8;PO7;PO5;PO3;POZ;PO4;PO6;PO8;CB1;O1;OZ;O2;CB2;HEOG;VEOG,Between Cz & CPz,AFz,,n/a,,,Neuroscan Synamps2,University of Arizona,~~,250.0,0.0,sub-079_task-Rest_run-02_eeg.set,.set,/mnt/datasets_v7/gokul/EEGData/ds003478/sub-079/eeg/sub-079_task-Rest_run-02_eeg.set,/mnt/datasets_v7/gokul/EEGData/ds003478/sub-079,/mnt/datasets_v7/gokul/EEGData/ds003478/sub-079/eeg/sub-079_task-Rest_run-02_eeg.json,/mnt/datasets_v7/gokul/EEGData/ds003478/sub-079/eeg/sub-079_task-Rest_run-02_channels.tsv,/mnt/datasets_v7/gokul/EEGData/ds003478/sub-079/eeg/sub-079_task-Rest_run-02_events.tsv,2026-06-15T10:41:14
0158,sub-080,586,ds003478,sub-080,,,01,18,2,22,59,Do not meet criterion for current or past MDD,nothing,6,mdd,Rest,Rest,,both,500.0,60,461.824,230912,continuous,67,64,3,,,FP1;FPZ;FP2;AF3;AF4;F7;F5;F3;F1;FZ;F2;F4;F6;F8;FT7;FC5;FC3;FC1;FCZ;FC2;FC4;FC6;FT8;T7;C5;C3;C1;CZ;C2;C4;C6;T8;M1;TP7;CP5;CP3;CP1;CPZ;CP2;CP4;CP6;TP8;M2;P7;P5;P3;P1;PZ;P2;P4;P6;P8;PO7;PO5;PO3;POZ;PO4;PO6;PO8;CB1;O1;OZ;O2;CB2;HEOG;VEOG;EKG,Between Cz & CPz,AFz,,n/a,,,Neuroscan Synamps2,University of Arizona,~~,250.0,0.0,sub-080_task-Rest_run-01_eeg.set,.set,/mnt/datasets_v7/gokul/EEGData/ds003478/sub-080/eeg/sub-080_task-Rest_run-01_eeg.set,/mnt/datasets_v7/gokul/EEGData/ds003478/sub-080,/mnt/datasets_v7/gokul/EEGData/ds003478/sub-080/eeg/sub-080_task-Rest_run-01_eeg.json,/mnt/datasets_v7/gokul/EEGData/ds003478/sub-080/eeg/sub-080_task-Rest_run-01_channels.tsv,/mnt/datasets_v7/gokul/EEGData/ds003478/sub-080/eeg/sub-080_task-Rest_run-01_events.tsv,2026-06-15T10:41:14
0159,sub-080,586,ds003478,sub-080,,,02,18,2,22,59,Do not meet criterion for current or past MDD,nothing,6,mdd,Rest,Rest,,both,500.0,60,174.744,87372,continuous,66,64,2,,,FP1;FPZ;FP2;AF3;AF4;F7;F5;F3;F1;FZ;F2;F4;F6;F8;FT7;FC5;FC3;FC1;FCZ;FC2;FC4;FC6;FT8;T7;C5;C3;C1;CZ;C2;C4;C6;T8;M1;TP7;CP5;CP3;CP1;CPZ;CP2;CP4;CP6;TP8;M2;P7;P5;P3;P1;PZ;P2;P4;P6;P8;PO7;PO5;PO3;POZ;PO4;PO6;PO8;CB1;O1;OZ;O2;CB2;HEOG;VEOG,Between Cz & CPz,AFz,,n/a,,,Neuroscan Synamps2,University of Arizona,~~,250.0,0.0,sub-080_task-Rest_run-02_eeg.set,.set,/mnt/datasets_v7/gokul/EEGData/ds003478/sub-080/eeg/sub-080_task-Rest_run-02_eeg.set,/mnt/datasets_v7/gokul/EEGData/ds003478/sub-080,/mnt/datasets_v7/gokul/EEGData/ds003478/sub-080/eeg/sub-080_task-Rest_run-02_eeg.json,/mnt/datasets_v7/gokul/EEGData/ds003478/sub-080/eeg/sub-080_task-Rest_run-02_channels.tsv,/mnt/datasets_v7/gokul/EEGData/ds003478/sub-080/eeg/sub-080_task-Rest_run-02_events.tsv,2026-06-15T10:41:14
0160,sub-081,587,ds003478,sub-081,,,01,20,2,29,60,Current MDD,MDD: prim anhedonia,21,mdd,Rest,Rest,,both,500.0,60,491.64,245820,continuous,67,64,3,,,FP1;FPZ;FP2;AF3;AF4;F7;F5;F3;F1;FZ;F2;F4;F6;F8;FT7;FC5;FC3;FC1;FCZ;FC2;FC4;FC6;FT8;T7;C5;C3;C1;CZ;C2;C4;C6;T8;M1;TP7;CP5;CP3;CP1;CPZ;CP2;CP4;CP6;TP8;M2;P7;P5;P3;P1;PZ;P2;P4;P6;P8;PO7;PO5;PO3;POZ;PO4;PO6;PO8;CB1;O1;OZ;O2;CB2;HEOG;VEOG;EKG,Between Cz & CPz,AFz,,n/a,,,Neuroscan Synamps2,University of Arizona,~~,250.0,0.0,sub-081_task-Rest_run-01_eeg.set,.set,/mnt/datasets_v7/gokul/EEGData/ds003478/sub-081/eeg/sub-081_task-Rest_run-01_eeg.set,/mnt/datasets_v7/gokul/EEGData/ds003478/sub-081,/mnt/datasets_v7/gokul/EEGData/ds003478/sub-081/eeg/sub-081_task-Rest_run-01_eeg.json,/mnt/datasets_v7/gokul/EEGData/ds003478/sub-081/eeg/sub-081_task-Rest_run-01_channels.tsv,/mnt/datasets_v7/gokul/EEGData/ds003478/sub-081/eeg/sub-081_task-Rest_run-01_events.tsv,2026-06-15T10:41:14
0161,sub-081,587,ds003478,sub-081,,,02,20,2,29,60,Current MDD,MDD: prim anhedonia,21,mdd,Rest,Rest,,both,500.0,60,205.56,102780,continuous,67,64,3,,,FP1;FPZ;FP2;AF3;AF4;F7;F5;F3;F1;FZ;F2;F4;F6;F8;FT7;FC5;FC3;FC1;FCZ;FC2;FC4;FC6;FT8;T7;C5;C3;C1;CZ;C2;C4;C6;T8;M1;TP7;CP5;CP3;CP1;CPZ;CP2;CP4;CP6;TP8;M2;P7;P5;P3;P1;PZ;P2;P4;P6;P8;PO7;PO5;PO3;POZ;PO4;PO6;PO8;CB1;O1;OZ;O2;CB2;HEOG;VEOG;EKG,Between Cz & CPz,AFz,,n/a,,,Neuroscan Synamps2,University of Arizona,~~,250.0,0.0,sub-081_task-Rest_run-02_eeg.set,.set,/mnt/datasets_v7/gokul/EEGData/ds003478/sub-081/eeg/sub-081_task-Rest_run-02_eeg.set,/mnt/datasets_v7/gokul/EEGData/ds003478/sub-081,/mnt/datasets_v7/gokul/EEGData/ds003478/sub-081/eeg/sub-081_task-Rest_run-02_eeg.json,/mnt/datasets_v7/gokul/EEGData/ds003478/sub-081/eeg/sub-081_task-Rest_run-02_channels.tsv,/mnt/datasets_v7/gokul/EEGData/ds003478/sub-081/eeg/sub-081_task-Rest_run-02_events.tsv,2026-06-15T10:41:14
0162,sub-082,588,ds003478,sub-082,,,01,18,1,3,26,No Interview,,,control,Rest,Rest,,both,500.0,60,577.306,288653,continuous,67,64,3,,,FP1;FPZ;FP2;AF3;AF4;F7;F5;F3;F1;FZ;F2;F4;F6;F8;FT7;FC5;FC3;FC1;FCZ;FC2;FC4;FC6;FT8;T7;C5;C3;C1;CZ;C2;C4;C6;T8;M1;TP7;CP5;CP3;CP1;CPZ;CP2;CP4;CP6;TP8;M2;P7;P5;P3;P1;PZ;P2;P4;P6;P8;PO7;PO5;PO3;POZ;PO4;PO6;PO8;CB1;O1;OZ;O2;CB2;HEOG;VEOG;EKG,Between Cz & CPz,AFz,,n/a,,,Neuroscan Synamps2,University of Arizona,~~,250.0,0.0,sub-082_task-Rest_run-01_eeg.set,.set,/mnt/datasets_v7/gokul/EEGData/ds003478/sub-082/eeg/sub-082_task-Rest_run-01_eeg.set,/mnt/datasets_v7/gokul/EEGData/ds003478/sub-082,/mnt/datasets_v7/gokul/EEGData/ds003478/sub-082/eeg/sub-082_task-Rest_run-01_eeg.json,/mnt/datasets_v7/gokul/EEGData/ds003478/sub-082/eeg/sub-082_task-Rest_run-01_channels.tsv,/mnt/datasets_v7/gokul/EEGData/ds003478/sub-082/eeg/sub-082_task-Rest_run-01_events.tsv,2026-06-15T10:41:14
0163,sub-082,588,ds003478,sub-082,,,02,18,1,3,26,No Interview,,,control,Rest,Rest,,both,500.0,60,214.0,107000,continuous,67,64,3,,,FP1;FPZ;FP2;AF3;AF4;F7;F5;F3;F1;FZ;F2;F4;F6;F8;FT7;FC5;FC3;FC1;FCZ;FC2;FC4;FC6;FT8;T7;C5;C3;C1;CZ;C2;C4;C6;T8;M1;TP7;CP5;CP3;CP1;CPZ;CP2;CP4;CP6;TP8;M2;P7;P5;P3;P1;PZ;P2;P4;P6;P8;PO7;PO5;PO3;POZ;PO4;PO6;PO8;CB1;O1;OZ;O2;CB2;HEOG;VEOG;EKG,Between Cz & CPz,AFz,,n/a,,,Neuroscan Synamps2,University of Arizona,~~,250.0,0.0,sub-082_task-Rest_run-02_eeg.set,.set,/mnt/datasets_v7/gokul/EEGData/ds003478/sub-082/eeg/sub-082_task-Rest_run-02_eeg.set,/mnt/datasets_v7/gokul/EEGData/ds003478/sub-082,/mnt/datasets_v7/gokul/EEGData/ds003478/sub-082/eeg/sub-082_task-Rest_run-02_eeg.json,/mnt/datasets_v7/gokul/EEGData/ds003478/sub-082/eeg/sub-082_task-Rest_run-02_channels.tsv,/mnt/datasets_v7/gokul/EEGData/ds003478/sub-082/eeg/sub-082_task-Rest_run-02_events.tsv,2026-06-15T10:41:14
0164,sub-083,589,ds003478,sub-083,,,01,19,2,0,30,No Interview,,,control,Rest,Rest,,,500.0,60,493.95,246975,continuous,66,64,2,,,FP1;FPZ;FP2;AF3;AF4;F7;F5;F3;F1;FZ;F2;F4;F6;F8;FT7;FC5;FC3;FC1;FCZ;FC2;FC4;FC6;FT8;T7;C5;C3;C1;CZ;C2;C4;C6;T8;M1;TP7;CP5;CP3;CP1;CPZ;CP2;CP4;CP6;TP8;M2;P7;P5;P3;P1;PZ;P2;P4;P6;P8;PO7;PO5;PO3;POZ;PO4;PO6;PO8;CB1;O1;OZ;O2;CB2;HEOG;VEOG,Between Cz & CPz,AFz,,n/a,,,Neuroscan Synamps2,University of Arizona,~~,250.0,0.0,sub-083_task-Rest_run-01_eeg.set,.set,/mnt/datasets_v7/gokul/EEGData/ds003478/sub-083/eeg/sub-083_task-Rest_run-01_eeg.set,/mnt/datasets_v7/gokul/EEGData/ds003478/sub-083,/mnt/datasets_v7/gokul/EEGData/ds003478/sub-083/eeg/sub-083_task-Rest_run-01_eeg.json,/mnt/datasets_v7/gokul/EEGData/ds003478/sub-083/eeg/sub-083_task-Rest_run-01_channels.tsv,/mnt/datasets_v7/gokul/EEGData/ds003478/sub-083/eeg/sub-083_task-Rest_run-01_events.tsv,2026-06-15T10:41:14
0165,sub-083,589,ds003478,sub-083,,,02,19,2,0,30,No Interview,,,control,Rest,Rest,,both,500.0,60,148.086,74043,continuous,66,64,2,,,FP1;FPZ;FP2;AF3;AF4;F7;F5;F3;F1;FZ;F2;F4;F6;F8;FT7;FC5;FC3;FC1;FCZ;FC2;FC4;FC6;FT8;T7;C5;C3;C1;CZ;C2;C4;C6;T8;M1;TP7;CP5;CP3;CP1;CPZ;CP2;CP4;CP6;TP8;M2;P7;P5;P3;P1;PZ;P2;P4;P6;P8;PO7;PO5;PO3;POZ;PO4;PO6;PO8;CB1;O1;OZ;O2;CB2;HEOG;VEOG,Between Cz & CPz,AFz,,n/a,,,Neuroscan Synamps2,University of Arizona,~~,250.0,0.0,sub-083_task-Rest_run-02_eeg.set,.set,/mnt/datasets_v7/gokul/EEGData/ds003478/sub-083/eeg/sub-083_task-Rest_run-02_eeg.set,/mnt/datasets_v7/gokul/EEGData/ds003478/sub-083,/mnt/datasets_v7/gokul/EEGData/ds003478/sub-083/eeg/sub-083_task-Rest_run-02_eeg.json,/mnt/datasets_v7/gokul/EEGData/ds003478/sub-083/eeg/sub-083_task-Rest_run-02_channels.tsv,/mnt/datasets_v7/gokul/EEGData/ds003478/sub-083/eeg/sub-083_task-Rest_run-02_events.tsv,2026-06-15T10:41:14
0166,sub-084,590,ds003478,sub-084,,,01,19,1,22,57,No Interview,,,control,Rest,Rest,,,500.0,60,497.84,248920,continuous,67,64,3,,,FP1;FPZ;FP2;AF3;AF4;F7;F5;F3;F1;FZ;F2;F4;F6;F8;FT7;FC5;FC3;FC1;FCZ;FC2;FC4;FC6;FT8;T7;C5;C3;C1;CZ;C2;C4;C6;T8;M1;TP7;CP5;CP3;CP1;CPZ;CP2;CP4;CP6;TP8;M2;P7;P5;P3;P1;PZ;P2;P4;P6;P8;PO7;PO5;PO3;POZ;PO4;PO6;PO8;CB1;O1;OZ;O2;CB2;HEOG;VEOG;EKG,Between Cz & CPz,AFz,,n/a,,,Neuroscan Synamps2,University of Arizona,~~,250.0,0.0,sub-084_task-Rest_run-01_eeg.set,.set,/mnt/datasets_v7/gokul/EEGData/ds003478/sub-084/eeg/sub-084_task-Rest_run-01_eeg.set,/mnt/datasets_v7/gokul/EEGData/ds003478/sub-084,/mnt/datasets_v7/gokul/EEGData/ds003478/sub-084/eeg/sub-084_task-Rest_run-01_eeg.json,/mnt/datasets_v7/gokul/EEGData/ds003478/sub-084/eeg/sub-084_task-Rest_run-01_channels.tsv,/mnt/datasets_v7/gokul/EEGData/ds003478/sub-084/eeg/sub-084_task-Rest_run-01_events.tsv,2026-06-15T10:41:14
0167,sub-084,590,ds003478,sub-084,,,02,19,1,22,57,No Interview,,,control,Rest,Rest,,both,500.0,60,233.16,116580,continuous,67,64,3,,,FP1;FPZ;FP2;AF3;AF4;F7;F5;F3;F1;FZ;F2;F4;F6;F8;FT7;FC5;FC3;FC1;FCZ;FC2;FC4;FC6;FT8;T7;C5;C3;C1;CZ;C2;C4;C6;T8;M1;TP7;CP5;CP3;CP1;CPZ;CP2;CP4;CP6;TP8;M2;P7;P5;P3;P1;PZ;P2;P4;P6;P8;PO7;PO5;PO3;POZ;PO4;PO6;PO8;CB1;O1;OZ;O2;CB2;HEOG;VEOG;EKG,Between Cz & CPz,AFz,,n/a,,,Neuroscan Synamps2,University of Arizona,~~,250.0,0.0,sub-084_task-Rest_run-02_eeg.set,.set,/mnt/datasets_v7/gokul/EEGData/ds003478/sub-084/eeg/sub-084_task-Rest_run-02_eeg.set,/mnt/datasets_v7/gokul/EEGData/ds003478/sub-084,/mnt/datasets_v7/gokul/EEGData/ds003478/sub-084/eeg/sub-084_task-Rest_run-02_eeg.json,/mnt/datasets_v7/gokul/EEGData/ds003478/sub-084/eeg/sub-084_task-Rest_run-02_channels.tsv,/mnt/datasets_v7/gokul/EEGData/ds003478/sub-084/eeg/sub-084_task-Rest_run-02_events.tsv,2026-06-15T10:41:14
0168,sub-085,591,ds003478,sub-085,,,01,19,2,30,65,Current MDD,"MDD: Vague psychotic, sub dx anxiety",11,mdd,Rest,Rest,,both,500.0,60,501.47,250735,continuous,66,64,2,,,FP1;FPZ;FP2;AF3;AF4;F7;F5;F3;F1;FZ;F2;F4;F6;F8;FT7;FC5;FC3;FC1;FCZ;FC2;FC4;FC6;FT8;T7;C5;C3;C1;CZ;C2;C4;C6;T8;M1;TP7;CP5;CP3;CP1;CPZ;CP2;CP4;CP6;TP8;M2;P7;P5;P3;P1;PZ;P2;P4;P6;P8;PO7;PO5;PO3;POZ;PO4;PO6;PO8;CB1;O1;OZ;O2;CB2;HEOG;VEOG,Between Cz & CPz,AFz,,n/a,,,Neuroscan Synamps2,University of Arizona,~~,250.0,0.0,sub-085_task-Rest_run-01_eeg.set,.set,/mnt/datasets_v7/gokul/EEGData/ds003478/sub-085/eeg/sub-085_task-Rest_run-01_eeg.set,/mnt/datasets_v7/gokul/EEGData/ds003478/sub-085,/mnt/datasets_v7/gokul/EEGData/ds003478/sub-085/eeg/sub-085_task-Rest_run-01_eeg.json,/mnt/datasets_v7/gokul/EEGData/ds003478/sub-085/eeg/sub-085_task-Rest_run-01_channels.tsv,/mnt/datasets_v7/gokul/EEGData/ds003478/sub-085/eeg/sub-085_task-Rest_run-01_events.tsv,2026-06-15T10:41:14
0169,sub-085,591,ds003478,sub-085,,,02,19,2,30,65,Current MDD,"MDD: Vague psychotic, sub dx anxiety",11,mdd,Rest,Rest,,both,500.0,60,234.888,117444,continuous,66,64,2,,,FP1;FPZ;FP2;AF3;AF4;F7;F5;F3;F1;FZ;F2;F4;F6;F8;FT7;FC5;FC3;FC1;FCZ;FC2;FC4;FC6;FT8;T7;C5;C3;C1;CZ;C2;C4;C6;T8;M1;TP7;CP5;CP3;CP1;CPZ;CP2;CP4;CP6;TP8;M2;P7;P5;P3;P1;PZ;P2;P4;P6;P8;PO7;PO5;PO3;POZ;PO4;PO6;PO8;CB1;O1;OZ;O2;CB2;HEOG;VEOG,Between Cz & CPz,AFz,,n/a,,,Neuroscan Synamps2,University of Arizona,~~,250.0,0.0,sub-085_task-Rest_run-02_eeg.set,.set,/mnt/datasets_v7/gokul/EEGData/ds003478/sub-085/eeg/sub-085_task-Rest_run-02_eeg.set,/mnt/datasets_v7/gokul/EEGData/ds003478/sub-085,/mnt/datasets_v7/gokul/EEGData/ds003478/sub-085/eeg/sub-085_task-Rest_run-02_eeg.json,/mnt/datasets_v7/gokul/EEGData/ds003478/sub-085/eeg/sub-085_task-Rest_run-02_channels.tsv,/mnt/datasets_v7/gokul/EEGData/ds003478/sub-085/eeg/sub-085_task-Rest_run-02_events.tsv,2026-06-15T10:41:14
0170,sub-086,592,ds003478,sub-086,,,01,18,1,27,60,Past MDD,past MDD - past Manic - past Panic (not Panic D/O),6,mdd,Rest,Rest,,,500.0,60,502.08,251040,continuous,67,64,3,,,FP1;FPZ;FP2;AF3;AF4;F7;F5;F3;F1;FZ;F2;F4;F6;F8;FT7;FC5;FC3;FC1;FCZ;FC2;FC4;FC6;FT8;T7;C5;C3;C1;CZ;C2;C4;C6;T8;M1;TP7;CP5;CP3;CP1;CPZ;CP2;CP4;CP6;TP8;M2;P7;P5;P3;P1;PZ;P2;P4;P6;P8;PO7;PO5;PO3;POZ;PO4;PO6;PO8;CB1;O1;OZ;O2;CB2;HEOG;VEOG;EKG,Between Cz & CPz,AFz,,n/a,,,Neuroscan Synamps2,University of Arizona,~~,250.0,0.0,sub-086_task-Rest_run-01_eeg.set,.set,/mnt/datasets_v7/gokul/EEGData/ds003478/sub-086/eeg/sub-086_task-Rest_run-01_eeg.set,/mnt/datasets_v7/gokul/EEGData/ds003478/sub-086,/mnt/datasets_v7/gokul/EEGData/ds003478/sub-086/eeg/sub-086_task-Rest_run-01_eeg.json,/mnt/datasets_v7/gokul/EEGData/ds003478/sub-086/eeg/sub-086_task-Rest_run-01_channels.tsv,/mnt/datasets_v7/gokul/EEGData/ds003478/sub-086/eeg/sub-086_task-Rest_run-01_events.tsv,2026-06-15T10:41:14
0171,sub-086,592,ds003478,sub-086,,,02,18,1,27,60,Past MDD,past MDD - past Manic - past Panic (not Panic D/O),6,mdd,Rest,Rest,,both,500.0,60,223.824,111912,continuous,66,64,2,,,FP1;FPZ;FP2;AF3;AF4;F7;F5;F3;F1;FZ;F2;F4;F6;F8;FT7;FC5;FC3;FC1;FCZ;FC2;FC4;FC6;FT8;T7;C5;C3;C1;CZ;C2;C4;C6;T8;M1;TP7;CP5;CP3;CP1;CPZ;CP2;CP4;CP6;TP8;M2;P7;P5;P3;P1;PZ;P2;P4;P6;P8;PO7;PO5;PO3;POZ;PO4;PO6;PO8;CB1;O1;OZ;O2;CB2;HEOG;VEOG,Between Cz & CPz,AFz,,n/a,,,Neuroscan Synamps2,University of Arizona,~~,250.0,0.0,sub-086_task-Rest_run-02_eeg.set,.set,/mnt/datasets_v7/gokul/EEGData/ds003478/sub-086/eeg/sub-086_task-Rest_run-02_eeg.set,/mnt/datasets_v7/gokul/EEGData/ds003478/sub-086,/mnt/datasets_v7/gokul/EEGData/ds003478/sub-086/eeg/sub-086_task-Rest_run-02_eeg.json,/mnt/datasets_v7/gokul/EEGData/ds003478/sub-086/eeg/sub-086_task-Rest_run-02_channels.tsv,/mnt/datasets_v7/gokul/EEGData/ds003478/sub-086/eeg/sub-086_task-Rest_run-02_events.tsv,2026-06-15T10:41:14
0172,sub-087,593,ds003478,sub-087,,,01,20,1,1,35,No Interview,,,control,Rest,Rest,,,500.0,60,495.04,247520,continuous,67,64,3,,,FP1;FPZ;FP2;AF3;AF4;F7;F5;F3;F1;FZ;F2;F4;F6;F8;FT7;FC5;FC3;FC1;FCZ;FC2;FC4;FC6;FT8;T7;C5;C3;C1;CZ;C2;C4;C6;T8;M1;TP7;CP5;CP3;CP1;CPZ;CP2;CP4;CP6;TP8;M2;P7;P5;P3;P1;PZ;P2;P4;P6;P8;PO7;PO5;PO3;POZ;PO4;PO6;PO8;CB1;O1;OZ;O2;CB2;HEOG;VEOG;EKG,Between Cz & CPz,AFz,,n/a,,,Neuroscan Synamps2,University of Arizona,~~,250.0,0.0,sub-087_task-Rest_run-01_eeg.set,.set,/mnt/datasets_v7/gokul/EEGData/ds003478/sub-087/eeg/sub-087_task-Rest_run-01_eeg.set,/mnt/datasets_v7/gokul/EEGData/ds003478/sub-087,/mnt/datasets_v7/gokul/EEGData/ds003478/sub-087/eeg/sub-087_task-Rest_run-01_eeg.json,/mnt/datasets_v7/gokul/EEGData/ds003478/sub-087/eeg/sub-087_task-Rest_run-01_channels.tsv,/mnt/datasets_v7/gokul/EEGData/ds003478/sub-087/eeg/sub-087_task-Rest_run-01_events.tsv,2026-06-15T10:41:14
0173,sub-087,593,ds003478,sub-087,,,02,20,1,1,35,No Interview,,,control,Rest,Rest,,both,500.0,60,231.4,115700,continuous,67,64,3,,,FP1;FPZ;FP2;AF3;AF4;F7;F5;F3;F1;FZ;F2;F4;F6;F8;FT7;FC5;FC3;FC1;FCZ;FC2;FC4;FC6;FT8;T7;C5;C3;C1;CZ;C2;C4;C6;T8;M1;TP7;CP5;CP3;CP1;CPZ;CP2;CP4;CP6;TP8;M2;P7;P5;P3;P1;PZ;P2;P4;P6;P8;PO7;PO5;PO3;POZ;PO4;PO6;PO8;CB1;O1;OZ;O2;CB2;HEOG;VEOG;EKG,Between Cz & CPz,AFz,,n/a,,,Neuroscan Synamps2,University of Arizona,~~,250.0,0.0,sub-087_task-Rest_run-02_eeg.set,.set,/mnt/datasets_v7/gokul/EEGData/ds003478/sub-087/eeg/sub-087_task-Rest_run-02_eeg.set,/mnt/datasets_v7/gokul/EEGData/ds003478/sub-087,/mnt/datasets_v7/gokul/EEGData/ds003478/sub-087/eeg/sub-087_task-Rest_run-02_eeg.json,/mnt/datasets_v7/gokul/EEGData/ds003478/sub-087/eeg/sub-087_task-Rest_run-02_channels.tsv,/mnt/datasets_v7/gokul/EEGData/ds003478/sub-087/eeg/sub-087_task-Rest_run-02_events.tsv,2026-06-15T10:41:14
0174,sub-088,594,ds003478,sub-088,,,01,18,1,19,61,Past MDD,past MDD: subst induced,9,mdd,Rest,Rest,,both,500.0,60,493.24,246620,continuous,67,64,3,,,FP1;FPZ;FP2;AF3;AF4;F7;F5;F3;F1;FZ;F2;F4;F6;F8;FT7;FC5;FC3;FC1;FCZ;FC2;FC4;FC6;FT8;T7;C5;C3;C1;CZ;C2;C4;C6;T8;M1;TP7;CP5;CP3;CP1;CPZ;CP2;CP4;CP6;TP8;M2;P7;P5;P3;P1;PZ;P2;P4;P6;P8;PO7;PO5;PO3;POZ;PO4;PO6;PO8;CB1;O1;OZ;O2;CB2;HEOG;VEOG;EKG,Between Cz & CPz,AFz,,n/a,,,Neuroscan Synamps2,University of Arizona,~~,250.0,0.0,sub-088_task-Rest_run-01_eeg.set,.set,/mnt/datasets_v7/gokul/EEGData/ds003478/sub-088/eeg/sub-088_task-Rest_run-01_eeg.set,/mnt/datasets_v7/gokul/EEGData/ds003478/sub-088,/mnt/datasets_v7/gokul/EEGData/ds003478/sub-088/eeg/sub-088_task-Rest_run-01_eeg.json,/mnt/datasets_v7/gokul/EEGData/ds003478/sub-088/eeg/sub-088_task-Rest_run-01_channels.tsv,/mnt/datasets_v7/gokul/EEGData/ds003478/sub-088/eeg/sub-088_task-Rest_run-01_events.tsv,2026-06-15T10:41:14
0175,sub-088,594,ds003478,sub-088,,,02,18,1,19,61,Past MDD,past MDD: subst induced,9,mdd,Rest,Rest,,both,500.0,60,246.85,123425,continuous,67,64,3,,,FP1;FPZ;FP2;AF3;AF4;F7;F5;F3;F1;FZ;F2;F4;F6;F8;FT7;FC5;FC3;FC1;FCZ;FC2;FC4;FC6;FT8;T7;C5;C3;C1;CZ;C2;C4;C6;T8;M1;TP7;CP5;CP3;CP1;CPZ;CP2;CP4;CP6;TP8;M2;P7;P5;P3;P1;PZ;P2;P4;P6;P8;PO7;PO5;PO3;POZ;PO4;PO6;PO8;CB1;O1;OZ;O2;CB2;HEOG;VEOG;EKG,Between Cz & CPz,AFz,,n/a,,,Neuroscan Synamps2,University of Arizona,~~,250.0,0.0,sub-088_task-Rest_run-02_eeg.set,.set,/mnt/datasets_v7/gokul/EEGData/ds003478/sub-088/eeg/sub-088_task-Rest_run-02_eeg.set,/mnt/datasets_v7/gokul/EEGData/ds003478/sub-088,/mnt/datasets_v7/gokul/EEGData/ds003478/sub-088/eeg/sub-088_task-Rest_run-02_eeg.json,/mnt/datasets_v7/gokul/EEGData/ds003478/sub-088/eeg/sub-088_task-Rest_run-02_channels.tsv,/mnt/datasets_v7/gokul/EEGData/ds003478/sub-088/eeg/sub-088_task-Rest_run-02_events.tsv,2026-06-15T10:41:14
0176,sub-089,595,ds003478,sub-089,,,01,19,2,20,50,Past MDD,past MDD - likely Narcissistic,9,mdd,Rest,Rest,,both,500.0,60,492.64,246320,continuous,67,64,3,,,FP1;FPZ;FP2;AF3;AF4;F7;F5;F3;F1;FZ;F2;F4;F6;F8;FT7;FC5;FC3;FC1;FCZ;FC2;FC4;FC6;FT8;T7;C5;C3;C1;CZ;C2;C4;C6;T8;M1;TP7;CP5;CP3;CP1;CPZ;CP2;CP4;CP6;TP8;M2;P7;P5;P3;P1;PZ;P2;P4;P6;P8;PO7;PO5;PO3;POZ;PO4;PO6;PO8;CB1;O1;OZ;O2;CB2;HEOG;VEOG;EKG,Between Cz & CPz,AFz,,n/a,,,Neuroscan Synamps2,University of Arizona,~~,250.0,0.0,sub-089_task-Rest_run-01_eeg.set,.set,/mnt/datasets_v7/gokul/EEGData/ds003478/sub-089/eeg/sub-089_task-Rest_run-01_eeg.set,/mnt/datasets_v7/gokul/EEGData/ds003478/sub-089,/mnt/datasets_v7/gokul/EEGData/ds003478/sub-089/eeg/sub-089_task-Rest_run-01_eeg.json,/mnt/datasets_v7/gokul/EEGData/ds003478/sub-089/eeg/sub-089_task-Rest_run-01_channels.tsv,/mnt/datasets_v7/gokul/EEGData/ds003478/sub-089/eeg/sub-089_task-Rest_run-01_events.tsv,2026-06-15T10:41:14
0177,sub-089,595,ds003478,sub-089,,,02,19,2,20,50,Past MDD,past MDD - likely Narcissistic,9,mdd,Rest,Rest,,,500.0,60,166.48,83240,continuous,67,64,3,,,FP1;FPZ;FP2;AF3;AF4;F7;F5;F3;F1;FZ;F2;F4;F6;F8;FT7;FC5;FC3;FC1;FCZ;FC2;FC4;FC6;FT8;T7;C5;C3;C1;CZ;C2;C4;C6;T8;M1;TP7;CP5;CP3;CP1;CPZ;CP2;CP4;CP6;TP8;M2;P7;P5;P3;P1;PZ;P2;P4;P6;P8;PO7;PO5;PO3;POZ;PO4;PO6;PO8;CB1;O1;OZ;O2;CB2;HEOG;VEOG;EKG,Between Cz & CPz,AFz,,n/a,,,Neuroscan Synamps2,University of Arizona,~~,250.0,0.0,sub-089_task-Rest_run-02_eeg.set,.set,/mnt/datasets_v7/gokul/EEGData/ds003478/sub-089/eeg/sub-089_task-Rest_run-02_eeg.set,/mnt/datasets_v7/gokul/EEGData/ds003478/sub-089,/mnt/datasets_v7/gokul/EEGData/ds003478/sub-089/eeg/sub-089_task-Rest_run-02_eeg.json,/mnt/datasets_v7/gokul/EEGData/ds003478/sub-089/eeg/sub-089_task-Rest_run-02_channels.tsv,/mnt/datasets_v7/gokul/EEGData/ds003478/sub-089/eeg/sub-089_task-Rest_run-02_events.tsv,2026-06-15T10:41:14
0178,sub-090,596,ds003478,sub-090,,,01,20,1,0,25,No Interview,,,control,Rest,Rest,,both,500.0,60,493.27,246635,continuous,66,64,2,,,FP1;FPZ;FP2;AF3;AF4;F7;F5;F3;F1;FZ;F2;F4;F6;F8;FT7;FC5;FC3;FC1;FCZ;FC2;FC4;FC6;FT8;T7;C5;C3;C1;CZ;C2;C4;C6;T8;M1;TP7;CP5;CP3;CP1;CPZ;CP2;CP4;CP6;TP8;M2;P7;P5;P3;P1;PZ;P2;P4;P6;P8;PO7;PO5;PO3;POZ;PO4;PO6;PO8;CB1;O1;OZ;O2;CB2;HEOG;VEOG,Between Cz & CPz,AFz,,n/a,,,Neuroscan Synamps2,University of Arizona,~~,250.0,0.0,sub-090_task-Rest_run-01_eeg.set,.set,/mnt/datasets_v7/gokul/EEGData/ds003478/sub-090/eeg/sub-090_task-Rest_run-01_eeg.set,/mnt/datasets_v7/gokul/EEGData/ds003478/sub-090,/mnt/datasets_v7/gokul/EEGData/ds003478/sub-090/eeg/sub-090_task-Rest_run-01_eeg.json,/mnt/datasets_v7/gokul/EEGData/ds003478/sub-090/eeg/sub-090_task-Rest_run-01_channels.tsv,/mnt/datasets_v7/gokul/EEGData/ds003478/sub-090/eeg/sub-090_task-Rest_run-01_events.tsv,2026-06-15T10:41:14
0179,sub-090,596,ds003478,sub-090,,,02,20,1,0,25,No Interview,,,control,Rest,Rest,,both,500.0,60,211.664,105832,continuous,66,64,2,,,FP1;FPZ;FP2;AF3;AF4;F7;F5;F3;F1;FZ;F2;F4;F6;F8;FT7;FC5;FC3;FC1;FCZ;FC2;FC4;FC6;FT8;T7;C5;C3;C1;CZ;C2;C4;C6;T8;M1;TP7;CP5;CP3;CP1;CPZ;CP2;CP4;CP6;TP8;M2;P7;P5;P3;P1;PZ;P2;P4;P6;P8;PO7;PO5;PO3;POZ;PO4;PO6;PO8;CB1;O1;OZ;O2;CB2;HEOG;VEOG,Between Cz & CPz,AFz,,n/a,,,Neuroscan Synamps2,University of Arizona,~~,250.0,0.0,sub-090_task-Rest_run-02_eeg.set,.set,/mnt/datasets_v7/gokul/EEGData/ds003478/sub-090/eeg/sub-090_task-Rest_run-02_eeg.set,/mnt/datasets_v7/gokul/EEGData/ds003478/sub-090,/mnt/datasets_v7/gokul/EEGData/ds003478/sub-090/eeg/sub-090_task-Rest_run-02_eeg.json,/mnt/datasets_v7/gokul/EEGData/ds003478/sub-090/eeg/sub-090_task-Rest_run-02_channels.tsv,/mnt/datasets_v7/gokul/EEGData/ds003478/sub-090/eeg/sub-090_task-Rest_run-02_events.tsv,2026-06-15T10:41:14
0180,sub-091,597,ds003478,sub-091,,,01,19,1,13,57,Past MDD,"past MDD - GAD, social Phobia - subsyndromal / unremitted Dep",21,mdd,Rest,Rest,,,500.0,60,567.64,283820,continuous,67,64,3,,,FP1;FPZ;FP2;AF3;AF4;F7;F5;F3;F1;FZ;F2;F4;F6;F8;FT7;FC5;FC3;FC1;FCZ;FC2;FC4;FC6;FT8;T7;C5;C3;C1;CZ;C2;C4;C6;T8;M1;TP7;CP5;CP3;CP1;CPZ;CP2;CP4;CP6;TP8;M2;P7;P5;P3;P1;PZ;P2;P4;P6;P8;PO7;PO5;PO3;POZ;PO4;PO6;PO8;CB1;O1;OZ;O2;CB2;HEOG;VEOG;EKG,Between Cz & CPz,AFz,,n/a,,,Neuroscan Synamps2,University of Arizona,~~,250.0,0.0,sub-091_task-Rest_run-01_eeg.set,.set,/mnt/datasets_v7/gokul/EEGData/ds003478/sub-091/eeg/sub-091_task-Rest_run-01_eeg.set,/mnt/datasets_v7/gokul/EEGData/ds003478/sub-091,/mnt/datasets_v7/gokul/EEGData/ds003478/sub-091/eeg/sub-091_task-Rest_run-01_eeg.json,/mnt/datasets_v7/gokul/EEGData/ds003478/sub-091/eeg/sub-091_task-Rest_run-01_channels.tsv,/mnt/datasets_v7/gokul/EEGData/ds003478/sub-091/eeg/sub-091_task-Rest_run-01_events.tsv,2026-06-15T10:41:14
0181,sub-091,597,ds003478,sub-091,,,02,19,1,13,57,Past MDD,"past MDD - GAD, social Phobia - subsyndromal / unremitted Dep",21,mdd,Rest,Rest,,,500.0,60,238.36,119180,continuous,67,64,3,,,FP1;FPZ;FP2;AF3;AF4;F7;F5;F3;F1;FZ;F2;F4;F6;F8;FT7;FC5;FC3;FC1;FCZ;FC2;FC4;FC6;FT8;T7;C5;C3;C1;CZ;C2;C4;C6;T8;M1;TP7;CP5;CP3;CP1;CPZ;CP2;CP4;CP6;TP8;M2;P7;P5;P3;P1;PZ;P2;P4;P6;P8;PO7;PO5;PO3;POZ;PO4;PO6;PO8;CB1;O1;OZ;O2;CB2;HEOG;VEOG;EKG,Between Cz & CPz,AFz,,n/a,,,Neuroscan Synamps2,University of Arizona,~~,250.0,0.0,sub-091_task-Rest_run-02_eeg.set,.set,/mnt/datasets_v7/gokul/EEGData/ds003478/sub-091/eeg/sub-091_task-Rest_run-02_eeg.set,/mnt/datasets_v7/gokul/EEGData/ds003478/sub-091,/mnt/datasets_v7/gokul/EEGData/ds003478/sub-091/eeg/sub-091_task-Rest_run-02_eeg.json,/mnt/datasets_v7/gokul/EEGData/ds003478/sub-091/eeg/sub-091_task-Rest_run-02_channels.tsv,/mnt/datasets_v7/gokul/EEGData/ds003478/sub-091/eeg/sub-091_task-Rest_run-02_events.tsv,2026-06-15T10:41:14
0182,sub-092,598,ds003478,sub-092,,,01,18,1,19,60,Do not meet criterion for current or past MDD,Spec Phobia - possibly GAD - lotsa somatic / BDD,15,mdd,Rest,Rest,,,500.0,60,454.36,227180,continuous,66,64,2,,,FP1;FPZ;FP2;AF3;AF4;F7;F5;F3;F1;FZ;F2;F4;F6;F8;FT7;FC5;FC3;FC1;FCZ;FC2;FC4;FC6;FT8;T7;C5;C3;C1;CZ;C2;C4;C6;T8;M1;TP7;CP5;CP3;CP1;CPZ;CP2;CP4;CP6;TP8;M2;P7;P5;P3;P1;PZ;P2;P4;P6;P8;PO7;PO5;PO3;POZ;PO4;PO6;PO8;CB1;O1;OZ;O2;CB2;HEOG;VEOG,Between Cz & CPz,AFz,,n/a,,,Neuroscan Synamps2,University of Arizona,~~,250.0,0.0,sub-092_task-Rest_run-01_eeg.set,.set,/mnt/datasets_v7/gokul/EEGData/ds003478/sub-092/eeg/sub-092_task-Rest_run-01_eeg.set,/mnt/datasets_v7/gokul/EEGData/ds003478/sub-092,/mnt/datasets_v7/gokul/EEGData/ds003478/sub-092/eeg/sub-092_task-Rest_run-01_eeg.json,/mnt/datasets_v7/gokul/EEGData/ds003478/sub-092/eeg/sub-092_task-Rest_run-01_channels.tsv,/mnt/datasets_v7/gokul/EEGData/ds003478/sub-092/eeg/sub-092_task-Rest_run-01_events.tsv,2026-06-15T10:41:14
0183,sub-092,598,ds003478,sub-092,,,02,18,1,19,60,Do not meet criterion for current or past MDD,Spec Phobia - possibly GAD - lotsa somatic / BDD,15,mdd,Rest,Rest,,,500.0,60,159.36,79680,continuous,66,64,2,,,FP1;FPZ;FP2;AF3;AF4;F7;F5;F3;F1;FZ;F2;F4;F6;F8;FT7;FC5;FC3;FC1;FCZ;FC2;FC4;FC6;FT8;T7;C5;C3;C1;CZ;C2;C4;C6;T8;M1;TP7;CP5;CP3;CP1;CPZ;CP2;CP4;CP6;TP8;M2;P7;P5;P3;P1;PZ;P2;P4;P6;P8;PO7;PO5;PO3;POZ;PO4;PO6;PO8;CB1;O1;OZ;O2;CB2;HEOG;VEOG,Between Cz & CPz,AFz,,n/a,,,Neuroscan Synamps2,University of Arizona,~~,250.0,0.0,sub-092_task-Rest_run-02_eeg.set,.set,/mnt/datasets_v7/gokul/EEGData/ds003478/sub-092/eeg/sub-092_task-Rest_run-02_eeg.set,/mnt/datasets_v7/gokul/EEGData/ds003478/sub-092,/mnt/datasets_v7/gokul/EEGData/ds003478/sub-092/eeg/sub-092_task-Rest_run-02_eeg.json,/mnt/datasets_v7/gokul/EEGData/ds003478/sub-092/eeg/sub-092_task-Rest_run-02_channels.tsv,/mnt/datasets_v7/gokul/EEGData/ds003478/sub-092/eeg/sub-092_task-Rest_run-02_events.tsv,2026-06-15T10:41:14
0184,sub-093,599,ds003478,sub-093,,,01,21,2,1,33,No Interview,,,control,Rest,Rest,,both,500.0,60,504.0,252000,continuous,67,64,3,,,FP1;FPZ;FP2;AF3;AF4;F7;F5;F3;F1;FZ;F2;F4;F6;F8;FT7;FC5;FC3;FC1;FCZ;FC2;FC4;FC6;FT8;T7;C5;C3;C1;CZ;C2;C4;C6;T8;M1;TP7;CP5;CP3;CP1;CPZ;CP2;CP4;CP6;TP8;M2;P7;P5;P3;P1;PZ;P2;P4;P6;P8;PO7;PO5;PO3;POZ;PO4;PO6;PO8;CB1;O1;OZ;O2;CB2;HEOG;VEOG;EKG,Between Cz & CPz,AFz,,n/a,,,Neuroscan Synamps2,University of Arizona,~~,250.0,0.0,sub-093_task-Rest_run-01_eeg.set,.set,/mnt/datasets_v7/gokul/EEGData/ds003478/sub-093/eeg/sub-093_task-Rest_run-01_eeg.set,/mnt/datasets_v7/gokul/EEGData/ds003478/sub-093,/mnt/datasets_v7/gokul/EEGData/ds003478/sub-093/eeg/sub-093_task-Rest_run-01_eeg.json,/mnt/datasets_v7/gokul/EEGData/ds003478/sub-093/eeg/sub-093_task-Rest_run-01_channels.tsv,/mnt/datasets_v7/gokul/EEGData/ds003478/sub-093/eeg/sub-093_task-Rest_run-01_events.tsv,2026-06-15T10:41:14
0185,sub-093,599,ds003478,sub-093,,,02,21,2,1,33,No Interview,,,control,Rest,Rest,,both,500.0,60,240.944,120472,continuous,66,64,2,,,FP1;FPZ;FP2;AF3;AF4;F7;F5;F3;F1;FZ;F2;F4;F6;F8;FT7;FC5;FC3;FC1;FCZ;FC2;FC4;FC6;FT8;T7;C5;C3;C1;CZ;C2;C4;C6;T8;M1;TP7;CP5;CP3;CP1;CPZ;CP2;CP4;CP6;TP8;M2;P7;P5;P3;P1;PZ;P2;P4;P6;P8;PO7;PO5;PO3;POZ;PO4;PO6;PO8;CB1;O1;OZ;O2;CB2;HEOG;VEOG,Between Cz & CPz,AFz,,n/a,,,Neuroscan Synamps2,University of Arizona,~~,250.0,0.0,sub-093_task-Rest_run-02_eeg.set,.set,/mnt/datasets_v7/gokul/EEGData/ds003478/sub-093/eeg/sub-093_task-Rest_run-02_eeg.set,/mnt/datasets_v7/gokul/EEGData/ds003478/sub-093,/mnt/datasets_v7/gokul/EEGData/ds003478/sub-093/eeg/sub-093_task-Rest_run-02_eeg.json,/mnt/datasets_v7/gokul/EEGData/ds003478/sub-093/eeg/sub-093_task-Rest_run-02_channels.tsv,/mnt/datasets_v7/gokul/EEGData/ds003478/sub-093/eeg/sub-093_task-Rest_run-02_events.tsv,2026-06-15T10:41:14
0186,sub-094,600,ds003478,sub-094,,,01,19,2,1,36,No Interview,,,control,Rest,Rest,,both,500.0,60,508.422,254211,continuous,67,64,3,,,FP1;FPZ;FP2;AF3;AF4;F7;F5;F3;F1;FZ;F2;F4;F6;F8;FT7;FC5;FC3;FC1;FCZ;FC2;FC4;FC6;FT8;T7;C5;C3;C1;CZ;C2;C4;C6;T8;M1;TP7;CP5;CP3;CP1;CPZ;CP2;CP4;CP6;TP8;M2;P7;P5;P3;P1;PZ;P2;P4;P6;P8;PO7;PO5;PO3;POZ;PO4;PO6;PO8;CB1;O1;OZ;O2;CB2;HEOG;VEOG;EKG,Between Cz & CPz,AFz,,n/a,,,Neuroscan Synamps2,University of Arizona,~~,250.0,0.0,sub-094_task-Rest_run-01_eeg.set,.set,/mnt/datasets_v7/gokul/EEGData/ds003478/sub-094/eeg/sub-094_task-Rest_run-01_eeg.set,/mnt/datasets_v7/gokul/EEGData/ds003478/sub-094,/mnt/datasets_v7/gokul/EEGData/ds003478/sub-094/eeg/sub-094_task-Rest_run-01_eeg.json,/mnt/datasets_v7/gokul/EEGData/ds003478/sub-094/eeg/sub-094_task-Rest_run-01_channels.tsv,/mnt/datasets_v7/gokul/EEGData/ds003478/sub-094/eeg/sub-094_task-Rest_run-01_events.tsv,2026-06-15T10:41:14
0187,sub-094,600,ds003478,sub-094,,,02,19,2,1,36,No Interview,,,control,Rest,Rest,,both,500.0,60,193.304,96652,continuous,66,64,2,,,FP1;FPZ;FP2;AF3;AF4;F7;F5;F3;F1;FZ;F2;F4;F6;F8;FT7;FC5;FC3;FC1;FCZ;FC2;FC4;FC6;FT8;T7;C5;C3;C1;CZ;C2;C4;C6;T8;M1;TP7;CP5;CP3;CP1;CPZ;CP2;CP4;CP6;TP8;M2;P7;P5;P3;P1;PZ;P2;P4;P6;P8;PO7;PO5;PO3;POZ;PO4;PO6;PO8;CB1;O1;OZ;O2;CB2;HEOG;VEOG,Between Cz & CPz,AFz,,n/a,,,Neuroscan Synamps2,University of Arizona,~~,250.0,0.0,sub-094_task-Rest_run-02_eeg.set,.set,/mnt/datasets_v7/gokul/EEGData/ds003478/sub-094/eeg/sub-094_task-Rest_run-02_eeg.set,/mnt/datasets_v7/gokul/EEGData/ds003478/sub-094,/mnt/datasets_v7/gokul/EEGData/ds003478/sub-094/eeg/sub-094_task-Rest_run-02_eeg.json,/mnt/datasets_v7/gokul/EEGData/ds003478/sub-094/eeg/sub-094_task-Rest_run-02_channels.tsv,/mnt/datasets_v7/gokul/EEGData/ds003478/sub-094/eeg/sub-094_task-Rest_run-02_events.tsv,2026-06-15T10:41:14
0188,sub-095,601,ds003478,sub-095,,,01,19,1,2,27,No Interview,,,control,Rest,Rest,,,500.0,60,493.88,246940,continuous,67,64,3,,,FP1;FPZ;FP2;AF3;AF4;F7;F5;F3;F1;FZ;F2;F4;F6;F8;FT7;FC5;FC3;FC1;FCZ;FC2;FC4;FC6;FT8;T7;C5;C3;C1;CZ;C2;C4;C6;T8;M1;TP7;CP5;CP3;CP1;CPZ;CP2;CP4;CP6;TP8;M2;P7;P5;P3;P1;PZ;P2;P4;P6;P8;PO7;PO5;PO3;POZ;PO4;PO6;PO8;CB1;O1;OZ;O2;CB2;HEOG;VEOG;EKG,Between Cz & CPz,AFz,,n/a,,,Neuroscan Synamps2,University of Arizona,~~,250.0,0.0,sub-095_task-Rest_run-01_eeg.set,.set,/mnt/datasets_v7/gokul/EEGData/ds003478/sub-095/eeg/sub-095_task-Rest_run-01_eeg.set,/mnt/datasets_v7/gokul/EEGData/ds003478/sub-095,/mnt/datasets_v7/gokul/EEGData/ds003478/sub-095/eeg/sub-095_task-Rest_run-01_eeg.json,/mnt/datasets_v7/gokul/EEGData/ds003478/sub-095/eeg/sub-095_task-Rest_run-01_channels.tsv,/mnt/datasets_v7/gokul/EEGData/ds003478/sub-095/eeg/sub-095_task-Rest_run-01_events.tsv,2026-06-15T10:41:14
0189,sub-095,601,ds003478,sub-095,,,02,19,1,2,27,No Interview,,,control,Rest,Rest,,both,500.0,60,231.986,115993,continuous,66,64,2,,,FP1;FPZ;FP2;AF3;AF4;F7;F5;F3;F1;FZ;F2;F4;F6;F8;FT7;FC5;FC3;FC1;FCZ;FC2;FC4;FC6;FT8;T7;C5;C3;C1;CZ;C2;C4;C6;T8;M1;TP7;CP5;CP3;CP1;CPZ;CP2;CP4;CP6;TP8;M2;P7;P5;P3;P1;PZ;P2;P4;P6;P8;PO7;PO5;PO3;POZ;PO4;PO6;PO8;CB1;O1;OZ;O2;CB2;HEOG;VEOG,Between Cz & CPz,AFz,,n/a,,,Neuroscan Synamps2,University of Arizona,~~,250.0,0.0,sub-095_task-Rest_run-02_eeg.set,.set,/mnt/datasets_v7/gokul/EEGData/ds003478/sub-095/eeg/sub-095_task-Rest_run-02_eeg.set,/mnt/datasets_v7/gokul/EEGData/ds003478/sub-095,/mnt/datasets_v7/gokul/EEGData/ds003478/sub-095/eeg/sub-095_task-Rest_run-02_eeg.json,/mnt/datasets_v7/gokul/EEGData/ds003478/sub-095/eeg/sub-095_task-Rest_run-02_channels.tsv,/mnt/datasets_v7/gokul/EEGData/ds003478/sub-095/eeg/sub-095_task-Rest_run-02_events.tsv,2026-06-15T10:41:14
0190,sub-096,602,ds003478,sub-096,,,01,18,2,27,65,Do not meet criterion for current or past MDD,nothing,4,mdd,Rest,Rest,,both,500.0,60,489.52,244760,continuous,67,64,3,,,FP1;FPZ;FP2;AF3;AF4;F7;F5;F3;F1;FZ;F2;F4;F6;F8;FT7;FC5;FC3;FC1;FCZ;FC2;FC4;FC6;FT8;T7;C5;C3;C1;CZ;C2;C4;C6;T8;M1;TP7;CP5;CP3;CP1;CPZ;CP2;CP4;CP6;TP8;M2;P7;P5;P3;P1;PZ;P2;P4;P6;P8;PO7;PO5;PO3;POZ;PO4;PO6;PO8;CB1;O1;OZ;O2;CB2;HEOG;VEOG;EKG,Between Cz & CPz,AFz,,n/a,,,Neuroscan Synamps2,University of Arizona,~~,250.0,0.0,sub-096_task-Rest_run-01_eeg.set,.set,/mnt/datasets_v7/gokul/EEGData/ds003478/sub-096/eeg/sub-096_task-Rest_run-01_eeg.set,/mnt/datasets_v7/gokul/EEGData/ds003478/sub-096,/mnt/datasets_v7/gokul/EEGData/ds003478/sub-096/eeg/sub-096_task-Rest_run-01_eeg.json,/mnt/datasets_v7/gokul/EEGData/ds003478/sub-096/eeg/sub-096_task-Rest_run-01_channels.tsv,/mnt/datasets_v7/gokul/EEGData/ds003478/sub-096/eeg/sub-096_task-Rest_run-01_events.tsv,2026-06-15T10:41:14
0191,sub-096,602,ds003478,sub-096,,,02,18,2,27,65,Do not meet criterion for current or past MDD,nothing,4,mdd,Rest,Rest,,both,500.0,60,146.12,73060,continuous,67,64,3,,,FP1;FPZ;FP2;AF3;AF4;F7;F5;F3;F1;FZ;F2;F4;F6;F8;FT7;FC5;FC3;FC1;FCZ;FC2;FC4;FC6;FT8;T7;C5;C3;C1;CZ;C2;C4;C6;T8;M1;TP7;CP5;CP3;CP1;CPZ;CP2;CP4;CP6;TP8;M2;P7;P5;P3;P1;PZ;P2;P4;P6;P8;PO7;PO5;PO3;POZ;PO4;PO6;PO8;CB1;O1;OZ;O2;CB2;HEOG;VEOG;EKG,Between Cz & CPz,AFz,,n/a,,,Neuroscan Synamps2,University of Arizona,~~,250.0,0.0,sub-096_task-Rest_run-02_eeg.set,.set,/mnt/datasets_v7/gokul/EEGData/ds003478/sub-096/eeg/sub-096_task-Rest_run-02_eeg.set,/mnt/datasets_v7/gokul/EEGData/ds003478/sub-096,/mnt/datasets_v7/gokul/EEGData/ds003478/sub-096/eeg/sub-096_task-Rest_run-02_eeg.json,/mnt/datasets_v7/gokul/EEGData/ds003478/sub-096/eeg/sub-096_task-Rest_run-02_channels.tsv,/mnt/datasets_v7/gokul/EEGData/ds003478/sub-096/eeg/sub-096_task-Rest_run-02_events.tsv,2026-06-15T10:41:14
0192,sub-097,603,ds003478,sub-097,,,01,18,1,21,52,No Interview,,,control,Rest,Rest,,,500.0,60,507.04,253520,continuous,66,64,2,,,FP1;FPZ;FP2;AF3;AF4;F7;F5;F3;F1;FZ;F2;F4;F6;F8;FT7;FC5;FC3;FC1;FCZ;FC2;FC4;FC6;FT8;T7;C5;C3;C1;CZ;C2;C4;C6;T8;M1;TP7;CP5;CP3;CP1;CPZ;CP2;CP4;CP6;TP8;M2;P7;P5;P3;P1;PZ;P2;P4;P6;P8;PO7;PO5;PO3;POZ;PO4;PO6;PO8;CB1;O1;OZ;O2;CB2;HEOG;VEOG,Between Cz & CPz,AFz,,n/a,,,Neuroscan Synamps2,University of Arizona,~~,250.0,0.0,sub-097_task-Rest_run-01_eeg.set,.set,/mnt/datasets_v7/gokul/EEGData/ds003478/sub-097/eeg/sub-097_task-Rest_run-01_eeg.set,/mnt/datasets_v7/gokul/EEGData/ds003478/sub-097,/mnt/datasets_v7/gokul/EEGData/ds003478/sub-097/eeg/sub-097_task-Rest_run-01_eeg.json,/mnt/datasets_v7/gokul/EEGData/ds003478/sub-097/eeg/sub-097_task-Rest_run-01_channels.tsv,/mnt/datasets_v7/gokul/EEGData/ds003478/sub-097/eeg/sub-097_task-Rest_run-01_events.tsv,2026-06-15T10:41:14
0193,sub-097,603,ds003478,sub-097,,,02,18,1,21,52,No Interview,,,control,Rest,Rest,,,500.0,60,233.32,116660,continuous,67,64,3,,,FP1;FPZ;FP2;AF3;AF4;F7;F5;F3;F1;FZ;F2;F4;F6;F8;FT7;FC5;FC3;FC1;FCZ;FC2;FC4;FC6;FT8;T7;C5;C3;C1;CZ;C2;C4;C6;T8;M1;TP7;CP5;CP3;CP1;CPZ;CP2;CP4;CP6;TP8;M2;P7;P5;P3;P1;PZ;P2;P4;P6;P8;PO7;PO5;PO3;POZ;PO4;PO6;PO8;CB1;O1;OZ;O2;CB2;HEOG;VEOG;EKG,Between Cz & CPz,AFz,,n/a,,,Neuroscan Synamps2,University of Arizona,~~,250.0,0.0,sub-097_task-Rest_run-02_eeg.set,.set,/mnt/datasets_v7/gokul/EEGData/ds003478/sub-097/eeg/sub-097_task-Rest_run-02_eeg.set,/mnt/datasets_v7/gokul/EEGData/ds003478/sub-097,/mnt/datasets_v7/gokul/EEGData/ds003478/sub-097/eeg/sub-097_task-Rest_run-02_eeg.json,/mnt/datasets_v7/gokul/EEGData/ds003478/sub-097/eeg/sub-097_task-Rest_run-02_channels.tsv,/mnt/datasets_v7/gokul/EEGData/ds003478/sub-097/eeg/sub-097_task-Rest_run-02_events.tsv,2026-06-15T10:41:14
0194,sub-098,604,ds003478,sub-098,,,01,18,1,22,57,Do not meet criterion for current or past MDD,nothing,6,mdd,Rest,Rest,,both,500.0,60,497.51,248755,continuous,66,64,2,,,FP1;FPZ;FP2;AF3;AF4;F7;F5;F3;F1;FZ;F2;F4;F6;F8;FT7;FC5;FC3;FC1;FCZ;FC2;FC4;FC6;FT8;T7;C5;C3;C1;CZ;C2;C4;C6;T8;M1;TP7;CP5;CP3;CP1;CPZ;CP2;CP4;CP6;TP8;M2;P7;P5;P3;P1;PZ;P2;P4;P6;P8;PO7;PO5;PO3;POZ;PO4;PO6;PO8;CB1;O1;OZ;O2;CB2;HEOG;VEOG,Between Cz & CPz,AFz,,n/a,,,Neuroscan Synamps2,University of Arizona,~~,250.0,0.0,sub-098_task-Rest_run-01_eeg.set,.set,/mnt/datasets_v7/gokul/EEGData/ds003478/sub-098/eeg/sub-098_task-Rest_run-01_eeg.set,/mnt/datasets_v7/gokul/EEGData/ds003478/sub-098,/mnt/datasets_v7/gokul/EEGData/ds003478/sub-098/eeg/sub-098_task-Rest_run-01_eeg.json,/mnt/datasets_v7/gokul/EEGData/ds003478/sub-098/eeg/sub-098_task-Rest_run-01_channels.tsv,/mnt/datasets_v7/gokul/EEGData/ds003478/sub-098/eeg/sub-098_task-Rest_run-01_events.tsv,2026-06-15T10:41:14
0195,sub-098,604,ds003478,sub-098,,,02,18,1,22,57,Do not meet criterion for current or past MDD,nothing,6,mdd,Rest,Rest,,,500.0,60,196.32,98160,continuous,66,64,2,,,FP1;FPZ;FP2;AF3;AF4;F7;F5;F3;F1;FZ;F2;F4;F6;F8;FT7;FC5;FC3;FC1;FCZ;FC2;FC4;FC6;FT8;T7;C5;C3;C1;CZ;C2;C4;C6;T8;M1;TP7;CP5;CP3;CP1;CPZ;CP2;CP4;CP6;TP8;M2;P7;P5;P3;P1;PZ;P2;P4;P6;P8;PO7;PO5;PO3;POZ;PO4;PO6;PO8;CB1;O1;OZ;O2;CB2;HEOG;VEOG,Between Cz & CPz,AFz,,n/a,,,Neuroscan Synamps2,University of Arizona,~~,250.0,0.0,sub-098_task-Rest_run-02_eeg.set,.set,/mnt/datasets_v7/gokul/EEGData/ds003478/sub-098/eeg/sub-098_task-Rest_run-02_eeg.set,/mnt/datasets_v7/gokul/EEGData/ds003478/sub-098,/mnt/datasets_v7/gokul/EEGData/ds003478/sub-098/eeg/sub-098_task-Rest_run-02_eeg.json,/mnt/datasets_v7/gokul/EEGData/ds003478/sub-098/eeg/sub-098_task-Rest_run-02_channels.tsv,/mnt/datasets_v7/gokul/EEGData/ds003478/sub-098/eeg/sub-098_task-Rest_run-02_events.tsv,2026-06-15T10:41:14
0196,sub-099,605,ds003478,sub-099,,,01,18,1,20,52,Past MDD,past MDD,6,mdd,Rest,Rest,,,500.0,60,502.72,251360,continuous,67,64,3,,,FP1;FPZ;FP2;AF3;AF4;F7;F5;F3;F1;FZ;F2;F4;F6;F8;FT7;FC5;FC3;FC1;FCZ;FC2;FC4;FC6;FT8;T7;C5;C3;C1;CZ;C2;C4;C6;T8;M1;TP7;CP5;CP3;CP1;CPZ;CP2;CP4;CP6;TP8;M2;P7;P5;P3;P1;PZ;P2;P4;P6;P8;PO7;PO5;PO3;POZ;PO4;PO6;PO8;CB1;O1;OZ;O2;CB2;HEOG;VEOG;EKG,Between Cz & CPz,AFz,,n/a,,,Neuroscan Synamps2,University of Arizona,~~,250.0,0.0,sub-099_task-Rest_run-01_eeg.set,.set,/mnt/datasets_v7/gokul/EEGData/ds003478/sub-099/eeg/sub-099_task-Rest_run-01_eeg.set,/mnt/datasets_v7/gokul/EEGData/ds003478/sub-099,/mnt/datasets_v7/gokul/EEGData/ds003478/sub-099/eeg/sub-099_task-Rest_run-01_eeg.json,/mnt/datasets_v7/gokul/EEGData/ds003478/sub-099/eeg/sub-099_task-Rest_run-01_channels.tsv,/mnt/datasets_v7/gokul/EEGData/ds003478/sub-099/eeg/sub-099_task-Rest_run-01_events.tsv,2026-06-15T10:41:14
0197,sub-099,605,ds003478,sub-099,,,02,18,1,20,52,Past MDD,past MDD,6,mdd,Rest,Rest,,,500.0,60,215.36,107680,continuous,66,64,2,,,FP1;FPZ;FP2;AF3;AF4;F7;F5;F3;F1;FZ;F2;F4;F6;F8;FT7;FC5;FC3;FC1;FCZ;FC2;FC4;FC6;FT8;T7;C5;C3;C1;CZ;C2;C4;C6;T8;M1;TP7;CP5;CP3;CP1;CPZ;CP2;CP4;CP6;TP8;M2;P7;P5;P3;P1;PZ;P2;P4;P6;P8;PO7;PO5;PO3;POZ;PO4;PO6;PO8;CB1;O1;OZ;O2;CB2;HEOG;VEOG,Between Cz & CPz,AFz,,n/a,,,Neuroscan Synamps2,University of Arizona,~~,250.0,0.0,sub-099_task-Rest_run-02_eeg.set,.set,/mnt/datasets_v7/gokul/EEGData/ds003478/sub-099/eeg/sub-099_task-Rest_run-02_eeg.set,/mnt/datasets_v7/gokul/EEGData/ds003478/sub-099,/mnt/datasets_v7/gokul/EEGData/ds003478/sub-099/eeg/sub-099_task-Rest_run-02_eeg.json,/mnt/datasets_v7/gokul/EEGData/ds003478/sub-099/eeg/sub-099_task-Rest_run-02_channels.tsv,/mnt/datasets_v7/gokul/EEGData/ds003478/sub-099/eeg/sub-099_task-Rest_run-02_events.tsv,2026-06-15T10:41:14
0198,sub-100,606,ds003478,sub-100,,,01,19,2,20,47,Do not meet criterion for current or past MDD,nothing,4,mdd,Rest,Rest,,both,500.0,60,495.42,247710,continuous,66,64,2,,,FP1;FPZ;FP2;AF3;AF4;F7;F5;F3;F1;FZ;F2;F4;F6;F8;FT7;FC5;FC3;FC1;FCZ;FC2;FC4;FC6;FT8;T7;C5;C3;C1;CZ;C2;C4;C6;T8;M1;TP7;CP5;CP3;CP1;CPZ;CP2;CP4;CP6;TP8;M2;P7;P5;P3;P1;PZ;P2;P4;P6;P8;PO7;PO5;PO3;POZ;PO4;PO6;PO8;CB1;O1;OZ;O2;CB2;HEOG;VEOG,Between Cz & CPz,AFz,,n/a,,,Neuroscan Synamps2,University of Arizona,~~,250.0,0.0,sub-100_task-Rest_run-01_eeg.set,.set,/mnt/datasets_v7/gokul/EEGData/ds003478/sub-100/eeg/sub-100_task-Rest_run-01_eeg.set,/mnt/datasets_v7/gokul/EEGData/ds003478/sub-100,/mnt/datasets_v7/gokul/EEGData/ds003478/sub-100/eeg/sub-100_task-Rest_run-01_eeg.json,/mnt/datasets_v7/gokul/EEGData/ds003478/sub-100/eeg/sub-100_task-Rest_run-01_channels.tsv,/mnt/datasets_v7/gokul/EEGData/ds003478/sub-100/eeg/sub-100_task-Rest_run-01_events.tsv,2026-06-15T10:41:14
0199,sub-100,606,ds003478,sub-100,,,02,19,2,20,47,Do not meet criterion for current or past MDD,nothing,4,mdd,Rest,Rest,,,500.0,60,221.32,110660,continuous,66,64,2,,,FP1;FPZ;FP2;AF3;AF4;F7;F5;F3;F1;FZ;F2;F4;F6;F8;FT7;FC5;FC3;FC1;FCZ;FC2;FC4;FC6;FT8;T7;C5;C3;C1;CZ;C2;C4;C6;T8;M1;TP7;CP5;CP3;CP1;CPZ;CP2;CP4;CP6;TP8;M2;P7;P5;P3;P1;PZ;P2;P4;P6;P8;PO7;PO5;PO3;POZ;PO4;PO6;PO8;CB1;O1;OZ;O2;CB2;HEOG;VEOG,Between Cz & CPz,AFz,,n/a,,,Neuroscan Synamps2,University of Arizona,~~,250.0,0.0,sub-100_task-Rest_run-02_eeg.set,.set,/mnt/datasets_v7/gokul/EEGData/ds003478/sub-100/eeg/sub-100_task-Rest_run-02_eeg.set,/mnt/datasets_v7/gokul/EEGData/ds003478/sub-100,/mnt/datasets_v7/gokul/EEGData/ds003478/sub-100/eeg/sub-100_task-Rest_run-02_eeg.json,/mnt/datasets_v7/gokul/EEGData/ds003478/sub-100/eeg/sub-100_task-Rest_run-02_channels.tsv,/mnt/datasets_v7/gokul/EEGData/ds003478/sub-100/eeg/sub-100_task-Rest_run-02_events.tsv,2026-06-15T10:41:14
0200,sub-101,607,ds003478,sub-101,,,01,18,1,28,63,Past MDD,past MDD (mel+),1,mdd,Rest,Rest,,both,500.0,60,489.56,244780,continuous,67,64,3,,,FP1;FPZ;FP2;AF3;AF4;F7;F5;F3;F1;FZ;F2;F4;F6;F8;FT7;FC5;FC3;FC1;FCZ;FC2;FC4;FC6;FT8;T7;C5;C3;C1;CZ;C2;C4;C6;T8;M1;TP7;CP5;CP3;CP1;CPZ;CP2;CP4;CP6;TP8;M2;P7;P5;P3;P1;PZ;P2;P4;P6;P8;PO7;PO5;PO3;POZ;PO4;PO6;PO8;CB1;O1;OZ;O2;CB2;HEOG;VEOG;EKG,Between Cz & CPz,AFz,,n/a,,,Neuroscan Synamps2,University of Arizona,~~,250.0,0.0,sub-101_task-Rest_run-01_eeg.set,.set,/mnt/datasets_v7/gokul/EEGData/ds003478/sub-101/eeg/sub-101_task-Rest_run-01_eeg.set,/mnt/datasets_v7/gokul/EEGData/ds003478/sub-101,/mnt/datasets_v7/gokul/EEGData/ds003478/sub-101/eeg/sub-101_task-Rest_run-01_eeg.json,/mnt/datasets_v7/gokul/EEGData/ds003478/sub-101/eeg/sub-101_task-Rest_run-01_channels.tsv,/mnt/datasets_v7/gokul/EEGData/ds003478/sub-101/eeg/sub-101_task-Rest_run-01_events.tsv,2026-06-15T10:41:14
0201,sub-101,607,ds003478,sub-101,,,02,18,1,28,63,Past MDD,past MDD (mel+),1,mdd,Rest,Rest,,,500.0,60,215.0,107500,continuous,66,64,2,,,FP1;FPZ;FP2;AF3;AF4;F7;F5;F3;F1;FZ;F2;F4;F6;F8;FT7;FC5;FC3;FC1;FCZ;FC2;FC4;FC6;FT8;T7;C5;C3;C1;CZ;C2;C4;C6;T8;M1;TP7;CP5;CP3;CP1;CPZ;CP2;CP4;CP6;TP8;M2;P7;P5;P3;P1;PZ;P2;P4;P6;P8;PO7;PO5;PO3;POZ;PO4;PO6;PO8;CB1;O1;OZ;O2;CB2;HEOG;VEOG,Between Cz & CPz,AFz,,n/a,,,Neuroscan Synamps2,University of Arizona,~~,250.0,0.0,sub-101_task-Rest_run-02_eeg.set,.set,/mnt/datasets_v7/gokul/EEGData/ds003478/sub-101/eeg/sub-101_task-Rest_run-02_eeg.set,/mnt/datasets_v7/gokul/EEGData/ds003478/sub-101,/mnt/datasets_v7/gokul/EEGData/ds003478/sub-101/eeg/sub-101_task-Rest_run-02_eeg.json,/mnt/datasets_v7/gokul/EEGData/ds003478/sub-101/eeg/sub-101_task-Rest_run-02_channels.tsv,/mnt/datasets_v7/gokul/EEGData/ds003478/sub-101/eeg/sub-101_task-Rest_run-02_events.tsv,2026-06-15T10:41:14
0202,sub-102,608,ds003478,sub-102,,,01,18,1,23,57,Do not meet criterion for current or past MDD,Anx: social: eat & speak,3,mdd,Rest,Rest,,,500.0,60,496.96,248480,continuous,67,64,3,,,FP1;FPZ;FP2;AF3;AF4;F7;F5;F3;F1;FZ;F2;F4;F6;F8;FT7;FC5;FC3;FC1;FCZ;FC2;FC4;FC6;FT8;T7;C5;C3;C1;CZ;C2;C4;C6;T8;M1;TP7;CP5;CP3;CP1;CPZ;CP2;CP4;CP6;TP8;M2;P7;P5;P3;P1;PZ;P2;P4;P6;P8;PO7;PO5;PO3;POZ;PO4;PO6;PO8;CB1;O1;OZ;O2;CB2;HEOG;VEOG;EKG,Between Cz & CPz,AFz,,n/a,,,Neuroscan Synamps2,University of Arizona,~~,250.0,0.0,sub-102_task-Rest_run-01_eeg.set,.set,/mnt/datasets_v7/gokul/EEGData/ds003478/sub-102/eeg/sub-102_task-Rest_run-01_eeg.set,/mnt/datasets_v7/gokul/EEGData/ds003478/sub-102,/mnt/datasets_v7/gokul/EEGData/ds003478/sub-102/eeg/sub-102_task-Rest_run-01_eeg.json,/mnt/datasets_v7/gokul/EEGData/ds003478/sub-102/eeg/sub-102_task-Rest_run-01_channels.tsv,/mnt/datasets_v7/gokul/EEGData/ds003478/sub-102/eeg/sub-102_task-Rest_run-01_events.tsv,2026-06-15T10:41:14
0203,sub-102,608,ds003478,sub-102,,,02,18,1,23,57,Do not meet criterion for current or past MDD,Anx: social: eat & speak,3,mdd,Rest,Rest,,,500.0,60,213.88,106940,continuous,67,64,3,,,FP1;FPZ;FP2;AF3;AF4;F7;F5;F3;F1;FZ;F2;F4;F6;F8;FT7;FC5;FC3;FC1;FCZ;FC2;FC4;FC6;FT8;T7;C5;C3;C1;CZ;C2;C4;C6;T8;M1;TP7;CP5;CP3;CP1;CPZ;CP2;CP4;CP6;TP8;M2;P7;P5;P3;P1;PZ;P2;P4;P6;P8;PO7;PO5;PO3;POZ;PO4;PO6;PO8;CB1;O1;OZ;O2;CB2;HEOG;VEOG;EKG,Between Cz & CPz,AFz,,n/a,,,Neuroscan Synamps2,University of Arizona,~~,250.0,0.0,sub-102_task-Rest_run-02_eeg.set,.set,/mnt/datasets_v7/gokul/EEGData/ds003478/sub-102/eeg/sub-102_task-Rest_run-02_eeg.set,/mnt/datasets_v7/gokul/EEGData/ds003478/sub-102,/mnt/datasets_v7/gokul/EEGData/ds003478/sub-102/eeg/sub-102_task-Rest_run-02_eeg.json,/mnt/datasets_v7/gokul/EEGData/ds003478/sub-102/eeg/sub-102_task-Rest_run-02_channels.tsv,/mnt/datasets_v7/gokul/EEGData/ds003478/sub-102/eeg/sub-102_task-Rest_run-02_events.tsv,2026-06-15T10:41:14
0204,sub-103,609,ds003478,sub-103,,,01,18,1,26,58,No Interview,,,control,Rest,Rest,,,500.0,60,505.72,252860,continuous,66,64,2,,,FP1;FPZ;FP2;AF3;AF4;F7;F5;F3;F1;FZ;F2;F4;F6;F8;FT7;FC5;FC3;FC1;FCZ;FC2;FC4;FC6;FT8;T7;C5;C3;C1;CZ;C2;C4;C6;T8;M1;TP7;CP5;CP3;CP1;CPZ;CP2;CP4;CP6;TP8;M2;P7;P5;P3;P1;PZ;P2;P4;P6;P8;PO7;PO5;PO3;POZ;PO4;PO6;PO8;CB1;O1;OZ;O2;CB2;HEOG;VEOG,Between Cz & CPz,AFz,,n/a,,,Neuroscan Synamps2,University of Arizona,~~,250.0,0.0,sub-103_task-Rest_run-01_eeg.set,.set,/mnt/datasets_v7/gokul/EEGData/ds003478/sub-103/eeg/sub-103_task-Rest_run-01_eeg.set,/mnt/datasets_v7/gokul/EEGData/ds003478/sub-103,/mnt/datasets_v7/gokul/EEGData/ds003478/sub-103/eeg/sub-103_task-Rest_run-01_eeg.json,/mnt/datasets_v7/gokul/EEGData/ds003478/sub-103/eeg/sub-103_task-Rest_run-01_channels.tsv,/mnt/datasets_v7/gokul/EEGData/ds003478/sub-103/eeg/sub-103_task-Rest_run-01_events.tsv,2026-06-15T10:41:14
0205,sub-103,609,ds003478,sub-103,,,02,18,1,26,58,No Interview,,,control,Rest,Rest,,,500.0,60,230.4,115200,continuous,66,64,2,,,FP1;FPZ;FP2;AF3;AF4;F7;F5;F3;F1;FZ;F2;F4;F6;F8;FT7;FC5;FC3;FC1;FCZ;FC2;FC4;FC6;FT8;T7;C5;C3;C1;CZ;C2;C4;C6;T8;M1;TP7;CP5;CP3;CP1;CPZ;CP2;CP4;CP6;TP8;M2;P7;P5;P3;P1;PZ;P2;P4;P6;P8;PO7;PO5;PO3;POZ;PO4;PO6;PO8;CB1;O1;OZ;O2;CB2;HEOG;VEOG,Between Cz & CPz,AFz,,n/a,,,Neuroscan Synamps2,University of Arizona,~~,250.0,0.0,sub-103_task-Rest_run-02_eeg.set,.set,/mnt/datasets_v7/gokul/EEGData/ds003478/sub-103/eeg/sub-103_task-Rest_run-02_eeg.set,/mnt/datasets_v7/gokul/EEGData/ds003478/sub-103,/mnt/datasets_v7/gokul/EEGData/ds003478/sub-103/eeg/sub-103_task-Rest_run-02_eeg.json,/mnt/datasets_v7/gokul/EEGData/ds003478/sub-103/eeg/sub-103_task-Rest_run-02_channels.tsv,/mnt/datasets_v7/gokul/EEGData/ds003478/sub-103/eeg/sub-103_task-Rest_run-02_events.tsv,2026-06-15T10:41:14
0206,sub-104,610,ds003478,sub-104,,,01,18,1,15,58,Past MDD,"past MDD (mel+); past eating, current alc abuse",9,mdd,Rest,Rest,,,500.0,60,491.84,245920,continuous,66,64,2,,,FP1;FPZ;FP2;AF3;AF4;F7;F5;F3;F1;FZ;F2;F4;F6;F8;FT7;FC5;FC3;FC1;FCZ;FC2;FC4;FC6;FT8;T7;C5;C3;C1;CZ;C2;C4;C6;T8;M1;TP7;CP5;CP3;CP1;CPZ;CP2;CP4;CP6;TP8;M2;P7;P5;P3;P1;PZ;P2;P4;P6;P8;PO7;PO5;PO3;POZ;PO4;PO6;PO8;CB1;O1;OZ;O2;CB2;HEOG;VEOG,Between Cz & CPz,AFz,,n/a,,,Neuroscan Synamps2,University of Arizona,~~,250.0,0.0,sub-104_task-Rest_run-01_eeg.set,.set,/mnt/datasets_v7/gokul/EEGData/ds003478/sub-104/eeg/sub-104_task-Rest_run-01_eeg.set,/mnt/datasets_v7/gokul/EEGData/ds003478/sub-104,/mnt/datasets_v7/gokul/EEGData/ds003478/sub-104/eeg/sub-104_task-Rest_run-01_eeg.json,/mnt/datasets_v7/gokul/EEGData/ds003478/sub-104/eeg/sub-104_task-Rest_run-01_channels.tsv,/mnt/datasets_v7/gokul/EEGData/ds003478/sub-104/eeg/sub-104_task-Rest_run-01_events.tsv,2026-06-15T10:41:14
0207,sub-104,610,ds003478,sub-104,,,02,18,1,15,58,Past MDD,"past MDD (mel+); past eating, current alc abuse",9,mdd,Rest,Rest,,,500.0,60,135.84,67920,continuous,66,64,2,,,FP1;FPZ;FP2;AF3;AF4;F7;F5;F3;F1;FZ;F2;F4;F6;F8;FT7;FC5;FC3;FC1;FCZ;FC2;FC4;FC6;FT8;T7;C5;C3;C1;CZ;C2;C4;C6;T8;M1;TP7;CP5;CP3;CP1;CPZ;CP2;CP4;CP6;TP8;M2;P7;P5;P3;P1;PZ;P2;P4;P6;P8;PO7;PO5;PO3;POZ;PO4;PO6;PO8;CB1;O1;OZ;O2;CB2;HEOG;VEOG,Between Cz & CPz,AFz,,n/a,,,Neuroscan Synamps2,University of Arizona,~~,250.0,0.0,sub-104_task-Rest_run-02_eeg.set,.set,/mnt/datasets_v7/gokul/EEGData/ds003478/sub-104/eeg/sub-104_task-Rest_run-02_eeg.set,/mnt/datasets_v7/gokul/EEGData/ds003478/sub-104,/mnt/datasets_v7/gokul/EEGData/ds003478/sub-104/eeg/sub-104_task-Rest_run-02_eeg.json,/mnt/datasets_v7/gokul/EEGData/ds003478/sub-104/eeg/sub-104_task-Rest_run-02_channels.tsv,/mnt/datasets_v7/gokul/EEGData/ds003478/sub-104/eeg/sub-104_task-Rest_run-02_events.tsv,2026-06-15T10:41:14
0208,sub-105,611,ds003478,sub-105,,,01,18,1,15,58,No Interview,,,control,Rest,Rest,,,500.0,60,495.96,247980,continuous,66,64,2,,,FP1;FPZ;FP2;AF3;AF4;F7;F5;F3;F1;FZ;F2;F4;F6;F8;FT7;FC5;FC3;FC1;FCZ;FC2;FC4;FC6;FT8;T7;C5;C3;C1;CZ;C2;C4;C6;T8;M1;TP7;CP5;CP3;CP1;CPZ;CP2;CP4;CP6;TP8;M2;P7;P5;P3;P1;PZ;P2;P4;P6;P8;PO7;PO5;PO3;POZ;PO4;PO6;PO8;CB1;O1;OZ;O2;CB2;HEOG;VEOG,Between Cz & CPz,AFz,,n/a,,,Neuroscan Synamps2,University of Arizona,~~,250.0,0.0,sub-105_task-Rest_run-01_eeg.set,.set,/mnt/datasets_v7/gokul/EEGData/ds003478/sub-105/eeg/sub-105_task-Rest_run-01_eeg.set,/mnt/datasets_v7/gokul/EEGData/ds003478/sub-105,/mnt/datasets_v7/gokul/EEGData/ds003478/sub-105/eeg/sub-105_task-Rest_run-01_eeg.json,/mnt/datasets_v7/gokul/EEGData/ds003478/sub-105/eeg/sub-105_task-Rest_run-01_channels.tsv,/mnt/datasets_v7/gokul/EEGData/ds003478/sub-105/eeg/sub-105_task-Rest_run-01_events.tsv,2026-06-15T10:41:14
0209,sub-105,611,ds003478,sub-105,,,02,18,1,15,58,No Interview,,,control,Rest,Rest,,,500.0,60,219.92,109960,continuous,66,64,2,,,FP1;FPZ;FP2;AF3;AF4;F7;F5;F3;F1;FZ;F2;F4;F6;F8;FT7;FC5;FC3;FC1;FCZ;FC2;FC4;FC6;FT8;T7;C5;C3;C1;CZ;C2;C4;C6;T8;M1;TP7;CP5;CP3;CP1;CPZ;CP2;CP4;CP6;TP8;M2;P7;P5;P3;P1;PZ;P2;P4;P6;P8;PO7;PO5;PO3;POZ;PO4;PO6;PO8;CB1;O1;OZ;O2;CB2;HEOG;VEOG,Between Cz & CPz,AFz,,n/a,,,Neuroscan Synamps2,University of Arizona,~~,250.0,0.0,sub-105_task-Rest_run-02_eeg.set,.set,/mnt/datasets_v7/gokul/EEGData/ds003478/sub-105/eeg/sub-105_task-Rest_run-02_eeg.set,/mnt/datasets_v7/gokul/EEGData/ds003478/sub-105,/mnt/datasets_v7/gokul/EEGData/ds003478/sub-105/eeg/sub-105_task-Rest_run-02_eeg.json,/mnt/datasets_v7/gokul/EEGData/ds003478/sub-105/eeg/sub-105_task-Rest_run-02_channels.tsv,/mnt/datasets_v7/gokul/EEGData/ds003478/sub-105/eeg/sub-105_task-Rest_run-02_events.tsv,2026-06-15T10:41:14
0210,sub-106,612,ds003478,sub-106,,,01,18,1,25,63,No Interview,,,control,Rest,Rest,,,500.0,60,554.32,277160,continuous,67,64,3,,,FP1;FPZ;FP2;AF3;AF4;F7;F5;F3;F1;FZ;F2;F4;F6;F8;FT7;FC5;FC3;FC1;FCZ;FC2;FC4;FC6;FT8;T7;C5;C3;C1;CZ;C2;C4;C6;T8;M1;TP7;CP5;CP3;CP1;CPZ;CP2;CP4;CP6;TP8;M2;P7;P5;P3;P1;PZ;P2;P4;P6;P8;PO7;PO5;PO3;POZ;PO4;PO6;PO8;CB1;O1;OZ;O2;CB2;HEOG;VEOG;EKG,Between Cz & CPz,AFz,,n/a,,,Neuroscan Synamps2,University of Arizona,~~,250.0,0.0,sub-106_task-Rest_run-01_eeg.set,.set,/mnt/datasets_v7/gokul/EEGData/ds003478/sub-106/eeg/sub-106_task-Rest_run-01_eeg.set,/mnt/datasets_v7/gokul/EEGData/ds003478/sub-106,/mnt/datasets_v7/gokul/EEGData/ds003478/sub-106/eeg/sub-106_task-Rest_run-01_eeg.json,/mnt/datasets_v7/gokul/EEGData/ds003478/sub-106/eeg/sub-106_task-Rest_run-01_channels.tsv,/mnt/datasets_v7/gokul/EEGData/ds003478/sub-106/eeg/sub-106_task-Rest_run-01_events.tsv,2026-06-15T10:41:14
0211,sub-106,612,ds003478,sub-106,,,02,18,1,25,63,No Interview,,,control,Rest,Rest,,,500.0,60,208.44,104220,continuous,67,64,3,,,FP1;FPZ;FP2;AF3;AF4;F7;F5;F3;F1;FZ;F2;F4;F6;F8;FT7;FC5;FC3;FC1;FCZ;FC2;FC4;FC6;FT8;T7;C5;C3;C1;CZ;C2;C4;C6;T8;M1;TP7;CP5;CP3;CP1;CPZ;CP2;CP4;CP6;TP8;M2;P7;P5;P3;P1;PZ;P2;P4;P6;P8;PO7;PO5;PO3;POZ;PO4;PO6;PO8;CB1;O1;OZ;O2;CB2;HEOG;VEOG;EKG,Between Cz & CPz,AFz,,n/a,,,Neuroscan Synamps2,University of Arizona,~~,250.0,0.0,sub-106_task-Rest_run-02_eeg.set,.set,/mnt/datasets_v7/gokul/EEGData/ds003478/sub-106/eeg/sub-106_task-Rest_run-02_eeg.set,/mnt/datasets_v7/gokul/EEGData/ds003478/sub-106,/mnt/datasets_v7/gokul/EEGData/ds003478/sub-106/eeg/sub-106_task-Rest_run-02_eeg.json,/mnt/datasets_v7/gokul/EEGData/ds003478/sub-106/eeg/sub-106_task-Rest_run-02_channels.tsv,/mnt/datasets_v7/gokul/EEGData/ds003478/sub-106/eeg/sub-106_task-Rest_run-02_events.tsv,2026-06-15T10:41:14
0212,sub-107,613,ds003478,sub-107,,,01,20,1,28,58,Past MDD,past MDD,11,mdd,Rest,Rest,,both,500.0,60,233.384,116692,continuous,66,64,2,,,FP1;FPZ;FP2;AF3;AF4;F7;F5;F3;F1;FZ;F2;F4;F6;F8;FT7;FC5;FC3;FC1;FCZ;FC2;FC4;FC6;FT8;T7;C5;C3;C1;CZ;C2;C4;C6;T8;M1;TP7;CP5;CP3;CP1;CPZ;CP2;CP4;CP6;TP8;M2;P7;P5;P3;P1;PZ;P2;P4;P6;P8;PO7;PO5;PO3;POZ;PO4;PO6;PO8;CB1;O1;OZ;O2;CB2;HEOG;VEOG,Between Cz & CPz,AFz,,n/a,,,Neuroscan Synamps2,University of Arizona,~~,250.0,0.0,sub-107_task-Rest_run-01_eeg.set,.set,/mnt/datasets_v7/gokul/EEGData/ds003478/sub-107/eeg/sub-107_task-Rest_run-01_eeg.set,/mnt/datasets_v7/gokul/EEGData/ds003478/sub-107,/mnt/datasets_v7/gokul/EEGData/ds003478/sub-107/eeg/sub-107_task-Rest_run-01_eeg.json,/mnt/datasets_v7/gokul/EEGData/ds003478/sub-107/eeg/sub-107_task-Rest_run-01_channels.tsv,/mnt/datasets_v7/gokul/EEGData/ds003478/sub-107/eeg/sub-107_task-Rest_run-01_events.tsv,2026-06-15T10:41:14
0213,sub-107,613,ds003478,sub-107,,,02,20,1,28,58,Past MDD,past MDD,11,mdd,Rest,Rest,,both,500.0,60,233.384,116692,continuous,66,64,2,,,FP1;FPZ;FP2;AF3;AF4;F7;F5;F3;F1;FZ;F2;F4;F6;F8;FT7;FC5;FC3;FC1;FCZ;FC2;FC4;FC6;FT8;T7;C5;C3;C1;CZ;C2;C4;C6;T8;M1;TP7;CP5;CP3;CP1;CPZ;CP2;CP4;CP6;TP8;M2;P7;P5;P3;P1;PZ;P2;P4;P6;P8;PO7;PO5;PO3;POZ;PO4;PO6;PO8;CB1;O1;OZ;O2;CB2;HEOG;VEOG,Between Cz & CPz,AFz,,n/a,,,Neuroscan Synamps2,University of Arizona,~~,250.0,0.0,sub-107_task-Rest_run-02_eeg.set,.set,/mnt/datasets_v7/gokul/EEGData/ds003478/sub-107/eeg/sub-107_task-Rest_run-02_eeg.set,/mnt/datasets_v7/gokul/EEGData/ds003478/sub-107,/mnt/datasets_v7/gokul/EEGData/ds003478/sub-107/eeg/sub-107_task-Rest_run-02_eeg.json,/mnt/datasets_v7/gokul/EEGData/ds003478/sub-107/eeg/sub-107_task-Rest_run-02_channels.tsv,/mnt/datasets_v7/gokul/EEGData/ds003478/sub-107/eeg/sub-107_task-Rest_run-02_events.tsv,2026-06-15T10:41:14
0214,sub-108,614,ds003478,sub-108,,,01,24,2,19,58,Past MDD,past MDD (mel+),3,mdd,Rest,Rest,,both,500.0,60,499.32,249660,continuous,67,64,3,,,FP1;FPZ;FP2;AF3;AF4;F7;F5;F3;F1;FZ;F2;F4;F6;F8;FT7;FC5;FC3;FC1;FCZ;FC2;FC4;FC6;FT8;T7;C5;C3;C1;CZ;C2;C4;C6;T8;M1;TP7;CP5;CP3;CP1;CPZ;CP2;CP4;CP6;TP8;M2;P7;P5;P3;P1;PZ;P2;P4;P6;P8;PO7;PO5;PO3;POZ;PO4;PO6;PO8;CB1;O1;OZ;O2;CB2;HEOG;VEOG;EKG,Between Cz & CPz,AFz,,n/a,,,Neuroscan Synamps2,University of Arizona,~~,250.0,0.0,sub-108_task-Rest_run-01_eeg.set,.set,/mnt/datasets_v7/gokul/EEGData/ds003478/sub-108/eeg/sub-108_task-Rest_run-01_eeg.set,/mnt/datasets_v7/gokul/EEGData/ds003478/sub-108,/mnt/datasets_v7/gokul/EEGData/ds003478/sub-108/eeg/sub-108_task-Rest_run-01_eeg.json,/mnt/datasets_v7/gokul/EEGData/ds003478/sub-108/eeg/sub-108_task-Rest_run-01_channels.tsv,/mnt/datasets_v7/gokul/EEGData/ds003478/sub-108/eeg/sub-108_task-Rest_run-01_events.tsv,2026-06-15T10:41:14
0215,sub-108,614,ds003478,sub-108,,,02,24,2,19,58,Past MDD,past MDD (mel+),3,mdd,Rest,Rest,,both,500.0,60,175.264,87632,continuous,66,64,2,,,FP1;FPZ;FP2;AF3;AF4;F7;F5;F3;F1;FZ;F2;F4;F6;F8;FT7;FC5;FC3;FC1;FCZ;FC2;FC4;FC6;FT8;T7;C5;C3;C1;CZ;C2;C4;C6;T8;M1;TP7;CP5;CP3;CP1;CPZ;CP2;CP4;CP6;TP8;M2;P7;P5;P3;P1;PZ;P2;P4;P6;P8;PO7;PO5;PO3;POZ;PO4;PO6;PO8;CB1;O1;OZ;O2;CB2;HEOG;VEOG,Between Cz & CPz,AFz,,n/a,,,Neuroscan Synamps2,University of Arizona,~~,250.0,0.0,sub-108_task-Rest_run-02_eeg.set,.set,/mnt/datasets_v7/gokul/EEGData/ds003478/sub-108/eeg/sub-108_task-Rest_run-02_eeg.set,/mnt/datasets_v7/gokul/EEGData/ds003478/sub-108,/mnt/datasets_v7/gokul/EEGData/ds003478/sub-108/eeg/sub-108_task-Rest_run-02_eeg.json,/mnt/datasets_v7/gokul/EEGData/ds003478/sub-108/eeg/sub-108_task-Rest_run-02_channels.tsv,/mnt/datasets_v7/gokul/EEGData/ds003478/sub-108/eeg/sub-108_task-Rest_run-02_events.tsv,2026-06-15T10:41:14
0216,sub-109,615,ds003478,sub-109,,,01,18,1,30,68,No Interview,,,control,Rest,Rest,,both,500.0,60,483.32,241660,continuous,66,64,2,,,FP1;FPZ;FP2;AF3;AF4;F7;F5;F3;F1;FZ;F2;F4;F6;F8;FT7;FC5;FC3;FC1;FCZ;FC2;FC4;FC6;FT8;T7;C5;C3;C1;CZ;C2;C4;C6;T8;M1;TP7;CP5;CP3;CP1;CPZ;CP2;CP4;CP6;TP8;M2;P7;P5;P3;P1;PZ;P2;P4;P6;P8;PO7;PO5;PO3;POZ;PO4;PO6;PO8;CB1;O1;OZ;O2;CB2;HEOG;VEOG,Between Cz & CPz,AFz,,n/a,,,Neuroscan Synamps2,University of Arizona,~~,250.0,0.0,sub-109_task-Rest_run-01_eeg.set,.set,/mnt/datasets_v7/gokul/EEGData/ds003478/sub-109/eeg/sub-109_task-Rest_run-01_eeg.set,/mnt/datasets_v7/gokul/EEGData/ds003478/sub-109,/mnt/datasets_v7/gokul/EEGData/ds003478/sub-109/eeg/sub-109_task-Rest_run-01_eeg.json,/mnt/datasets_v7/gokul/EEGData/ds003478/sub-109/eeg/sub-109_task-Rest_run-01_channels.tsv,/mnt/datasets_v7/gokul/EEGData/ds003478/sub-109/eeg/sub-109_task-Rest_run-01_events.tsv,2026-06-15T10:41:14
0217,sub-109,615,ds003478,sub-109,,,02,18,1,30,68,No Interview,,,control,Rest,Rest,,both,500.0,60,208.184,104092,continuous,66,64,2,,,FP1;FPZ;FP2;AF3;AF4;F7;F5;F3;F1;FZ;F2;F4;F6;F8;FT7;FC5;FC3;FC1;FCZ;FC2;FC4;FC6;FT8;T7;C5;C3;C1;CZ;C2;C4;C6;T8;M1;TP7;CP5;CP3;CP1;CPZ;CP2;CP4;CP6;TP8;M2;P7;P5;P3;P1;PZ;P2;P4;P6;P8;PO7;PO5;PO3;POZ;PO4;PO6;PO8;CB1;O1;OZ;O2;CB2;HEOG;VEOG,Between Cz & CPz,AFz,,n/a,,,Neuroscan Synamps2,University of Arizona,~~,250.0,0.0,sub-109_task-Rest_run-02_eeg.set,.set,/mnt/datasets_v7/gokul/EEGData/ds003478/sub-109/eeg/sub-109_task-Rest_run-02_eeg.set,/mnt/datasets_v7/gokul/EEGData/ds003478/sub-109,/mnt/datasets_v7/gokul/EEGData/ds003478/sub-109/eeg/sub-109_task-Rest_run-02_eeg.json,/mnt/datasets_v7/gokul/EEGData/ds003478/sub-109/eeg/sub-109_task-Rest_run-02_channels.tsv,/mnt/datasets_v7/gokul/EEGData/ds003478/sub-109/eeg/sub-109_task-Rest_run-02_events.tsv,2026-06-15T10:41:14
0218,sub-110,616,ds003478,sub-110,,,01,18,1,16,48,Past MDD,past MDD (mel+),5,mdd,Rest,Rest,,,500.0,60,548.32,274160,continuous,66,64,2,,,FP1;FPZ;FP2;AF3;AF4;F7;F5;F3;F1;FZ;F2;F4;F6;F8;FT7;FC5;FC3;FC1;FCZ;FC2;FC4;FC6;FT8;T7;C5;C3;C1;CZ;C2;C4;C6;T8;M1;TP7;CP5;CP3;CP1;CPZ;CP2;CP4;CP6;TP8;M2;P7;P5;P3;P1;PZ;P2;P4;P6;P8;PO7;PO5;PO3;POZ;PO4;PO6;PO8;CB1;O1;OZ;O2;CB2;HEOG;VEOG,Between Cz & CPz,AFz,,n/a,,,Neuroscan Synamps2,University of Arizona,~~,250.0,0.0,sub-110_task-Rest_run-01_eeg.set,.set,/mnt/datasets_v7/gokul/EEGData/ds003478/sub-110/eeg/sub-110_task-Rest_run-01_eeg.set,/mnt/datasets_v7/gokul/EEGData/ds003478/sub-110,/mnt/datasets_v7/gokul/EEGData/ds003478/sub-110/eeg/sub-110_task-Rest_run-01_eeg.json,/mnt/datasets_v7/gokul/EEGData/ds003478/sub-110/eeg/sub-110_task-Rest_run-01_channels.tsv,/mnt/datasets_v7/gokul/EEGData/ds003478/sub-110/eeg/sub-110_task-Rest_run-01_events.tsv,2026-06-15T10:41:14
0219,sub-110,616,ds003478,sub-110,,,02,18,1,16,48,Past MDD,past MDD (mel+),5,mdd,Rest,Rest,,,500.0,60,187.32,93660,continuous,66,64,2,,,FP1;FPZ;FP2;AF3;AF4;F7;F5;F3;F1;FZ;F2;F4;F6;F8;FT7;FC5;FC3;FC1;FCZ;FC2;FC4;FC6;FT8;T7;C5;C3;C1;CZ;C2;C4;C6;T8;M1;TP7;CP5;CP3;CP1;CPZ;CP2;CP4;CP6;TP8;M2;P7;P5;P3;P1;PZ;P2;P4;P6;P8;PO7;PO5;PO3;POZ;PO4;PO6;PO8;CB1;O1;OZ;O2;CB2;HEOG;VEOG,Between Cz & CPz,AFz,,n/a,,,Neuroscan Synamps2,University of Arizona,~~,250.0,0.0,sub-110_task-Rest_run-02_eeg.set,.set,/mnt/datasets_v7/gokul/EEGData/ds003478/sub-110/eeg/sub-110_task-Rest_run-02_eeg.set,/mnt/datasets_v7/gokul/EEGData/ds003478/sub-110,/mnt/datasets_v7/gokul/EEGData/ds003478/sub-110/eeg/sub-110_task-Rest_run-02_eeg.json,/mnt/datasets_v7/gokul/EEGData/ds003478/sub-110/eeg/sub-110_task-Rest_run-02_channels.tsv,/mnt/datasets_v7/gokul/EEGData/ds003478/sub-110/eeg/sub-110_task-Rest_run-02_events.tsv,2026-06-15T10:41:14
0220,sub-111,617,ds003478,sub-111,,,01,18,1,18,57,No Interview,,,control,Rest,Rest,,,500.0,60,456.12,228060,continuous,67,64,3,,,FP1;FPZ;FP2;AF3;AF4;F7;F5;F3;F1;FZ;F2;F4;F6;F8;FT7;FC5;FC3;FC1;FCZ;FC2;FC4;FC6;FT8;T7;C5;C3;C1;CZ;C2;C4;C6;T8;M1;TP7;CP5;CP3;CP1;CPZ;CP2;CP4;CP6;TP8;M2;P7;P5;P3;P1;PZ;P2;P4;P6;P8;PO7;PO5;PO3;POZ;PO4;PO6;PO8;CB1;O1;OZ;O2;CB2;HEOG;VEOG;EKG,Between Cz & CPz,AFz,,n/a,,,Neuroscan Synamps2,University of Arizona,~~,250.0,0.0,sub-111_task-Rest_run-01_eeg.set,.set,/mnt/datasets_v7/gokul/EEGData/ds003478/sub-111/eeg/sub-111_task-Rest_run-01_eeg.set,/mnt/datasets_v7/gokul/EEGData/ds003478/sub-111,/mnt/datasets_v7/gokul/EEGData/ds003478/sub-111/eeg/sub-111_task-Rest_run-01_eeg.json,/mnt/datasets_v7/gokul/EEGData/ds003478/sub-111/eeg/sub-111_task-Rest_run-01_channels.tsv,/mnt/datasets_v7/gokul/EEGData/ds003478/sub-111/eeg/sub-111_task-Rest_run-01_events.tsv,2026-06-15T10:41:14
0221,sub-111,617,ds003478,sub-111,,,02,18,1,18,57,No Interview,,,control,Rest,Rest,,,500.0,60,242.32,121160,continuous,66,64,2,,,FP1;FPZ;FP2;AF3;AF4;F7;F5;F3;F1;FZ;F2;F4;F6;F8;FT7;FC5;FC3;FC1;FCZ;FC2;FC4;FC6;FT8;T7;C5;C3;C1;CZ;C2;C4;C6;T8;M1;TP7;CP5;CP3;CP1;CPZ;CP2;CP4;CP6;TP8;M2;P7;P5;P3;P1;PZ;P2;P4;P6;P8;PO7;PO5;PO3;POZ;PO4;PO6;PO8;CB1;O1;OZ;O2;CB2;HEOG;VEOG,Between Cz & CPz,AFz,,n/a,,,Neuroscan Synamps2,University of Arizona,~~,250.0,0.0,sub-111_task-Rest_run-02_eeg.set,.set,/mnt/datasets_v7/gokul/EEGData/ds003478/sub-111/eeg/sub-111_task-Rest_run-02_eeg.set,/mnt/datasets_v7/gokul/EEGData/ds003478/sub-111,/mnt/datasets_v7/gokul/EEGData/ds003478/sub-111/eeg/sub-111_task-Rest_run-02_eeg.json,/mnt/datasets_v7/gokul/EEGData/ds003478/sub-111/eeg/sub-111_task-Rest_run-02_channels.tsv,/mnt/datasets_v7/gokul/EEGData/ds003478/sub-111/eeg/sub-111_task-Rest_run-02_events.tsv,2026-06-15T10:41:14
0222,sub-112,618,ds003478,sub-112,,,01,19,1,24,53,Do not meet criterion for current or past MDD,subsyndromal past MDE,3,mdd,Rest,Rest,,,500.0,60,495.08,247540,continuous,67,64,3,,,FP1;FPZ;FP2;AF3;AF4;F7;F5;F3;F1;FZ;F2;F4;F6;F8;FT7;FC5;FC3;FC1;FCZ;FC2;FC4;FC6;FT8;T7;C5;C3;C1;CZ;C2;C4;C6;T8;M1;TP7;CP5;CP3;CP1;CPZ;CP2;CP4;CP6;TP8;M2;P7;P5;P3;P1;PZ;P2;P4;P6;P8;PO7;PO5;PO3;POZ;PO4;PO6;PO8;CB1;O1;OZ;O2;CB2;HEOG;VEOG;EKG,Between Cz & CPz,AFz,,n/a,,,Neuroscan Synamps2,University of Arizona,~~,250.0,0.0,sub-112_task-Rest_run-01_eeg.set,.set,/mnt/datasets_v7/gokul/EEGData/ds003478/sub-112/eeg/sub-112_task-Rest_run-01_eeg.set,/mnt/datasets_v7/gokul/EEGData/ds003478/sub-112,/mnt/datasets_v7/gokul/EEGData/ds003478/sub-112/eeg/sub-112_task-Rest_run-01_eeg.json,/mnt/datasets_v7/gokul/EEGData/ds003478/sub-112/eeg/sub-112_task-Rest_run-01_channels.tsv,/mnt/datasets_v7/gokul/EEGData/ds003478/sub-112/eeg/sub-112_task-Rest_run-01_events.tsv,2026-06-15T10:41:14
0223,sub-112,618,ds003478,sub-112,,,02,19,1,24,53,Do not meet criterion for current or past MDD,subsyndromal past MDE,3,mdd,Rest,Rest,,both,500.0,60,228.48,114240,continuous,66,64,2,,,FP1;FPZ;FP2;AF3;AF4;F7;F5;F3;F1;FZ;F2;F4;F6;F8;FT7;FC5;FC3;FC1;FCZ;FC2;FC4;FC6;FT8;T7;C5;C3;C1;CZ;C2;C4;C6;T8;M1;TP7;CP5;CP3;CP1;CPZ;CP2;CP4;CP6;TP8;M2;P7;P5;P3;P1;PZ;P2;P4;P6;P8;PO7;PO5;PO3;POZ;PO4;PO6;PO8;CB1;O1;OZ;O2;CB2;HEOG;VEOG,Between Cz & CPz,AFz,,n/a,,,Neuroscan Synamps2,University of Arizona,~~,250.0,0.0,sub-112_task-Rest_run-02_eeg.set,.set,/mnt/datasets_v7/gokul/EEGData/ds003478/sub-112/eeg/sub-112_task-Rest_run-02_eeg.set,/mnt/datasets_v7/gokul/EEGData/ds003478/sub-112,/mnt/datasets_v7/gokul/EEGData/ds003478/sub-112/eeg/sub-112_task-Rest_run-02_eeg.json,/mnt/datasets_v7/gokul/EEGData/ds003478/sub-112/eeg/sub-112_task-Rest_run-02_channels.tsv,/mnt/datasets_v7/gokul/EEGData/ds003478/sub-112/eeg/sub-112_task-Rest_run-02_events.tsv,2026-06-15T10:41:14
0224,sub-113,619,ds003478,sub-113,,,01,18,2,23,50,No Interview,,,control,Rest,Rest,,both,500.0,60,507.32,253660,continuous,67,64,3,,,FP1;FPZ;FP2;AF3;AF4;F7;F5;F3;F1;FZ;F2;F4;F6;F8;FT7;FC5;FC3;FC1;FCZ;FC2;FC4;FC6;FT8;T7;C5;C3;C1;CZ;C2;C4;C6;T8;M1;TP7;CP5;CP3;CP1;CPZ;CP2;CP4;CP6;TP8;M2;P7;P5;P3;P1;PZ;P2;P4;P6;P8;PO7;PO5;PO3;POZ;PO4;PO6;PO8;CB1;O1;OZ;O2;CB2;HEOG;VEOG;EKG,Between Cz & CPz,AFz,,n/a,,,Neuroscan Synamps2,University of Arizona,~~,250.0,0.0,sub-113_task-Rest_run-01_eeg.set,.set,/mnt/datasets_v7/gokul/EEGData/ds003478/sub-113/eeg/sub-113_task-Rest_run-01_eeg.set,/mnt/datasets_v7/gokul/EEGData/ds003478/sub-113,/mnt/datasets_v7/gokul/EEGData/ds003478/sub-113/eeg/sub-113_task-Rest_run-01_eeg.json,/mnt/datasets_v7/gokul/EEGData/ds003478/sub-113/eeg/sub-113_task-Rest_run-01_channels.tsv,/mnt/datasets_v7/gokul/EEGData/ds003478/sub-113/eeg/sub-113_task-Rest_run-01_events.tsv,2026-06-15T10:41:14
0225,sub-113,619,ds003478,sub-113,,,02,18,2,23,50,No Interview,,,control,Rest,Rest,,both,500.0,60,213.68,106840,continuous,67,64,3,,,FP1;FPZ;FP2;AF3;AF4;F7;F5;F3;F1;FZ;F2;F4;F6;F8;FT7;FC5;FC3;FC1;FCZ;FC2;FC4;FC6;FT8;T7;C5;C3;C1;CZ;C2;C4;C6;T8;M1;TP7;CP5;CP3;CP1;CPZ;CP2;CP4;CP6;TP8;M2;P7;P5;P3;P1;PZ;P2;P4;P6;P8;PO7;PO5;PO3;POZ;PO4;PO6;PO8;CB1;O1;OZ;O2;CB2;HEOG;VEOG;EKG,Between Cz & CPz,AFz,,n/a,,,Neuroscan Synamps2,University of Arizona,~~,250.0,0.0,sub-113_task-Rest_run-02_eeg.set,.set,/mnt/datasets_v7/gokul/EEGData/ds003478/sub-113/eeg/sub-113_task-Rest_run-02_eeg.set,/mnt/datasets_v7/gokul/EEGData/ds003478/sub-113,/mnt/datasets_v7/gokul/EEGData/ds003478/sub-113/eeg/sub-113_task-Rest_run-02_eeg.json,/mnt/datasets_v7/gokul/EEGData/ds003478/sub-113/eeg/sub-113_task-Rest_run-02_channels.tsv,/mnt/datasets_v7/gokul/EEGData/ds003478/sub-113/eeg/sub-113_task-Rest_run-02_events.tsv,2026-06-15T10:41:14
0226,sub-114,620,ds003478,sub-114,,,01,18,1,27,64,No Interview,,,control,Rest,Rest,,,500.0,60,492.92,246460,continuous,67,64,3,,,FP1;FPZ;FP2;AF3;AF4;F7;F5;F3;F1;FZ;F2;F4;F6;F8;FT7;FC5;FC3;FC1;FCZ;FC2;FC4;FC6;FT8;T7;C5;C3;C1;CZ;C2;C4;C6;T8;M1;TP7;CP5;CP3;CP1;CPZ;CP2;CP4;CP6;TP8;M2;P7;P5;P3;P1;PZ;P2;P4;P6;P8;PO7;PO5;PO3;POZ;PO4;PO6;PO8;CB1;O1;OZ;O2;CB2;HEOG;VEOG;EKG,Between Cz & CPz,AFz,,n/a,,,Neuroscan Synamps2,University of Arizona,~~,250.0,0.0,sub-114_task-Rest_run-01_eeg.set,.set,/mnt/datasets_v7/gokul/EEGData/ds003478/sub-114/eeg/sub-114_task-Rest_run-01_eeg.set,/mnt/datasets_v7/gokul/EEGData/ds003478/sub-114,/mnt/datasets_v7/gokul/EEGData/ds003478/sub-114/eeg/sub-114_task-Rest_run-01_eeg.json,/mnt/datasets_v7/gokul/EEGData/ds003478/sub-114/eeg/sub-114_task-Rest_run-01_channels.tsv,/mnt/datasets_v7/gokul/EEGData/ds003478/sub-114/eeg/sub-114_task-Rest_run-01_events.tsv,2026-06-15T10:41:14
0227,sub-114,620,ds003478,sub-114,,,02,18,1,27,64,No Interview,,,control,Rest,Rest,,,500.0,60,206.76,103380,continuous,66,64,2,,,FP1;FPZ;FP2;AF3;AF4;F7;F5;F3;F1;FZ;F2;F4;F6;F8;FT7;FC5;FC3;FC1;FCZ;FC2;FC4;FC6;FT8;T7;C5;C3;C1;CZ;C2;C4;C6;T8;M1;TP7;CP5;CP3;CP1;CPZ;CP2;CP4;CP6;TP8;M2;P7;P5;P3;P1;PZ;P2;P4;P6;P8;PO7;PO5;PO3;POZ;PO4;PO6;PO8;CB1;O1;OZ;O2;CB2;HEOG;VEOG,Between Cz & CPz,AFz,,n/a,,,Neuroscan Synamps2,University of Arizona,~~,250.0,0.0,sub-114_task-Rest_run-02_eeg.set,.set,/mnt/datasets_v7/gokul/EEGData/ds003478/sub-114/eeg/sub-114_task-Rest_run-02_eeg.set,/mnt/datasets_v7/gokul/EEGData/ds003478/sub-114,/mnt/datasets_v7/gokul/EEGData/ds003478/sub-114/eeg/sub-114_task-Rest_run-02_eeg.json,/mnt/datasets_v7/gokul/EEGData/ds003478/sub-114/eeg/sub-114_task-Rest_run-02_channels.tsv,/mnt/datasets_v7/gokul/EEGData/ds003478/sub-114/eeg/sub-114_task-Rest_run-02_events.tsv,2026-06-15T10:41:14
0228,sub-115,621,ds003478,sub-115,,,01,20,1,17,44,No Interview,,,control,Rest,Rest,,,500.0,60,502.64,251320,continuous,66,64,2,,,FP1;FPZ;FP2;AF3;AF4;F7;F5;F3;F1;FZ;F2;F4;F6;F8;FT7;FC5;FC3;FC1;FCZ;FC2;FC4;FC6;FT8;T7;C5;C3;C1;CZ;C2;C4;C6;T8;M1;TP7;CP5;CP3;CP1;CPZ;CP2;CP4;CP6;TP8;M2;P7;P5;P3;P1;PZ;P2;P4;P6;P8;PO7;PO5;PO3;POZ;PO4;PO6;PO8;CB1;O1;OZ;O2;CB2;HEOG;VEOG,Between Cz & CPz,AFz,,n/a,,,Neuroscan Synamps2,University of Arizona,~~,250.0,0.0,sub-115_task-Rest_run-01_eeg.set,.set,/mnt/datasets_v7/gokul/EEGData/ds003478/sub-115/eeg/sub-115_task-Rest_run-01_eeg.set,/mnt/datasets_v7/gokul/EEGData/ds003478/sub-115,/mnt/datasets_v7/gokul/EEGData/ds003478/sub-115/eeg/sub-115_task-Rest_run-01_eeg.json,/mnt/datasets_v7/gokul/EEGData/ds003478/sub-115/eeg/sub-115_task-Rest_run-01_channels.tsv,/mnt/datasets_v7/gokul/EEGData/ds003478/sub-115/eeg/sub-115_task-Rest_run-01_events.tsv,2026-06-15T10:41:14
0229,sub-115,621,ds003478,sub-115,,,02,20,1,17,44,No Interview,,,control,Rest,Rest,,,500.0,60,171.72,85860,continuous,66,64,2,,,FP1;FPZ;FP2;AF3;AF4;F7;F5;F3;F1;FZ;F2;F4;F6;F8;FT7;FC5;FC3;FC1;FCZ;FC2;FC4;FC6;FT8;T7;C5;C3;C1;CZ;C2;C4;C6;T8;M1;TP7;CP5;CP3;CP1;CPZ;CP2;CP4;CP6;TP8;M2;P7;P5;P3;P1;PZ;P2;P4;P6;P8;PO7;PO5;PO3;POZ;PO4;PO6;PO8;CB1;O1;OZ;O2;CB2;HEOG;VEOG,Between Cz & CPz,AFz,,n/a,,,Neuroscan Synamps2,University of Arizona,~~,250.0,0.0,sub-115_task-Rest_run-02_eeg.set,.set,/mnt/datasets_v7/gokul/EEGData/ds003478/sub-115/eeg/sub-115_task-Rest_run-02_eeg.set,/mnt/datasets_v7/gokul/EEGData/ds003478/sub-115,/mnt/datasets_v7/gokul/EEGData/ds003478/sub-115/eeg/sub-115_task-Rest_run-02_eeg.json,/mnt/datasets_v7/gokul/EEGData/ds003478/sub-115/eeg/sub-115_task-Rest_run-02_channels.tsv,/mnt/datasets_v7/gokul/EEGData/ds003478/sub-115/eeg/sub-115_task-Rest_run-02_events.tsv,2026-06-15T10:41:14
0230,sub-116,622,ds003478,sub-116,,,01,18,2,14,41,Current MDD,,10,mdd,Rest,Rest,,,500.0,60,499.52,249760,continuous,66,64,2,,,FP1;FPZ;FP2;AF3;AF4;F7;F5;F3;F1;FZ;F2;F4;F6;F8;FT7;FC5;FC3;FC1;FCZ;FC2;FC4;FC6;FT8;T7;C5;C3;C1;CZ;C2;C4;C6;T8;M1;TP7;CP5;CP3;CP1;CPZ;CP2;CP4;CP6;TP8;M2;P7;P5;P3;P1;PZ;P2;P4;P6;P8;PO7;PO5;PO3;POZ;PO4;PO6;PO8;CB1;O1;OZ;O2;CB2;HEOG;VEOG,Between Cz & CPz,AFz,,n/a,,,Neuroscan Synamps2,University of Arizona,~~,250.0,0.0,sub-116_task-Rest_run-01_eeg.set,.set,/mnt/datasets_v7/gokul/EEGData/ds003478/sub-116/eeg/sub-116_task-Rest_run-01_eeg.set,/mnt/datasets_v7/gokul/EEGData/ds003478/sub-116,/mnt/datasets_v7/gokul/EEGData/ds003478/sub-116/eeg/sub-116_task-Rest_run-01_eeg.json,/mnt/datasets_v7/gokul/EEGData/ds003478/sub-116/eeg/sub-116_task-Rest_run-01_channels.tsv,/mnt/datasets_v7/gokul/EEGData/ds003478/sub-116/eeg/sub-116_task-Rest_run-01_events.tsv,2026-06-15T10:41:14
0231,sub-116,622,ds003478,sub-116,,,02,18,2,14,41,Current MDD,,10,mdd,Rest,Rest,,,500.0,60,170.28,85140,continuous,66,64,2,,,FP1;FPZ;FP2;AF3;AF4;F7;F5;F3;F1;FZ;F2;F4;F6;F8;FT7;FC5;FC3;FC1;FCZ;FC2;FC4;FC6;FT8;T7;C5;C3;C1;CZ;C2;C4;C6;T8;M1;TP7;CP5;CP3;CP1;CPZ;CP2;CP4;CP6;TP8;M2;P7;P5;P3;P1;PZ;P2;P4;P6;P8;PO7;PO5;PO3;POZ;PO4;PO6;PO8;CB1;O1;OZ;O2;CB2;HEOG;VEOG,Between Cz & CPz,AFz,,n/a,,,Neuroscan Synamps2,University of Arizona,~~,250.0,0.0,sub-116_task-Rest_run-02_eeg.set,.set,/mnt/datasets_v7/gokul/EEGData/ds003478/sub-116/eeg/sub-116_task-Rest_run-02_eeg.set,/mnt/datasets_v7/gokul/EEGData/ds003478/sub-116,/mnt/datasets_v7/gokul/EEGData/ds003478/sub-116/eeg/sub-116_task-Rest_run-02_eeg.json,/mnt/datasets_v7/gokul/EEGData/ds003478/sub-116/eeg/sub-116_task-Rest_run-02_channels.tsv,/mnt/datasets_v7/gokul/EEGData/ds003478/sub-116/eeg/sub-116_task-Rest_run-02_events.tsv,2026-06-15T10:41:14
0232,sub-117,623,ds003478,sub-117,,,01,19,1,19,62,No Interview,,,control,Rest,Rest,,both,500.0,60,538.07,269035,continuous,66,64,2,,,FP1;FPZ;FP2;AF3;AF4;F7;F5;F3;F1;FZ;F2;F4;F6;F8;FT7;FC5;FC3;FC1;FCZ;FC2;FC4;FC6;FT8;T7;C5;C3;C1;CZ;C2;C4;C6;T8;M1;TP7;CP5;CP3;CP1;CPZ;CP2;CP4;CP6;TP8;M2;P7;P5;P3;P1;PZ;P2;P4;P6;P8;PO7;PO5;PO3;POZ;PO4;PO6;PO8;CB1;O1;OZ;O2;CB2;HEOG;VEOG,Between Cz & CPz,AFz,,n/a,,,Neuroscan Synamps2,University of Arizona,~~,250.0,0.0,sub-117_task-Rest_run-01_eeg.set,.set,/mnt/datasets_v7/gokul/EEGData/ds003478/sub-117/eeg/sub-117_task-Rest_run-01_eeg.set,/mnt/datasets_v7/gokul/EEGData/ds003478/sub-117,/mnt/datasets_v7/gokul/EEGData/ds003478/sub-117/eeg/sub-117_task-Rest_run-01_eeg.json,/mnt/datasets_v7/gokul/EEGData/ds003478/sub-117/eeg/sub-117_task-Rest_run-01_channels.tsv,/mnt/datasets_v7/gokul/EEGData/ds003478/sub-117/eeg/sub-117_task-Rest_run-01_events.tsv,2026-06-15T10:41:14
0233,sub-117,623,ds003478,sub-117,,,02,19,1,19,62,No Interview,,,control,Rest,Rest,,,500.0,60,170.84,85420,continuous,67,64,3,,,FP1;FPZ;FP2;AF3;AF4;F7;F5;F3;F1;FZ;F2;F4;F6;F8;FT7;FC5;FC3;FC1;FCZ;FC2;FC4;FC6;FT8;T7;C5;C3;C1;CZ;C2;C4;C6;T8;M1;TP7;CP5;CP3;CP1;CPZ;CP2;CP4;CP6;TP8;M2;P7;P5;P3;P1;PZ;P2;P4;P6;P8;PO7;PO5;PO3;POZ;PO4;PO6;PO8;CB1;O1;OZ;O2;CB2;HEOG;VEOG;EKG,Between Cz & CPz,AFz,,n/a,,,Neuroscan Synamps2,University of Arizona,~~,250.0,0.0,sub-117_task-Rest_run-02_eeg.set,.set,/mnt/datasets_v7/gokul/EEGData/ds003478/sub-117/eeg/sub-117_task-Rest_run-02_eeg.set,/mnt/datasets_v7/gokul/EEGData/ds003478/sub-117,/mnt/datasets_v7/gokul/EEGData/ds003478/sub-117/eeg/sub-117_task-Rest_run-02_eeg.json,/mnt/datasets_v7/gokul/EEGData/ds003478/sub-117/eeg/sub-117_task-Rest_run-02_channels.tsv,/mnt/datasets_v7/gokul/EEGData/ds003478/sub-117/eeg/sub-117_task-Rest_run-02_events.tsv,2026-06-15T10:41:14
0234,sub-118,624,ds003478,sub-118,,,01,20,1,23,60,Current MDD,,21,mdd,Rest,Rest,,,500.0,60,475.96,237980,continuous,67,64,3,,,FP1;FPZ;FP2;AF3;AF4;F7;F5;F3;F1;FZ;F2;F4;F6;F8;FT7;FC5;FC3;FC1;FCZ;FC2;FC4;FC6;FT8;T7;C5;C3;C1;CZ;C2;C4;C6;T8;M1;TP7;CP5;CP3;CP1;CPZ;CP2;CP4;CP6;TP8;M2;P7;P5;P3;P1;PZ;P2;P4;P6;P8;PO7;PO5;PO3;POZ;PO4;PO6;PO8;CB1;O1;OZ;O2;CB2;HEOG;VEOG;EKG,Between Cz & CPz,AFz,,n/a,,,Neuroscan Synamps2,University of Arizona,~~,250.0,0.0,sub-118_task-Rest_run-01_eeg.set,.set,/mnt/datasets_v7/gokul/EEGData/ds003478/sub-118/eeg/sub-118_task-Rest_run-01_eeg.set,/mnt/datasets_v7/gokul/EEGData/ds003478/sub-118,/mnt/datasets_v7/gokul/EEGData/ds003478/sub-118/eeg/sub-118_task-Rest_run-01_eeg.json,/mnt/datasets_v7/gokul/EEGData/ds003478/sub-118/eeg/sub-118_task-Rest_run-01_channels.tsv,/mnt/datasets_v7/gokul/EEGData/ds003478/sub-118/eeg/sub-118_task-Rest_run-01_events.tsv,2026-06-15T10:41:14
0235,sub-118,624,ds003478,sub-118,,,02,20,1,23,60,Current MDD,,21,mdd,Rest,Rest,,,500.0,60,162.2,81100,continuous,66,64,2,,,FP1;FPZ;FP2;AF3;AF4;F7;F5;F3;F1;FZ;F2;F4;F6;F8;FT7;FC5;FC3;FC1;FCZ;FC2;FC4;FC6;FT8;T7;C5;C3;C1;CZ;C2;C4;C6;T8;M1;TP7;CP5;CP3;CP1;CPZ;CP2;CP4;CP6;TP8;M2;P7;P5;P3;P1;PZ;P2;P4;P6;P8;PO7;PO5;PO3;POZ;PO4;PO6;PO8;CB1;O1;OZ;O2;CB2;HEOG;VEOG,Between Cz & CPz,AFz,,n/a,,,Neuroscan Synamps2,University of Arizona,~~,250.0,0.0,sub-118_task-Rest_run-02_eeg.set,.set,/mnt/datasets_v7/gokul/EEGData/ds003478/sub-118/eeg/sub-118_task-Rest_run-02_eeg.set,/mnt/datasets_v7/gokul/EEGData/ds003478/sub-118,/mnt/datasets_v7/gokul/EEGData/ds003478/sub-118/eeg/sub-118_task-Rest_run-02_eeg.json,/mnt/datasets_v7/gokul/EEGData/ds003478/sub-118/eeg/sub-118_task-Rest_run-02_channels.tsv,/mnt/datasets_v7/gokul/EEGData/ds003478/sub-118/eeg/sub-118_task-Rest_run-02_events.tsv,2026-06-15T10:41:14
0236,sub-119,625,ds003478,sub-119,,,01,19,1,16,60,Past MDD,subsyndromal current,4,mdd,Rest,Rest,,,500.0,60,503.8,251900,continuous,66,64,2,,,FP1;FPZ;FP2;AF3;AF4;F7;F5;F3;F1;FZ;F2;F4;F6;F8;FT7;FC5;FC3;FC1;FCZ;FC2;FC4;FC6;FT8;T7;C5;C3;C1;CZ;C2;C4;C6;T8;M1;TP7;CP5;CP3;CP1;CPZ;CP2;CP4;CP6;TP8;M2;P7;P5;P3;P1;PZ;P2;P4;P6;P8;PO7;PO5;PO3;POZ;PO4;PO6;PO8;CB1;O1;OZ;O2;CB2;HEOG;VEOG,Between Cz & CPz,AFz,,n/a,,,Neuroscan Synamps2,University of Arizona,~~,250.0,0.0,sub-119_task-Rest_run-01_eeg.set,.set,/mnt/datasets_v7/gokul/EEGData/ds003478/sub-119/eeg/sub-119_task-Rest_run-01_eeg.set,/mnt/datasets_v7/gokul/EEGData/ds003478/sub-119,/mnt/datasets_v7/gokul/EEGData/ds003478/sub-119/eeg/sub-119_task-Rest_run-01_eeg.json,/mnt/datasets_v7/gokul/EEGData/ds003478/sub-119/eeg/sub-119_task-Rest_run-01_channels.tsv,/mnt/datasets_v7/gokul/EEGData/ds003478/sub-119/eeg/sub-119_task-Rest_run-01_events.tsv,2026-06-15T10:41:14
0237,sub-119,625,ds003478,sub-119,,,02,19,1,16,60,Past MDD,subsyndromal current,4,mdd,Rest,Rest,,,500.0,60,159.24,79620,continuous,66,64,2,,,FP1;FPZ;FP2;AF3;AF4;F7;F5;F3;F1;FZ;F2;F4;F6;F8;FT7;FC5;FC3;FC1;FCZ;FC2;FC4;FC6;FT8;T7;C5;C3;C1;CZ;C2;C4;C6;T8;M1;TP7;CP5;CP3;CP1;CPZ;CP2;CP4;CP6;TP8;M2;P7;P5;P3;P1;PZ;P2;P4;P6;P8;PO7;PO5;PO3;POZ;PO4;PO6;PO8;CB1;O1;OZ;O2;CB2;HEOG;VEOG,Between Cz & CPz,AFz,,n/a,,,Neuroscan Synamps2,University of Arizona,~~,250.0,0.0,sub-119_task-Rest_run-02_eeg.set,.set,/mnt/datasets_v7/gokul/EEGData/ds003478/sub-119/eeg/sub-119_task-Rest_run-02_eeg.set,/mnt/datasets_v7/gokul/EEGData/ds003478/sub-119,/mnt/datasets_v7/gokul/EEGData/ds003478/sub-119/eeg/sub-119_task-Rest_run-02_eeg.json,/mnt/datasets_v7/gokul/EEGData/ds003478/sub-119/eeg/sub-119_task-Rest_run-02_channels.tsv,/mnt/datasets_v7/gokul/EEGData/ds003478/sub-119/eeg/sub-119_task-Rest_run-02_events.tsv,2026-06-15T10:41:14
0238,sub-120,626,ds003478,sub-120,,,01,18,1,14,41,Current MDD,,10,mdd,Rest,Rest,,,500.0,60,500.32,250160,continuous,67,64,3,,,FP1;FPZ;FP2;AF3;AF4;F7;F5;F3;F1;FZ;F2;F4;F6;F8;FT7;FC5;FC3;FC1;FCZ;FC2;FC4;FC6;FT8;T7;C5;C3;C1;CZ;C2;C4;C6;T8;M1;TP7;CP5;CP3;CP1;CPZ;CP2;CP4;CP6;TP8;M2;P7;P5;P3;P1;PZ;P2;P4;P6;P8;PO7;PO5;PO3;POZ;PO4;PO6;PO8;CB1;O1;OZ;O2;CB2;HEOG;VEOG;EKG,Between Cz & CPz,AFz,,n/a,,,Neuroscan Synamps2,University of Arizona,~~,250.0,0.0,sub-120_task-Rest_run-01_eeg.set,.set,/mnt/datasets_v7/gokul/EEGData/ds003478/sub-120/eeg/sub-120_task-Rest_run-01_eeg.set,/mnt/datasets_v7/gokul/EEGData/ds003478/sub-120,/mnt/datasets_v7/gokul/EEGData/ds003478/sub-120/eeg/sub-120_task-Rest_run-01_eeg.json,/mnt/datasets_v7/gokul/EEGData/ds003478/sub-120/eeg/sub-120_task-Rest_run-01_channels.tsv,/mnt/datasets_v7/gokul/EEGData/ds003478/sub-120/eeg/sub-120_task-Rest_run-01_events.tsv,2026-06-15T10:41:14
0239,sub-120,626,ds003478,sub-120,,,02,18,1,14,41,Current MDD,,10,mdd,Rest,Rest,,,500.0,60,165.56,82780,continuous,67,64,3,,,FP1;FPZ;FP2;AF3;AF4;F7;F5;F3;F1;FZ;F2;F4;F6;F8;FT7;FC5;FC3;FC1;FCZ;FC2;FC4;FC6;FT8;T7;C5;C3;C1;CZ;C2;C4;C6;T8;M1;TP7;CP5;CP3;CP1;CPZ;CP2;CP4;CP6;TP8;M2;P7;P5;P3;P1;PZ;P2;P4;P6;P8;PO7;PO5;PO3;POZ;PO4;PO6;PO8;CB1;O1;OZ;O2;CB2;HEOG;VEOG;EKG,Between Cz & CPz,AFz,,n/a,,,Neuroscan Synamps2,University of Arizona,~~,250.0,0.0,sub-120_task-Rest_run-02_eeg.set,.set,/mnt/datasets_v7/gokul/EEGData/ds003478/sub-120/eeg/sub-120_task-Rest_run-02_eeg.set,/mnt/datasets_v7/gokul/EEGData/ds003478/sub-120,/mnt/datasets_v7/gokul/EEGData/ds003478/sub-120/eeg/sub-120_task-Rest_run-02_eeg.json,/mnt/datasets_v7/gokul/EEGData/ds003478/sub-120/eeg/sub-120_task-Rest_run-02_channels.tsv,/mnt/datasets_v7/gokul/EEGData/ds003478/sub-120/eeg/sub-120_task-Rest_run-02_events.tsv,2026-06-15T10:41:14
0240,sub-121,627,ds003478,sub-121,,,01,19,2,30,47,Past MDD,,3,mdd,Rest,Rest,,,500.0,60,515.52,257760,continuous,66,64,2,,,FP1;FPZ;FP2;AF3;AF4;F7;F5;F3;F1;FZ;F2;F4;F6;F8;FT7;FC5;FC3;FC1;FCZ;FC2;FC4;FC6;FT8;T7;C5;C3;C1;CZ;C2;C4;C6;T8;M1;TP7;CP5;CP3;CP1;CPZ;CP2;CP4;CP6;TP8;M2;P7;P5;P3;P1;PZ;P2;P4;P6;P8;PO7;PO5;PO3;POZ;PO4;PO6;PO8;CB1;O1;OZ;O2;CB2;HEOG;VEOG,Between Cz & CPz,AFz,,n/a,,,Neuroscan Synamps2,University of Arizona,~~,250.0,0.0,sub-121_task-Rest_run-01_eeg.set,.set,/mnt/datasets_v7/gokul/EEGData/ds003478/sub-121/eeg/sub-121_task-Rest_run-01_eeg.set,/mnt/datasets_v7/gokul/EEGData/ds003478/sub-121,/mnt/datasets_v7/gokul/EEGData/ds003478/sub-121/eeg/sub-121_task-Rest_run-01_eeg.json,/mnt/datasets_v7/gokul/EEGData/ds003478/sub-121/eeg/sub-121_task-Rest_run-01_channels.tsv,/mnt/datasets_v7/gokul/EEGData/ds003478/sub-121/eeg/sub-121_task-Rest_run-01_events.tsv,2026-06-15T10:41:14
0241,sub-121,627,ds003478,sub-121,,,02,19,2,30,47,Past MDD,,3,mdd,Rest,Rest,,,500.0,60,169.2,84600,continuous,67,64,3,,,FP1;FPZ;FP2;AF3;AF4;F7;F5;F3;F1;FZ;F2;F4;F6;F8;FT7;FC5;FC3;FC1;FCZ;FC2;FC4;FC6;FT8;T7;C5;C3;C1;CZ;C2;C4;C6;T8;M1;TP7;CP5;CP3;CP1;CPZ;CP2;CP4;CP6;TP8;M2;P7;P5;P3;P1;PZ;P2;P4;P6;P8;PO7;PO5;PO3;POZ;PO4;PO6;PO8;CB1;O1;OZ;O2;CB2;HEOG;VEOG;EKG,Between Cz & CPz,AFz,,n/a,,,Neuroscan Synamps2,University of Arizona,~~,250.0,0.0,sub-121_task-Rest_run-02_eeg.set,.set,/mnt/datasets_v7/gokul/EEGData/ds003478/sub-121/eeg/sub-121_task-Rest_run-02_eeg.set,/mnt/datasets_v7/gokul/EEGData/ds003478/sub-121,/mnt/datasets_v7/gokul/EEGData/ds003478/sub-121/eeg/sub-121_task-Rest_run-02_eeg.json,/mnt/datasets_v7/gokul/EEGData/ds003478/sub-121/eeg/sub-121_task-Rest_run-02_channels.tsv,/mnt/datasets_v7/gokul/EEGData/ds003478/sub-121/eeg/sub-121_task-Rest_run-02_events.tsv,2026-06-15T10:41:14
0242,sub-122,628,ds003478,sub-122,,,01,18,2,19,56,Current MDD,"dysthymic, Hx Alc curr cannabis",15,mdd,Rest,Rest,,both,500.0,60,580.04,290020,continuous,67,64,3,,,FP1;FPZ;FP2;AF3;AF4;F7;F5;F3;F1;FZ;F2;F4;F6;F8;FT7;FC5;FC3;FC1;FCZ;FC2;FC4;FC6;FT8;T7;C5;C3;C1;CZ;C2;C4;C6;T8;M1;TP7;CP5;CP3;CP1;CPZ;CP2;CP4;CP6;TP8;M2;P7;P5;P3;P1;PZ;P2;P4;P6;P8;PO7;PO5;PO3;POZ;PO4;PO6;PO8;CB1;O1;OZ;O2;CB2;HEOG;VEOG;EKG,Between Cz & CPz,AFz,,n/a,,,Neuroscan Synamps2,University of Arizona,~~,250.0,0.0,sub-122_task-Rest_run-01_eeg.set,.set,/mnt/datasets_v7/gokul/EEGData/ds003478/sub-122/eeg/sub-122_task-Rest_run-01_eeg.set,/mnt/datasets_v7/gokul/EEGData/ds003478/sub-122,/mnt/datasets_v7/gokul/EEGData/ds003478/sub-122/eeg/sub-122_task-Rest_run-01_eeg.json,/mnt/datasets_v7/gokul/EEGData/ds003478/sub-122/eeg/sub-122_task-Rest_run-01_channels.tsv,/mnt/datasets_v7/gokul/EEGData/ds003478/sub-122/eeg/sub-122_task-Rest_run-01_events.tsv,2026-06-15T10:41:14
0243,sub-122,628,ds003478,sub-122,,,02,18,2,19,56,Current MDD,"dysthymic, Hx Alc curr cannabis",15,mdd,Rest,Rest,,,500.0,60,162.84,81420,continuous,67,64,3,,,FP1;FPZ;FP2;AF3;AF4;F7;F5;F3;F1;FZ;F2;F4;F6;F8;FT7;FC5;FC3;FC1;FCZ;FC2;FC4;FC6;FT8;T7;C5;C3;C1;CZ;C2;C4;C6;T8;M1;TP7;CP5;CP3;CP1;CPZ;CP2;CP4;CP6;TP8;M2;P7;P5;P3;P1;PZ;P2;P4;P6;P8;PO7;PO5;PO3;POZ;PO4;PO6;PO8;CB1;O1;OZ;O2;CB2;HEOG;VEOG;EKG,Between Cz & CPz,AFz,,n/a,,,Neuroscan Synamps2,University of Arizona,~~,250.0,0.0,sub-122_task-Rest_run-02_eeg.set,.set,/mnt/datasets_v7/gokul/EEGData/ds003478/sub-122/eeg/sub-122_task-Rest_run-02_eeg.set,/mnt/datasets_v7/gokul/EEGData/ds003478/sub-122,/mnt/datasets_v7/gokul/EEGData/ds003478/sub-122/eeg/sub-122_task-Rest_run-02_eeg.json,/mnt/datasets_v7/gokul/EEGData/ds003478/sub-122/eeg/sub-122_task-Rest_run-02_channels.tsv,/mnt/datasets_v7/gokul/EEGData/ds003478/sub-122/eeg/sub-122_task-Rest_run-02_events.tsv,2026-06-15T10:41:14
