new_id,old_id,dataset_id,subject_id,session_id,session_num,run,age,sex,diagnosis,cw_1,cw_2,cw_3,cw_4,ds_back,ds_forw,ds_seq,ds_tot,ravlt_1,ravlt_5,ravlt_del,ravlt_fp,ravlt_imm,ravlt_rec,ravlt_tot,tmt_2,tmt_3,tmt_4,vf_1,vf_2,vf_3,task_label,task_name,task_description,eyes_condition,acq_time,sampling_rate_hz,powerline_freq_hz,recording_duration_sec,n_timepoints,recording_type,n_total_channels,n_eeg_channels,n_other_channels,channel_types_tsv,channel_unit,channel_names,eeg_reference,eeg_ground,eeg_placement_scheme,software_filters,hardware_filters,cap_manufacturer,cap_model,institution,file_name,file_extension,file_path_raw,subject_dir,eeg_json_path,channels_tsv_path,table_generated_at
0001,sub-001,ds003775,sub-001,ses-t1,1,,29,F,control,33,24,82,79,10,8,10,28,8,14,15,1,13,15,64,20,23,57,45,44,15,resteyesc,resteyesc,Resting-state data extracted from an experimental evoked potential paradigm.,closed,2017-05-02T17:42:06,1024.0,50,240.0,245760,continuous,64,64,0,EEG:64,uV:64,Fp1;AF7;AF3;F1;F3;F5;F7;FT7;FC5;FC3;FC1;C1;C3;C5;T7;TP7;CP5;CP3;CP1;P1;P3;P5;P7;P9;PO7;PO3;O1;Iz;Oz;POz;Pz;CPz;Fpz;Fp2;AF8;AF4;AFz;Fz;F2;F4;F6;F8;FT8;FC6;FC4;FC2;FCz;Cz;C2;C4;C6;T8;TP8;CP6;CP4;CP2;P2;P4;P6;P8;P10;PO8;PO4;O2,average,,10-10,n/a,,BioSemi,,"University of Oslo, Dept. of Psychology",sub-001_ses-t1_task-resteyesc_eeg.edf,.edf,/mnt/datasets_v7/gokul/EEGData/ds003775/sub-001/ses-t1/eeg/sub-001_ses-t1_task-resteyesc_eeg.edf,/mnt/datasets_v7/gokul/EEGData/ds003775/sub-001/ses-t1,/mnt/datasets_v7/gokul/EEGData/ds003775/sub-001/ses-t1/eeg/sub-001_ses-t1_task-resteyesc_eeg.json,/mnt/datasets_v7/gokul/EEGData/ds003775/sub-001/ses-t1/eeg/sub-001_ses-t1_task-resteyesc_channels.tsv,2026-06-14T16:25:47
0002,sub-002,ds003775,sub-002,ses-t1,1,,29,F,control,34,29,44,51,9,8,9,26,8,14,14,1,13,15,65,23,33,101,32,36,14,resteyesc,resteyesc,Resting-state data extracted from an experimental evoked potential paradigm.,closed,2017-06-21T13:47:52,1024.0,50,240.0,245760,continuous,64,64,0,EEG:64,uV:64,Fp1;AF7;AF3;F1;F3;F5;F7;FT7;FC5;FC3;FC1;C1;C3;C5;T7;TP7;CP5;CP3;CP1;P1;P3;P5;P7;P9;PO7;PO3;O1;Iz;Oz;POz;Pz;CPz;Fpz;Fp2;AF8;AF4;AFz;Fz;F2;F4;F6;F8;FT8;FC6;FC4;FC2;FCz;Cz;C2;C4;C6;T8;TP8;CP6;CP4;CP2;P2;P4;P6;P8;P10;PO8;PO4;O2,average,,10-10,n/a,,BioSemi,,"University of Oslo, Dept. of Psychology",sub-002_ses-t1_task-resteyesc_eeg.edf,.edf,/mnt/datasets_v7/gokul/EEGData/ds003775/sub-002/ses-t1/eeg/sub-002_ses-t1_task-resteyesc_eeg.edf,/mnt/datasets_v7/gokul/EEGData/ds003775/sub-002/ses-t1,/mnt/datasets_v7/gokul/EEGData/ds003775/sub-002/ses-t1/eeg/sub-002_ses-t1_task-resteyesc_eeg.json,/mnt/datasets_v7/gokul/EEGData/ds003775/sub-002/ses-t1/eeg/sub-002_ses-t1_task-resteyesc_channels.tsv,2026-06-14T16:25:47
0003,sub-002,ds003775,sub-002,ses-t2,2,,29,F,control,34,29,44,51,9,8,9,26,8,14,14,1,13,15,65,23,33,101,32,36,14,resteyesc,resteyesc,Resting-state data extracted from an experimental evoked potential paradigm.,closed,2018-06-22T15:05:58,1024.0,50,240.0,245760,continuous,64,64,0,EEG:64,uV:64,Fp1;AF7;AF3;F1;F3;F5;F7;FT7;FC5;FC3;FC1;C1;C3;C5;T7;TP7;CP5;CP3;CP1;P1;P3;P5;P7;P9;PO7;PO3;O1;Iz;Oz;POz;Pz;CPz;Fpz;Fp2;AF8;AF4;AFz;Fz;F2;F4;F6;F8;FT8;FC6;FC4;FC2;FCz;Cz;C2;C4;C6;T8;TP8;CP6;CP4;CP2;P2;P4;P6;P8;P10;PO8;PO4;O2,average,,10-10,n/a,,BioSemi,,"University of Oslo, Dept. of Psychology",sub-002_ses-t2_task-resteyesc_eeg.edf,.edf,/mnt/datasets_v7/gokul/EEGData/ds003775/sub-002/ses-t2/eeg/sub-002_ses-t2_task-resteyesc_eeg.edf,/mnt/datasets_v7/gokul/EEGData/ds003775/sub-002/ses-t2,/mnt/datasets_v7/gokul/EEGData/ds003775/sub-002/ses-t2/eeg/sub-002_ses-t2_task-resteyesc_eeg.json,/mnt/datasets_v7/gokul/EEGData/ds003775/sub-002/ses-t2/eeg/sub-002_ses-t2_task-resteyesc_channels.tsv,2026-06-14T16:25:47
0004,sub-003,ds003775,sub-003,ses-t1,1,,62,F,control,27,28,93,61,10,13,9,32,6,13,9,0,11,12,48,45,43,75,,,,resteyesc,resteyesc,Resting-state data extracted from an experimental evoked potential paradigm.,closed,2019-09-30T13:27:58,1024.0,50,240.0,245760,continuous,64,64,0,EEG:64,uV:64,Fp1;AF7;AF3;F1;F3;F5;F7;FT7;FC5;FC3;FC1;C1;C3;C5;T7;TP7;CP5;CP3;CP1;P1;P3;P5;P7;P9;PO7;PO3;O1;Iz;Oz;POz;Pz;CPz;Fpz;Fp2;AF8;AF4;AFz;Fz;F2;F4;F6;F8;FT8;FC6;FC4;FC2;FCz;Cz;C2;C4;C6;T8;TP8;CP6;CP4;CP2;P2;P4;P6;P8;P10;PO8;PO4;O2,average,,10-10,n/a,,BioSemi,,"University of Oslo, Dept. of Psychology",sub-003_ses-t1_task-resteyesc_eeg.edf,.edf,/mnt/datasets_v7/gokul/EEGData/ds003775/sub-003/ses-t1/eeg/sub-003_ses-t1_task-resteyesc_eeg.edf,/mnt/datasets_v7/gokul/EEGData/ds003775/sub-003/ses-t1,/mnt/datasets_v7/gokul/EEGData/ds003775/sub-003/ses-t1/eeg/sub-003_ses-t1_task-resteyesc_eeg.json,/mnt/datasets_v7/gokul/EEGData/ds003775/sub-003/ses-t1/eeg/sub-003_ses-t1_task-resteyesc_channels.tsv,2026-06-14T16:25:47
0005,sub-003,ds003775,sub-003,ses-t2,2,,62,F,control,27,28,93,61,10,13,9,32,6,13,9,0,11,12,48,45,43,75,,,,resteyesc,resteyesc,Resting-state data extracted from an experimental evoked potential paradigm.,closed,2019-12-18T13:38:32,1024.0,50,240.0,245760,continuous,64,64,0,EEG:64,uV:64,Fp1;AF7;AF3;F1;F3;F5;F7;FT7;FC5;FC3;FC1;C1;C3;C5;T7;TP7;CP5;CP3;CP1;P1;P3;P5;P7;P9;PO7;PO3;O1;Iz;Oz;POz;Pz;CPz;Fpz;Fp2;AF8;AF4;AFz;Fz;F2;F4;F6;F8;FT8;FC6;FC4;FC2;FCz;Cz;C2;C4;C6;T8;TP8;CP6;CP4;CP2;P2;P4;P6;P8;P10;PO8;PO4;O2,average,,10-10,n/a,,BioSemi,,"University of Oslo, Dept. of Psychology",sub-003_ses-t2_task-resteyesc_eeg.edf,.edf,/mnt/datasets_v7/gokul/EEGData/ds003775/sub-003/ses-t2/eeg/sub-003_ses-t2_task-resteyesc_eeg.edf,/mnt/datasets_v7/gokul/EEGData/ds003775/sub-003/ses-t2,/mnt/datasets_v7/gokul/EEGData/ds003775/sub-003/ses-t2/eeg/sub-003_ses-t2_task-resteyesc_eeg.json,/mnt/datasets_v7/gokul/EEGData/ds003775/sub-003/ses-t2/eeg/sub-003_ses-t2_task-resteyesc_channels.tsv,2026-06-14T16:25:47
0006,sub-004,ds003775,sub-004,ses-t1,1,,20,F,control,28,20,43,45,8,10,9,27,8,14,13,0,13,15,62,18,17,49,56,54,23,resteyesc,resteyesc,Resting-state data extracted from an experimental evoked potential paradigm.,closed,2017-05-26T13:08:54,1024.0,50,240.0,245760,continuous,64,64,0,EEG:64,uV:64,Fp1;AF7;AF3;F1;F3;F5;F7;FT7;FC5;FC3;FC1;C1;C3;C5;T7;TP7;CP5;CP3;CP1;P1;P3;P5;P7;P9;PO7;PO3;O1;Iz;Oz;POz;Pz;CPz;Fpz;Fp2;AF8;AF4;AFz;Fz;F2;F4;F6;F8;FT8;FC6;FC4;FC2;FCz;Cz;C2;C4;C6;T8;TP8;CP6;CP4;CP2;P2;P4;P6;P8;P10;PO8;PO4;O2,average,,10-10,n/a,,BioSemi,,"University of Oslo, Dept. of Psychology",sub-004_ses-t1_task-resteyesc_eeg.edf,.edf,/mnt/datasets_v7/gokul/EEGData/ds003775/sub-004/ses-t1/eeg/sub-004_ses-t1_task-resteyesc_eeg.edf,/mnt/datasets_v7/gokul/EEGData/ds003775/sub-004/ses-t1,/mnt/datasets_v7/gokul/EEGData/ds003775/sub-004/ses-t1/eeg/sub-004_ses-t1_task-resteyesc_eeg.json,/mnt/datasets_v7/gokul/EEGData/ds003775/sub-004/ses-t1/eeg/sub-004_ses-t1_task-resteyesc_channels.tsv,2026-06-14T16:25:47
0007,sub-005,ds003775,sub-005,ses-t1,1,,32,F,control,25,21,42,41,11,10,14,35,13,15,15,0,15,15,73,26,19,47,50,59,19,resteyesc,resteyesc,Resting-state data extracted from an experimental evoked potential paradigm.,closed,2018-01-31T10:41:24,1024.0,50,240.0,245760,continuous,64,64,0,EEG:64,uV:64,Fp1;AF7;AF3;F1;F3;F5;F7;FT7;FC5;FC3;FC1;C1;C3;C5;T7;TP7;CP5;CP3;CP1;P1;P3;P5;P7;P9;PO7;PO3;O1;Iz;Oz;POz;Pz;CPz;Fpz;Fp2;AF8;AF4;AFz;Fz;F2;F4;F6;F8;FT8;FC6;FC4;FC2;FCz;Cz;C2;C4;C6;T8;TP8;CP6;CP4;CP2;P2;P4;P6;P8;P10;PO8;PO4;O2,average,,10-10,n/a,,BioSemi,,"University of Oslo, Dept. of Psychology",sub-005_ses-t1_task-resteyesc_eeg.edf,.edf,/mnt/datasets_v7/gokul/EEGData/ds003775/sub-005/ses-t1/eeg/sub-005_ses-t1_task-resteyesc_eeg.edf,/mnt/datasets_v7/gokul/EEGData/ds003775/sub-005/ses-t1,/mnt/datasets_v7/gokul/EEGData/ds003775/sub-005/ses-t1/eeg/sub-005_ses-t1_task-resteyesc_eeg.json,/mnt/datasets_v7/gokul/EEGData/ds003775/sub-005/ses-t1/eeg/sub-005_ses-t1_task-resteyesc_channels.tsv,2026-06-14T16:25:47
0008,sub-005,ds003775,sub-005,ses-t2,2,,32,F,control,25,21,42,41,11,10,14,35,13,15,15,0,15,15,73,26,19,47,50,59,19,resteyesc,resteyesc,Resting-state data extracted from an experimental evoked potential paradigm.,closed,2019-02-08T17:33:04,1024.0,50,240.0,245760,continuous,64,64,0,EEG:64,uV:64,Fp1;AF7;AF3;F1;F3;F5;F7;FT7;FC5;FC3;FC1;C1;C3;C5;T7;TP7;CP5;CP3;CP1;P1;P3;P5;P7;P9;PO7;PO3;O1;Iz;Oz;POz;Pz;CPz;Fpz;Fp2;AF8;AF4;AFz;Fz;F2;F4;F6;F8;FT8;FC6;FC4;FC2;FCz;Cz;C2;C4;C6;T8;TP8;CP6;CP4;CP2;P2;P4;P6;P8;P10;PO8;PO4;O2,average,,10-10,n/a,,BioSemi,,"University of Oslo, Dept. of Psychology",sub-005_ses-t2_task-resteyesc_eeg.edf,.edf,/mnt/datasets_v7/gokul/EEGData/ds003775/sub-005/ses-t2/eeg/sub-005_ses-t2_task-resteyesc_eeg.edf,/mnt/datasets_v7/gokul/EEGData/ds003775/sub-005/ses-t2,/mnt/datasets_v7/gokul/EEGData/ds003775/sub-005/ses-t2/eeg/sub-005_ses-t2_task-resteyesc_eeg.json,/mnt/datasets_v7/gokul/EEGData/ds003775/sub-005/ses-t2/eeg/sub-005_ses-t2_task-resteyesc_channels.tsv,2026-06-14T16:25:47
0009,sub-006,ds003775,sub-006,ses-t1,1,,39,M,control,41,24,64,68,7,6,8,21,5,11,8,0,6,15,43,31,68,145,31,31,12,resteyesc,resteyesc,Resting-state data extracted from an experimental evoked potential paradigm.,closed,2017-11-07T10:05:08,1024.0,50,240.0,245760,continuous,64,64,0,EEG:64,uV:64,Fp1;AF7;AF3;F1;F3;F5;F7;FT7;FC5;FC3;FC1;C1;C3;C5;T7;TP7;CP5;CP3;CP1;P1;P3;P5;P7;P9;PO7;PO3;O1;Iz;Oz;POz;Pz;CPz;Fpz;Fp2;AF8;AF4;AFz;Fz;F2;F4;F6;F8;FT8;FC6;FC4;FC2;FCz;Cz;C2;C4;C6;T8;TP8;CP6;CP4;CP2;P2;P4;P6;P8;P10;PO8;PO4;O2,average,,10-10,n/a,,BioSemi,,"University of Oslo, Dept. of Psychology",sub-006_ses-t1_task-resteyesc_eeg.edf,.edf,/mnt/datasets_v7/gokul/EEGData/ds003775/sub-006/ses-t1/eeg/sub-006_ses-t1_task-resteyesc_eeg.edf,/mnt/datasets_v7/gokul/EEGData/ds003775/sub-006/ses-t1,/mnt/datasets_v7/gokul/EEGData/ds003775/sub-006/ses-t1/eeg/sub-006_ses-t1_task-resteyesc_eeg.json,/mnt/datasets_v7/gokul/EEGData/ds003775/sub-006/ses-t1/eeg/sub-006_ses-t1_task-resteyesc_channels.tsv,2026-06-14T16:25:47
0010,sub-007,ds003775,sub-007,ses-t1,1,,37,F,control,27,18,40,43,12,11,10,33,10,14,11,0,13,15,63,30,20,55,,,,resteyesc,resteyesc,Resting-state data extracted from an experimental evoked potential paradigm.,closed,2019-11-07T13:53:28,1024.0,50,240.0,245760,continuous,64,64,0,EEG:64,uV:64,Fp1;AF7;AF3;F1;F3;F5;F7;FT7;FC5;FC3;FC1;C1;C3;C5;T7;TP7;CP5;CP3;CP1;P1;P3;P5;P7;P9;PO7;PO3;O1;Iz;Oz;POz;Pz;CPz;Fpz;Fp2;AF8;AF4;AFz;Fz;F2;F4;F6;F8;FT8;FC6;FC4;FC2;FCz;Cz;C2;C4;C6;T8;TP8;CP6;CP4;CP2;P2;P4;P6;P8;P10;PO8;PO4;O2,average,,10-10,n/a,,BioSemi,,"University of Oslo, Dept. of Psychology",sub-007_ses-t1_task-resteyesc_eeg.edf,.edf,/mnt/datasets_v7/gokul/EEGData/ds003775/sub-007/ses-t1/eeg/sub-007_ses-t1_task-resteyesc_eeg.edf,/mnt/datasets_v7/gokul/EEGData/ds003775/sub-007/ses-t1,/mnt/datasets_v7/gokul/EEGData/ds003775/sub-007/ses-t1/eeg/sub-007_ses-t1_task-resteyesc_eeg.json,/mnt/datasets_v7/gokul/EEGData/ds003775/sub-007/ses-t1/eeg/sub-007_ses-t1_task-resteyesc_channels.tsv,2026-06-14T16:25:47
0011,sub-007,ds003775,sub-007,ses-t2,2,,37,F,control,27,18,40,43,12,11,10,33,10,14,11,0,13,15,63,30,20,55,,,,resteyesc,resteyesc,Resting-state data extracted from an experimental evoked potential paradigm.,closed,2020-01-23T13:51:22,1024.0,50,240.0,245760,continuous,64,64,0,EEG:64,uV:64,Fp1;AF7;AF3;F1;F3;F5;F7;FT7;FC5;FC3;FC1;C1;C3;C5;T7;TP7;CP5;CP3;CP1;P1;P3;P5;P7;P9;PO7;PO3;O1;Iz;Oz;POz;Pz;CPz;Fpz;Fp2;AF8;AF4;AFz;Fz;F2;F4;F6;F8;FT8;FC6;FC4;FC2;FCz;Cz;C2;C4;C6;T8;TP8;CP6;CP4;CP2;P2;P4;P6;P8;P10;PO8;PO4;O2,average,,10-10,n/a,,BioSemi,,"University of Oslo, Dept. of Psychology",sub-007_ses-t2_task-resteyesc_eeg.edf,.edf,/mnt/datasets_v7/gokul/EEGData/ds003775/sub-007/ses-t2/eeg/sub-007_ses-t2_task-resteyesc_eeg.edf,/mnt/datasets_v7/gokul/EEGData/ds003775/sub-007/ses-t2,/mnt/datasets_v7/gokul/EEGData/ds003775/sub-007/ses-t2/eeg/sub-007_ses-t2_task-resteyesc_eeg.json,/mnt/datasets_v7/gokul/EEGData/ds003775/sub-007/ses-t2/eeg/sub-007_ses-t2_task-resteyesc_channels.tsv,2026-06-14T16:25:47
0012,sub-008,ds003775,sub-008,ses-t1,1,,34,F,control,28,23,44,63,7,5,5,17,7,12,15,0,12,14,46,38,48,56,56,50,24,resteyesc,resteyesc,Resting-state data extracted from an experimental evoked potential paradigm.,closed,2017-04-27T17:00:14,1024.0,50,240.0,245760,continuous,64,64,0,EEG:64,uV:64,Fp1;AF7;AF3;F1;F3;F5;F7;FT7;FC5;FC3;FC1;C1;C3;C5;T7;TP7;CP5;CP3;CP1;P1;P3;P5;P7;P9;PO7;PO3;O1;Iz;Oz;POz;Pz;CPz;Fpz;Fp2;AF8;AF4;AFz;Fz;F2;F4;F6;F8;FT8;FC6;FC4;FC2;FCz;Cz;C2;C4;C6;T8;TP8;CP6;CP4;CP2;P2;P4;P6;P8;P10;PO8;PO4;O2,average,,10-10,n/a,,BioSemi,,"University of Oslo, Dept. of Psychology",sub-008_ses-t1_task-resteyesc_eeg.edf,.edf,/mnt/datasets_v7/gokul/EEGData/ds003775/sub-008/ses-t1/eeg/sub-008_ses-t1_task-resteyesc_eeg.edf,/mnt/datasets_v7/gokul/EEGData/ds003775/sub-008/ses-t1,/mnt/datasets_v7/gokul/EEGData/ds003775/sub-008/ses-t1/eeg/sub-008_ses-t1_task-resteyesc_eeg.json,/mnt/datasets_v7/gokul/EEGData/ds003775/sub-008/ses-t1/eeg/sub-008_ses-t1_task-resteyesc_channels.tsv,2026-06-14T16:25:47
0013,sub-009,ds003775,sub-009,ses-t1,1,,19,M,control,22,17,43,51,9,10,10,29,13,15,15,0,15,15,72,17,,67,34,39,12,resteyesc,resteyesc,Resting-state data extracted from an experimental evoked potential paradigm.,closed,2017-10-12T10:30:04,1024.0,50,240.0,245760,continuous,64,64,0,EEG:64,uV:64,Fp1;AF7;AF3;F1;F3;F5;F7;FT7;FC5;FC3;FC1;C1;C3;C5;T7;TP7;CP5;CP3;CP1;P1;P3;P5;P7;P9;PO7;PO3;O1;Iz;Oz;POz;Pz;CPz;Fpz;Fp2;AF8;AF4;AFz;Fz;F2;F4;F6;F8;FT8;FC6;FC4;FC2;FCz;Cz;C2;C4;C6;T8;TP8;CP6;CP4;CP2;P2;P4;P6;P8;P10;PO8;PO4;O2,average,,10-10,n/a,,BioSemi,,"University of Oslo, Dept. of Psychology",sub-009_ses-t1_task-resteyesc_eeg.edf,.edf,/mnt/datasets_v7/gokul/EEGData/ds003775/sub-009/ses-t1/eeg/sub-009_ses-t1_task-resteyesc_eeg.edf,/mnt/datasets_v7/gokul/EEGData/ds003775/sub-009/ses-t1,/mnt/datasets_v7/gokul/EEGData/ds003775/sub-009/ses-t1/eeg/sub-009_ses-t1_task-resteyesc_eeg.json,/mnt/datasets_v7/gokul/EEGData/ds003775/sub-009/ses-t1/eeg/sub-009_ses-t1_task-resteyesc_channels.tsv,2026-06-14T16:25:47
0014,sub-010,ds003775,sub-010,ses-t1,1,,34,F,control,28,15,60,48,8,6,8,22,11,15,15,0,15,15,68,20,17,55,56,70,18,resteyesc,resteyesc,Resting-state data extracted from an experimental evoked potential paradigm.,closed,2017-05-09T12:11:44,1024.0,50,240.0,245760,continuous,64,64,0,EEG:64,uV:64,Fp1;AF7;AF3;F1;F3;F5;F7;FT7;FC5;FC3;FC1;C1;C3;C5;T7;TP7;CP5;CP3;CP1;P1;P3;P5;P7;P9;PO7;PO3;O1;Iz;Oz;POz;Pz;CPz;Fpz;Fp2;AF8;AF4;AFz;Fz;F2;F4;F6;F8;FT8;FC6;FC4;FC2;FCz;Cz;C2;C4;C6;T8;TP8;CP6;CP4;CP2;P2;P4;P6;P8;P10;PO8;PO4;O2,average,,10-10,n/a,,BioSemi,,"University of Oslo, Dept. of Psychology",sub-010_ses-t1_task-resteyesc_eeg.edf,.edf,/mnt/datasets_v7/gokul/EEGData/ds003775/sub-010/ses-t1/eeg/sub-010_ses-t1_task-resteyesc_eeg.edf,/mnt/datasets_v7/gokul/EEGData/ds003775/sub-010/ses-t1,/mnt/datasets_v7/gokul/EEGData/ds003775/sub-010/ses-t1/eeg/sub-010_ses-t1_task-resteyesc_eeg.json,/mnt/datasets_v7/gokul/EEGData/ds003775/sub-010/ses-t1/eeg/sub-010_ses-t1_task-resteyesc_channels.tsv,2026-06-14T16:25:47
0015,sub-011,ds003775,sub-011,ses-t1,1,,46,M,control,26,20,43,50,10,10,8,28,7,15,11,1,11,13,59,15,13,29,45,49,14,resteyesc,resteyesc,Resting-state data extracted from an experimental evoked potential paradigm.,closed,2019-10-22T11:29:30,1024.0,50,240.0,245760,continuous,64,64,0,EEG:64,uV:64,Fp1;AF7;AF3;F1;F3;F5;F7;FT7;FC5;FC3;FC1;C1;C3;C5;T7;TP7;CP5;CP3;CP1;P1;P3;P5;P7;P9;PO7;PO3;O1;Iz;Oz;POz;Pz;CPz;Fpz;Fp2;AF8;AF4;AFz;Fz;F2;F4;F6;F8;FT8;FC6;FC4;FC2;FCz;Cz;C2;C4;C6;T8;TP8;CP6;CP4;CP2;P2;P4;P6;P8;P10;PO8;PO4;O2,average,,10-10,n/a,,BioSemi,,"University of Oslo, Dept. of Psychology",sub-011_ses-t1_task-resteyesc_eeg.edf,.edf,/mnt/datasets_v7/gokul/EEGData/ds003775/sub-011/ses-t1/eeg/sub-011_ses-t1_task-resteyesc_eeg.edf,/mnt/datasets_v7/gokul/EEGData/ds003775/sub-011/ses-t1,/mnt/datasets_v7/gokul/EEGData/ds003775/sub-011/ses-t1/eeg/sub-011_ses-t1_task-resteyesc_eeg.json,/mnt/datasets_v7/gokul/EEGData/ds003775/sub-011/ses-t1/eeg/sub-011_ses-t1_task-resteyesc_channels.tsv,2026-06-14T16:25:47
0016,sub-011,ds003775,sub-011,ses-t2,2,,46,M,control,26,20,43,50,10,10,8,28,7,15,11,1,11,13,59,15,13,29,45,49,14,resteyesc,resteyesc,Resting-state data extracted from an experimental evoked potential paradigm.,closed,2020-01-27T10:55:24,1024.0,50,240.0,245760,continuous,64,64,0,EEG:64,uV:64,Fp1;AF7;AF3;F1;F3;F5;F7;FT7;FC5;FC3;FC1;C1;C3;C5;T7;TP7;CP5;CP3;CP1;P1;P3;P5;P7;P9;PO7;PO3;O1;Iz;Oz;POz;Pz;CPz;Fpz;Fp2;AF8;AF4;AFz;Fz;F2;F4;F6;F8;FT8;FC6;FC4;FC2;FCz;Cz;C2;C4;C6;T8;TP8;CP6;CP4;CP2;P2;P4;P6;P8;P10;PO8;PO4;O2,average,,10-10,n/a,,BioSemi,,"University of Oslo, Dept. of Psychology",sub-011_ses-t2_task-resteyesc_eeg.edf,.edf,/mnt/datasets_v7/gokul/EEGData/ds003775/sub-011/ses-t2/eeg/sub-011_ses-t2_task-resteyesc_eeg.edf,/mnt/datasets_v7/gokul/EEGData/ds003775/sub-011/ses-t2,/mnt/datasets_v7/gokul/EEGData/ds003775/sub-011/ses-t2/eeg/sub-011_ses-t2_task-resteyesc_eeg.json,/mnt/datasets_v7/gokul/EEGData/ds003775/sub-011/ses-t2/eeg/sub-011_ses-t2_task-resteyesc_channels.tsv,2026-06-14T16:25:47
0017,sub-012,ds003775,sub-012,ses-t1,1,,32,M,control,20,18,33,38,10,11,11,32,8,14,15,0,15,15,63,15,13,61,57,67,20,resteyesc,resteyesc,Resting-state data extracted from an experimental evoked potential paradigm.,closed,2017-04-10T14:00:00,1024.0,50,240.0,245760,continuous,64,64,0,EEG:64,uV:64,Fp1;AF7;AF3;F1;F3;F5;F7;FT7;FC5;FC3;FC1;C1;C3;C5;T7;TP7;CP5;CP3;CP1;P1;P3;P5;P7;P9;PO7;PO3;O1;Iz;Oz;POz;Pz;CPz;Fpz;Fp2;AF8;AF4;AFz;Fz;F2;F4;F6;F8;FT8;FC6;FC4;FC2;FCz;Cz;C2;C4;C6;T8;TP8;CP6;CP4;CP2;P2;P4;P6;P8;P10;PO8;PO4;O2,average,,10-10,n/a,,BioSemi,,"University of Oslo, Dept. of Psychology",sub-012_ses-t1_task-resteyesc_eeg.edf,.edf,/mnt/datasets_v7/gokul/EEGData/ds003775/sub-012/ses-t1/eeg/sub-012_ses-t1_task-resteyesc_eeg.edf,/mnt/datasets_v7/gokul/EEGData/ds003775/sub-012/ses-t1,/mnt/datasets_v7/gokul/EEGData/ds003775/sub-012/ses-t1/eeg/sub-012_ses-t1_task-resteyesc_eeg.json,/mnt/datasets_v7/gokul/EEGData/ds003775/sub-012/ses-t1/eeg/sub-012_ses-t1_task-resteyesc_channels.tsv,2026-06-14T16:25:47
0018,sub-013,ds003775,sub-013,ses-t1,1,,46,F,control,29,20,43,59,11,10,11,32,7,14,15,0,15,15,59,24,18,68,49,58,20,resteyesc,resteyesc,Resting-state data extracted from an experimental evoked potential paradigm.,closed,2017-12-11T10:53:32,1024.0,50,240.0,245760,continuous,64,64,0,EEG:64,uV:64,Fp1;AF7;AF3;F1;F3;F5;F7;FT7;FC5;FC3;FC1;C1;C3;C5;T7;TP7;CP5;CP3;CP1;P1;P3;P5;P7;P9;PO7;PO3;O1;Iz;Oz;POz;Pz;CPz;Fpz;Fp2;AF8;AF4;AFz;Fz;F2;F4;F6;F8;FT8;FC6;FC4;FC2;FCz;Cz;C2;C4;C6;T8;TP8;CP6;CP4;CP2;P2;P4;P6;P8;P10;PO8;PO4;O2,average,,10-10,n/a,,BioSemi,,"University of Oslo, Dept. of Psychology",sub-013_ses-t1_task-resteyesc_eeg.edf,.edf,/mnt/datasets_v7/gokul/EEGData/ds003775/sub-013/ses-t1/eeg/sub-013_ses-t1_task-resteyesc_eeg.edf,/mnt/datasets_v7/gokul/EEGData/ds003775/sub-013/ses-t1,/mnt/datasets_v7/gokul/EEGData/ds003775/sub-013/ses-t1/eeg/sub-013_ses-t1_task-resteyesc_eeg.json,/mnt/datasets_v7/gokul/EEGData/ds003775/sub-013/ses-t1/eeg/sub-013_ses-t1_task-resteyesc_channels.tsv,2026-06-14T16:25:47
0019,sub-014,ds003775,sub-014,ses-t1,1,,36,F,control,32,18,43,43,13,10,9,32,10,14,13,0,13,15,63,26,24,52,44,45,17,resteyesc,resteyesc,Resting-state data extracted from an experimental evoked potential paradigm.,closed,2018-01-08T10:45:30,1024.0,50,240.0,245760,continuous,64,64,0,EEG:64,uV:64,Fp1;AF7;AF3;F1;F3;F5;F7;FT7;FC5;FC3;FC1;C1;C3;C5;T7;TP7;CP5;CP3;CP1;P1;P3;P5;P7;P9;PO7;PO3;O1;Iz;Oz;POz;Pz;CPz;Fpz;Fp2;AF8;AF4;AFz;Fz;F2;F4;F6;F8;FT8;FC6;FC4;FC2;FCz;Cz;C2;C4;C6;T8;TP8;CP6;CP4;CP2;P2;P4;P6;P8;P10;PO8;PO4;O2,average,,10-10,n/a,,BioSemi,,"University of Oslo, Dept. of Psychology",sub-014_ses-t1_task-resteyesc_eeg.edf,.edf,/mnt/datasets_v7/gokul/EEGData/ds003775/sub-014/ses-t1/eeg/sub-014_ses-t1_task-resteyesc_eeg.edf,/mnt/datasets_v7/gokul/EEGData/ds003775/sub-014/ses-t1,/mnt/datasets_v7/gokul/EEGData/ds003775/sub-014/ses-t1/eeg/sub-014_ses-t1_task-resteyesc_eeg.json,/mnt/datasets_v7/gokul/EEGData/ds003775/sub-014/ses-t1/eeg/sub-014_ses-t1_task-resteyesc_channels.tsv,2026-06-14T16:25:47
0020,sub-015,ds003775,sub-015,ses-t1,1,,29,M,control,30,18,42,68,9,10,6,25,10,14,14,0,15,15,61,40,38,85,52,43,16,resteyesc,resteyesc,Resting-state data extracted from an experimental evoked potential paradigm.,closed,2018-02-20T13:37:08,1024.0,50,240.0,245760,continuous,64,64,0,EEG:64,uV:64,Fp1;AF7;AF3;F1;F3;F5;F7;FT7;FC5;FC3;FC1;C1;C3;C5;T7;TP7;CP5;CP3;CP1;P1;P3;P5;P7;P9;PO7;PO3;O1;Iz;Oz;POz;Pz;CPz;Fpz;Fp2;AF8;AF4;AFz;Fz;F2;F4;F6;F8;FT8;FC6;FC4;FC2;FCz;Cz;C2;C4;C6;T8;TP8;CP6;CP4;CP2;P2;P4;P6;P8;P10;PO8;PO4;O2,average,,10-10,n/a,,BioSemi,,"University of Oslo, Dept. of Psychology",sub-015_ses-t1_task-resteyesc_eeg.edf,.edf,/mnt/datasets_v7/gokul/EEGData/ds003775/sub-015/ses-t1/eeg/sub-015_ses-t1_task-resteyesc_eeg.edf,/mnt/datasets_v7/gokul/EEGData/ds003775/sub-015/ses-t1,/mnt/datasets_v7/gokul/EEGData/ds003775/sub-015/ses-t1/eeg/sub-015_ses-t1_task-resteyesc_eeg.json,/mnt/datasets_v7/gokul/EEGData/ds003775/sub-015/ses-t1/eeg/sub-015_ses-t1_task-resteyesc_channels.tsv,2026-06-14T16:25:47
0021,sub-016,ds003775,sub-016,ses-t1,1,,33,M,control,28,20,42,46,8,11,9,28,11,15,13,0,14,14,66,17,18,60,59,49,14,resteyesc,resteyesc,Resting-state data extracted from an experimental evoked potential paradigm.,closed,2017-05-04T15:29:38,1024.0,50,240.0,245760,continuous,64,64,0,EEG:64,uV:64,Fp1;AF7;AF3;F1;F3;F5;F7;FT7;FC5;FC3;FC1;C1;C3;C5;T7;TP7;CP5;CP3;CP1;P1;P3;P5;P7;P9;PO7;PO3;O1;Iz;Oz;POz;Pz;CPz;Fpz;Fp2;AF8;AF4;AFz;Fz;F2;F4;F6;F8;FT8;FC6;FC4;FC2;FCz;Cz;C2;C4;C6;T8;TP8;CP6;CP4;CP2;P2;P4;P6;P8;P10;PO8;PO4;O2,average,,10-10,n/a,,BioSemi,,"University of Oslo, Dept. of Psychology",sub-016_ses-t1_task-resteyesc_eeg.edf,.edf,/mnt/datasets_v7/gokul/EEGData/ds003775/sub-016/ses-t1/eeg/sub-016_ses-t1_task-resteyesc_eeg.edf,/mnt/datasets_v7/gokul/EEGData/ds003775/sub-016/ses-t1,/mnt/datasets_v7/gokul/EEGData/ds003775/sub-016/ses-t1/eeg/sub-016_ses-t1_task-resteyesc_eeg.json,/mnt/datasets_v7/gokul/EEGData/ds003775/sub-016/ses-t1/eeg/sub-016_ses-t1_task-resteyesc_channels.tsv,2026-06-14T16:25:47
0022,sub-017,ds003775,sub-017,ses-t1,1,,31,F,control,25,19,38,41,7,8,12,27,13,14,14,0,14,15,69,13,13,67,54,62,20,resteyesc,resteyesc,Resting-state data extracted from an experimental evoked potential paradigm.,closed,2017-09-25T12:21:14,1024.0,50,240.0,245760,continuous,64,64,0,EEG:64,uV:64,Fp1;AF7;AF3;F1;F3;F5;F7;FT7;FC5;FC3;FC1;C1;C3;C5;T7;TP7;CP5;CP3;CP1;P1;P3;P5;P7;P9;PO7;PO3;O1;Iz;Oz;POz;Pz;CPz;Fpz;Fp2;AF8;AF4;AFz;Fz;F2;F4;F6;F8;FT8;FC6;FC4;FC2;FCz;Cz;C2;C4;C6;T8;TP8;CP6;CP4;CP2;P2;P4;P6;P8;P10;PO8;PO4;O2,average,,10-10,n/a,,BioSemi,,"University of Oslo, Dept. of Psychology",sub-017_ses-t1_task-resteyesc_eeg.edf,.edf,/mnt/datasets_v7/gokul/EEGData/ds003775/sub-017/ses-t1/eeg/sub-017_ses-t1_task-resteyesc_eeg.edf,/mnt/datasets_v7/gokul/EEGData/ds003775/sub-017/ses-t1,/mnt/datasets_v7/gokul/EEGData/ds003775/sub-017/ses-t1/eeg/sub-017_ses-t1_task-resteyesc_eeg.json,/mnt/datasets_v7/gokul/EEGData/ds003775/sub-017/ses-t1/eeg/sub-017_ses-t1_task-resteyesc_channels.tsv,2026-06-14T16:25:47
0023,sub-018,ds003775,sub-018,ses-t1,1,,21,F,control,24,17,46,43,8,9,9,26,7,14,14,0,15,15,60,29,27,74,58,58,14,resteyesc,resteyesc,Resting-state data extracted from an experimental evoked potential paradigm.,closed,2017-08-24T14:38:50,1024.0,50,240.0,245760,continuous,64,64,0,EEG:64,uV:64,Fp1;AF7;AF3;F1;F3;F5;F7;FT7;FC5;FC3;FC1;C1;C3;C5;T7;TP7;CP5;CP3;CP1;P1;P3;P5;P7;P9;PO7;PO3;O1;Iz;Oz;POz;Pz;CPz;Fpz;Fp2;AF8;AF4;AFz;Fz;F2;F4;F6;F8;FT8;FC6;FC4;FC2;FCz;Cz;C2;C4;C6;T8;TP8;CP6;CP4;CP2;P2;P4;P6;P8;P10;PO8;PO4;O2,average,,10-10,n/a,,BioSemi,,"University of Oslo, Dept. of Psychology",sub-018_ses-t1_task-resteyesc_eeg.edf,.edf,/mnt/datasets_v7/gokul/EEGData/ds003775/sub-018/ses-t1/eeg/sub-018_ses-t1_task-resteyesc_eeg.edf,/mnt/datasets_v7/gokul/EEGData/ds003775/sub-018/ses-t1,/mnt/datasets_v7/gokul/EEGData/ds003775/sub-018/ses-t1/eeg/sub-018_ses-t1_task-resteyesc_eeg.json,/mnt/datasets_v7/gokul/EEGData/ds003775/sub-018/ses-t1/eeg/sub-018_ses-t1_task-resteyesc_channels.tsv,2026-06-14T16:25:47
0024,sub-019,ds003775,sub-019,ses-t1,1,,48,F,control,28,22,52,51,10,12,9,31,9,15,15,0,15,15,64,34,28,49,46,57,18,resteyesc,resteyesc,Resting-state data extracted from an experimental evoked potential paradigm.,closed,2017-12-28T19:49:08,1024.0,50,240.0,245760,continuous,64,64,0,EEG:64,uV:64,Fp1;AF7;AF3;F1;F3;F5;F7;FT7;FC5;FC3;FC1;C1;C3;C5;T7;TP7;CP5;CP3;CP1;P1;P3;P5;P7;P9;PO7;PO3;O1;Iz;Oz;POz;Pz;CPz;Fpz;Fp2;AF8;AF4;AFz;Fz;F2;F4;F6;F8;FT8;FC6;FC4;FC2;FCz;Cz;C2;C4;C6;T8;TP8;CP6;CP4;CP2;P2;P4;P6;P8;P10;PO8;PO4;O2,average,,10-10,n/a,,BioSemi,,"University of Oslo, Dept. of Psychology",sub-019_ses-t1_task-resteyesc_eeg.edf,.edf,/mnt/datasets_v7/gokul/EEGData/ds003775/sub-019/ses-t1/eeg/sub-019_ses-t1_task-resteyesc_eeg.edf,/mnt/datasets_v7/gokul/EEGData/ds003775/sub-019/ses-t1,/mnt/datasets_v7/gokul/EEGData/ds003775/sub-019/ses-t1/eeg/sub-019_ses-t1_task-resteyesc_eeg.json,/mnt/datasets_v7/gokul/EEGData/ds003775/sub-019/ses-t1/eeg/sub-019_ses-t1_task-resteyesc_channels.tsv,2026-06-14T16:25:47
0025,sub-020,ds003775,sub-020,ses-t1,1,,52,F,control,29,20,46,50,10,11,8,29,12,15,15,0,15,15,70,31,25,68,52,42,16,resteyesc,resteyesc,Resting-state data extracted from an experimental evoked potential paradigm.,closed,2017-10-31T18:21:34,1024.0,50,240.0,245760,continuous,64,64,0,EEG:64,uV:64,Fp1;AF7;AF3;F1;F3;F5;F7;FT7;FC5;FC3;FC1;C1;C3;C5;T7;TP7;CP5;CP3;CP1;P1;P3;P5;P7;P9;PO7;PO3;O1;Iz;Oz;POz;Pz;CPz;Fpz;Fp2;AF8;AF4;AFz;Fz;F2;F4;F6;F8;FT8;FC6;FC4;FC2;FCz;Cz;C2;C4;C6;T8;TP8;CP6;CP4;CP2;P2;P4;P6;P8;P10;PO8;PO4;O2,average,,10-10,n/a,,BioSemi,,"University of Oslo, Dept. of Psychology",sub-020_ses-t1_task-resteyesc_eeg.edf,.edf,/mnt/datasets_v7/gokul/EEGData/ds003775/sub-020/ses-t1/eeg/sub-020_ses-t1_task-resteyesc_eeg.edf,/mnt/datasets_v7/gokul/EEGData/ds003775/sub-020/ses-t1,/mnt/datasets_v7/gokul/EEGData/ds003775/sub-020/ses-t1/eeg/sub-020_ses-t1_task-resteyesc_eeg.json,/mnt/datasets_v7/gokul/EEGData/ds003775/sub-020/ses-t1/eeg/sub-020_ses-t1_task-resteyesc_channels.tsv,2026-06-14T16:25:47
0026,sub-020,ds003775,sub-020,ses-t2,2,,52,F,control,29,20,46,50,10,11,8,29,12,15,15,0,15,15,70,31,25,68,52,42,16,resteyesc,resteyesc,Resting-state data extracted from an experimental evoked potential paradigm.,closed,2018-10-10T18:28:38,1024.0,50,240.0,245760,continuous,64,64,0,EEG:64,uV:64,Fp1;AF7;AF3;F1;F3;F5;F7;FT7;FC5;FC3;FC1;C1;C3;C5;T7;TP7;CP5;CP3;CP1;P1;P3;P5;P7;P9;PO7;PO3;O1;Iz;Oz;POz;Pz;CPz;Fpz;Fp2;AF8;AF4;AFz;Fz;F2;F4;F6;F8;FT8;FC6;FC4;FC2;FCz;Cz;C2;C4;C6;T8;TP8;CP6;CP4;CP2;P2;P4;P6;P8;P10;PO8;PO4;O2,average,,10-10,n/a,,BioSemi,,"University of Oslo, Dept. of Psychology",sub-020_ses-t2_task-resteyesc_eeg.edf,.edf,/mnt/datasets_v7/gokul/EEGData/ds003775/sub-020/ses-t2/eeg/sub-020_ses-t2_task-resteyesc_eeg.edf,/mnt/datasets_v7/gokul/EEGData/ds003775/sub-020/ses-t2,/mnt/datasets_v7/gokul/EEGData/ds003775/sub-020/ses-t2/eeg/sub-020_ses-t2_task-resteyesc_eeg.json,/mnt/datasets_v7/gokul/EEGData/ds003775/sub-020/ses-t2/eeg/sub-020_ses-t2_task-resteyesc_channels.tsv,2026-06-14T16:25:47
0027,sub-021,ds003775,sub-021,ses-t1,1,,55,F,control,21,17,44,51,9,9,9,27,6,11,14,0,14,15,55,21,16,42,,,,resteyesc,resteyesc,Resting-state data extracted from an experimental evoked potential paradigm.,closed,2019-09-28T12:25:38,1024.0,50,240.0,245760,continuous,64,64,0,EEG:64,uV:64,Fp1;AF7;AF3;F1;F3;F5;F7;FT7;FC5;FC3;FC1;C1;C3;C5;T7;TP7;CP5;CP3;CP1;P1;P3;P5;P7;P9;PO7;PO3;O1;Iz;Oz;POz;Pz;CPz;Fpz;Fp2;AF8;AF4;AFz;Fz;F2;F4;F6;F8;FT8;FC6;FC4;FC2;FCz;Cz;C2;C4;C6;T8;TP8;CP6;CP4;CP2;P2;P4;P6;P8;P10;PO8;PO4;O2,average,,10-10,n/a,,BioSemi,,"University of Oslo, Dept. of Psychology",sub-021_ses-t1_task-resteyesc_eeg.edf,.edf,/mnt/datasets_v7/gokul/EEGData/ds003775/sub-021/ses-t1/eeg/sub-021_ses-t1_task-resteyesc_eeg.edf,/mnt/datasets_v7/gokul/EEGData/ds003775/sub-021/ses-t1,/mnt/datasets_v7/gokul/EEGData/ds003775/sub-021/ses-t1/eeg/sub-021_ses-t1_task-resteyesc_eeg.json,/mnt/datasets_v7/gokul/EEGData/ds003775/sub-021/ses-t1/eeg/sub-021_ses-t1_task-resteyesc_channels.tsv,2026-06-14T16:25:47
0028,sub-021,ds003775,sub-021,ses-t2,2,,55,F,control,21,17,44,51,9,9,9,27,6,11,14,0,14,15,55,21,16,42,,,,resteyesc,resteyesc,Resting-state data extracted from an experimental evoked potential paradigm.,closed,2020-01-21T15:41:32,1024.0,50,240.0,245760,continuous,64,64,0,EEG:64,uV:64,Fp1;AF7;AF3;F1;F3;F5;F7;FT7;FC5;FC3;FC1;C1;C3;C5;T7;TP7;CP5;CP3;CP1;P1;P3;P5;P7;P9;PO7;PO3;O1;Iz;Oz;POz;Pz;CPz;Fpz;Fp2;AF8;AF4;AFz;Fz;F2;F4;F6;F8;FT8;FC6;FC4;FC2;FCz;Cz;C2;C4;C6;T8;TP8;CP6;CP4;CP2;P2;P4;P6;P8;P10;PO8;PO4;O2,average,,10-10,n/a,,BioSemi,,"University of Oslo, Dept. of Psychology",sub-021_ses-t2_task-resteyesc_eeg.edf,.edf,/mnt/datasets_v7/gokul/EEGData/ds003775/sub-021/ses-t2/eeg/sub-021_ses-t2_task-resteyesc_eeg.edf,/mnt/datasets_v7/gokul/EEGData/ds003775/sub-021/ses-t2,/mnt/datasets_v7/gokul/EEGData/ds003775/sub-021/ses-t2/eeg/sub-021_ses-t2_task-resteyesc_eeg.json,/mnt/datasets_v7/gokul/EEGData/ds003775/sub-021/ses-t2/eeg/sub-021_ses-t2_task-resteyesc_channels.tsv,2026-06-14T16:25:47
0029,sub-022,ds003775,sub-022,ses-t1,1,,21,M,control,28,19,56,45,6,10,9,25,4,15,13,0,15,15,53,36,29,74,61,51,18,resteyesc,resteyesc,Resting-state data extracted from an experimental evoked potential paradigm.,closed,2017-06-02T10:40:20,1024.0,50,240.0,245760,continuous,64,64,0,EEG:64,uV:64,Fp1;AF7;AF3;F1;F3;F5;F7;FT7;FC5;FC3;FC1;C1;C3;C5;T7;TP7;CP5;CP3;CP1;P1;P3;P5;P7;P9;PO7;PO3;O1;Iz;Oz;POz;Pz;CPz;Fpz;Fp2;AF8;AF4;AFz;Fz;F2;F4;F6;F8;FT8;FC6;FC4;FC2;FCz;Cz;C2;C4;C6;T8;TP8;CP6;CP4;CP2;P2;P4;P6;P8;P10;PO8;PO4;O2,average,,10-10,n/a,,BioSemi,,"University of Oslo, Dept. of Psychology",sub-022_ses-t1_task-resteyesc_eeg.edf,.edf,/mnt/datasets_v7/gokul/EEGData/ds003775/sub-022/ses-t1/eeg/sub-022_ses-t1_task-resteyesc_eeg.edf,/mnt/datasets_v7/gokul/EEGData/ds003775/sub-022/ses-t1,/mnt/datasets_v7/gokul/EEGData/ds003775/sub-022/ses-t1/eeg/sub-022_ses-t1_task-resteyesc_eeg.json,/mnt/datasets_v7/gokul/EEGData/ds003775/sub-022/ses-t1/eeg/sub-022_ses-t1_task-resteyesc_channels.tsv,2026-06-14T16:25:47
0030,sub-023,ds003775,sub-023,ses-t1,1,,54,F,control,30,19,42,44,9,7,8,24,6,13,12,0,12,14,53,25,21,42,45,49,19,resteyesc,resteyesc,Resting-state data extracted from an experimental evoked potential paradigm.,closed,2017-08-28T10:34:02,1024.0,50,240.0,245760,continuous,64,64,0,EEG:64,uV:64,Fp1;AF7;AF3;F1;F3;F5;F7;FT7;FC5;FC3;FC1;C1;C3;C5;T7;TP7;CP5;CP3;CP1;P1;P3;P5;P7;P9;PO7;PO3;O1;Iz;Oz;POz;Pz;CPz;Fpz;Fp2;AF8;AF4;AFz;Fz;F2;F4;F6;F8;FT8;FC6;FC4;FC2;FCz;Cz;C2;C4;C6;T8;TP8;CP6;CP4;CP2;P2;P4;P6;P8;P10;PO8;PO4;O2,average,,10-10,n/a,,BioSemi,,"University of Oslo, Dept. of Psychology",sub-023_ses-t1_task-resteyesc_eeg.edf,.edf,/mnt/datasets_v7/gokul/EEGData/ds003775/sub-023/ses-t1/eeg/sub-023_ses-t1_task-resteyesc_eeg.edf,/mnt/datasets_v7/gokul/EEGData/ds003775/sub-023/ses-t1,/mnt/datasets_v7/gokul/EEGData/ds003775/sub-023/ses-t1/eeg/sub-023_ses-t1_task-resteyesc_eeg.json,/mnt/datasets_v7/gokul/EEGData/ds003775/sub-023/ses-t1/eeg/sub-023_ses-t1_task-resteyesc_channels.tsv,2026-06-14T16:25:47
0031,sub-024,ds003775,sub-024,ses-t1,1,,36,F,control,32,26,35,46,8,8,9,25,7,14,15,0,15,15,61,26,28,69,19,45,13,resteyesc,resteyesc,Resting-state data extracted from an experimental evoked potential paradigm.,closed,2017-05-23T13:38:08,1024.0,50,240.0,245760,continuous,64,64,0,EEG:64,uV:64,Fp1;AF7;AF3;F1;F3;F5;F7;FT7;FC5;FC3;FC1;C1;C3;C5;T7;TP7;CP5;CP3;CP1;P1;P3;P5;P7;P9;PO7;PO3;O1;Iz;Oz;POz;Pz;CPz;Fpz;Fp2;AF8;AF4;AFz;Fz;F2;F4;F6;F8;FT8;FC6;FC4;FC2;FCz;Cz;C2;C4;C6;T8;TP8;CP6;CP4;CP2;P2;P4;P6;P8;P10;PO8;PO4;O2,average,,10-10,n/a,,BioSemi,,"University of Oslo, Dept. of Psychology",sub-024_ses-t1_task-resteyesc_eeg.edf,.edf,/mnt/datasets_v7/gokul/EEGData/ds003775/sub-024/ses-t1/eeg/sub-024_ses-t1_task-resteyesc_eeg.edf,/mnt/datasets_v7/gokul/EEGData/ds003775/sub-024/ses-t1,/mnt/datasets_v7/gokul/EEGData/ds003775/sub-024/ses-t1/eeg/sub-024_ses-t1_task-resteyesc_eeg.json,/mnt/datasets_v7/gokul/EEGData/ds003775/sub-024/ses-t1/eeg/sub-024_ses-t1_task-resteyesc_channels.tsv,2026-06-14T16:25:47
0032,sub-025,ds003775,sub-025,ses-t1,1,,24,M,control,30,21,49,58,8,6,8,22,6,14,12,0,14,15,58,20,17,73,49,52,13,resteyesc,resteyesc,Resting-state data extracted from an experimental evoked potential paradigm.,closed,2017-05-11T18:53:44,1024.0,50,240.0,245760,continuous,64,64,0,EEG:64,uV:64,Fp1;AF7;AF3;F1;F3;F5;F7;FT7;FC5;FC3;FC1;C1;C3;C5;T7;TP7;CP5;CP3;CP1;P1;P3;P5;P7;P9;PO7;PO3;O1;Iz;Oz;POz;Pz;CPz;Fpz;Fp2;AF8;AF4;AFz;Fz;F2;F4;F6;F8;FT8;FC6;FC4;FC2;FCz;Cz;C2;C4;C6;T8;TP8;CP6;CP4;CP2;P2;P4;P6;P8;P10;PO8;PO4;O2,average,,10-10,n/a,,BioSemi,,"University of Oslo, Dept. of Psychology",sub-025_ses-t1_task-resteyesc_eeg.edf,.edf,/mnt/datasets_v7/gokul/EEGData/ds003775/sub-025/ses-t1/eeg/sub-025_ses-t1_task-resteyesc_eeg.edf,/mnt/datasets_v7/gokul/EEGData/ds003775/sub-025/ses-t1,/mnt/datasets_v7/gokul/EEGData/ds003775/sub-025/ses-t1/eeg/sub-025_ses-t1_task-resteyesc_eeg.json,/mnt/datasets_v7/gokul/EEGData/ds003775/sub-025/ses-t1/eeg/sub-025_ses-t1_task-resteyesc_channels.tsv,2026-06-14T16:25:47
0033,sub-026,ds003775,sub-026,ses-t1,1,,65,F,control,36,25,59,109,8,12,13,33,10,15,13,0,14,15,68,35,27,84,,,16,resteyesc,resteyesc,Resting-state data extracted from an experimental evoked potential paradigm.,closed,2018-02-27T14:08:38,1024.0,50,240.0,245760,continuous,64,64,0,EEG:64,uV:64,Fp1;AF7;AF3;F1;F3;F5;F7;FT7;FC5;FC3;FC1;C1;C3;C5;T7;TP7;CP5;CP3;CP1;P1;P3;P5;P7;P9;PO7;PO3;O1;Iz;Oz;POz;Pz;CPz;Fpz;Fp2;AF8;AF4;AFz;Fz;F2;F4;F6;F8;FT8;FC6;FC4;FC2;FCz;Cz;C2;C4;C6;T8;TP8;CP6;CP4;CP2;P2;P4;P6;P8;P10;PO8;PO4;O2,average,,10-10,n/a,,BioSemi,,"University of Oslo, Dept. of Psychology",sub-026_ses-t1_task-resteyesc_eeg.edf,.edf,/mnt/datasets_v7/gokul/EEGData/ds003775/sub-026/ses-t1/eeg/sub-026_ses-t1_task-resteyesc_eeg.edf,/mnt/datasets_v7/gokul/EEGData/ds003775/sub-026/ses-t1,/mnt/datasets_v7/gokul/EEGData/ds003775/sub-026/ses-t1/eeg/sub-026_ses-t1_task-resteyesc_eeg.json,/mnt/datasets_v7/gokul/EEGData/ds003775/sub-026/ses-t1/eeg/sub-026_ses-t1_task-resteyesc_channels.tsv,2026-06-14T16:25:47
0034,sub-026,ds003775,sub-026,ses-t2,2,,65,F,control,36,25,59,109,8,12,13,33,10,15,13,0,14,15,68,35,27,84,,,16,resteyesc,resteyesc,Resting-state data extracted from an experimental evoked potential paradigm.,closed,2018-04-24T14:32:10,1024.0,50,240.0,245760,continuous,64,64,0,EEG:64,uV:64,Fp1;AF7;AF3;F1;F3;F5;F7;FT7;FC5;FC3;FC1;C1;C3;C5;T7;TP7;CP5;CP3;CP1;P1;P3;P5;P7;P9;PO7;PO3;O1;Iz;Oz;POz;Pz;CPz;Fpz;Fp2;AF8;AF4;AFz;Fz;F2;F4;F6;F8;FT8;FC6;FC4;FC2;FCz;Cz;C2;C4;C6;T8;TP8;CP6;CP4;CP2;P2;P4;P6;P8;P10;PO8;PO4;O2,average,,10-10,n/a,,BioSemi,,"University of Oslo, Dept. of Psychology",sub-026_ses-t2_task-resteyesc_eeg.edf,.edf,/mnt/datasets_v7/gokul/EEGData/ds003775/sub-026/ses-t2/eeg/sub-026_ses-t2_task-resteyesc_eeg.edf,/mnt/datasets_v7/gokul/EEGData/ds003775/sub-026/ses-t2,/mnt/datasets_v7/gokul/EEGData/ds003775/sub-026/ses-t2/eeg/sub-026_ses-t2_task-resteyesc_eeg.json,/mnt/datasets_v7/gokul/EEGData/ds003775/sub-026/ses-t2/eeg/sub-026_ses-t2_task-resteyesc_channels.tsv,2026-06-14T16:25:47
0035,sub-027,ds003775,sub-027,ses-t1,1,,43,M,control,38,20,64,63,8,10,10,28,6,12,8,0,9,12,46,46,,143,34,45,18,resteyesc,resteyesc,Resting-state data extracted from an experimental evoked potential paradigm.,closed,2017-11-16T16:56:26,1024.0,50,240.0,245760,continuous,64,64,0,EEG:64,uV:64,Fp1;AF7;AF3;F1;F3;F5;F7;FT7;FC5;FC3;FC1;C1;C3;C5;T7;TP7;CP5;CP3;CP1;P1;P3;P5;P7;P9;PO7;PO3;O1;Iz;Oz;POz;Pz;CPz;Fpz;Fp2;AF8;AF4;AFz;Fz;F2;F4;F6;F8;FT8;FC6;FC4;FC2;FCz;Cz;C2;C4;C6;T8;TP8;CP6;CP4;CP2;P2;P4;P6;P8;P10;PO8;PO4;O2,average,,10-10,n/a,,BioSemi,,"University of Oslo, Dept. of Psychology",sub-027_ses-t1_task-resteyesc_eeg.edf,.edf,/mnt/datasets_v7/gokul/EEGData/ds003775/sub-027/ses-t1/eeg/sub-027_ses-t1_task-resteyesc_eeg.edf,/mnt/datasets_v7/gokul/EEGData/ds003775/sub-027/ses-t1,/mnt/datasets_v7/gokul/EEGData/ds003775/sub-027/ses-t1/eeg/sub-027_ses-t1_task-resteyesc_eeg.json,/mnt/datasets_v7/gokul/EEGData/ds003775/sub-027/ses-t1/eeg/sub-027_ses-t1_task-resteyesc_channels.tsv,2026-06-14T16:25:47
0036,sub-027,ds003775,sub-027,ses-t2,2,,43,M,control,38,20,64,63,8,10,10,28,6,12,8,0,9,12,46,46,,143,34,45,18,resteyesc,resteyesc,Resting-state data extracted from an experimental evoked potential paradigm.,closed,2018-02-15T14:32:04,1024.0,50,240.0,245760,continuous,64,64,0,EEG:64,uV:64,Fp1;AF7;AF3;F1;F3;F5;F7;FT7;FC5;FC3;FC1;C1;C3;C5;T7;TP7;CP5;CP3;CP1;P1;P3;P5;P7;P9;PO7;PO3;O1;Iz;Oz;POz;Pz;CPz;Fpz;Fp2;AF8;AF4;AFz;Fz;F2;F4;F6;F8;FT8;FC6;FC4;FC2;FCz;Cz;C2;C4;C6;T8;TP8;CP6;CP4;CP2;P2;P4;P6;P8;P10;PO8;PO4;O2,average,,10-10,n/a,,BioSemi,,"University of Oslo, Dept. of Psychology",sub-027_ses-t2_task-resteyesc_eeg.edf,.edf,/mnt/datasets_v7/gokul/EEGData/ds003775/sub-027/ses-t2/eeg/sub-027_ses-t2_task-resteyesc_eeg.edf,/mnt/datasets_v7/gokul/EEGData/ds003775/sub-027/ses-t2,/mnt/datasets_v7/gokul/EEGData/ds003775/sub-027/ses-t2/eeg/sub-027_ses-t2_task-resteyesc_eeg.json,/mnt/datasets_v7/gokul/EEGData/ds003775/sub-027/ses-t2/eeg/sub-027_ses-t2_task-resteyesc_channels.tsv,2026-06-14T16:25:47
0037,sub-028,ds003775,sub-028,ses-t1,1,,47,F,control,27,23,46,101,6,9,9,24,7,15,12,0,12,14,56,30,44,54,38,44,11,resteyesc,resteyesc,Resting-state data extracted from an experimental evoked potential paradigm.,closed,2017-11-09T10:36:14,1024.0,50,240.0,245760,continuous,64,64,0,EEG:64,uV:64,Fp1;AF7;AF3;F1;F3;F5;F7;FT7;FC5;FC3;FC1;C1;C3;C5;T7;TP7;CP5;CP3;CP1;P1;P3;P5;P7;P9;PO7;PO3;O1;Iz;Oz;POz;Pz;CPz;Fpz;Fp2;AF8;AF4;AFz;Fz;F2;F4;F6;F8;FT8;FC6;FC4;FC2;FCz;Cz;C2;C4;C6;T8;TP8;CP6;CP4;CP2;P2;P4;P6;P8;P10;PO8;PO4;O2,average,,10-10,n/a,,BioSemi,,"University of Oslo, Dept. of Psychology",sub-028_ses-t1_task-resteyesc_eeg.edf,.edf,/mnt/datasets_v7/gokul/EEGData/ds003775/sub-028/ses-t1/eeg/sub-028_ses-t1_task-resteyesc_eeg.edf,/mnt/datasets_v7/gokul/EEGData/ds003775/sub-028/ses-t1,/mnt/datasets_v7/gokul/EEGData/ds003775/sub-028/ses-t1/eeg/sub-028_ses-t1_task-resteyesc_eeg.json,/mnt/datasets_v7/gokul/EEGData/ds003775/sub-028/ses-t1/eeg/sub-028_ses-t1_task-resteyesc_channels.tsv,2026-06-14T16:25:47
0038,sub-028,ds003775,sub-028,ses-t2,2,,47,F,control,27,23,46,101,6,9,9,24,7,15,12,0,12,14,56,30,44,54,38,44,11,resteyesc,resteyesc,Resting-state data extracted from an experimental evoked potential paradigm.,closed,2018-11-14T11:51:04,1024.0,50,240.0,245760,continuous,64,64,0,EEG:64,uV:64,Fp1;AF7;AF3;F1;F3;F5;F7;FT7;FC5;FC3;FC1;C1;C3;C5;T7;TP7;CP5;CP3;CP1;P1;P3;P5;P7;P9;PO7;PO3;O1;Iz;Oz;POz;Pz;CPz;Fpz;Fp2;AF8;AF4;AFz;Fz;F2;F4;F6;F8;FT8;FC6;FC4;FC2;FCz;Cz;C2;C4;C6;T8;TP8;CP6;CP4;CP2;P2;P4;P6;P8;P10;PO8;PO4;O2,average,,10-10,n/a,,BioSemi,,"University of Oslo, Dept. of Psychology",sub-028_ses-t2_task-resteyesc_eeg.edf,.edf,/mnt/datasets_v7/gokul/EEGData/ds003775/sub-028/ses-t2/eeg/sub-028_ses-t2_task-resteyesc_eeg.edf,/mnt/datasets_v7/gokul/EEGData/ds003775/sub-028/ses-t2,/mnt/datasets_v7/gokul/EEGData/ds003775/sub-028/ses-t2/eeg/sub-028_ses-t2_task-resteyesc_eeg.json,/mnt/datasets_v7/gokul/EEGData/ds003775/sub-028/ses-t2/eeg/sub-028_ses-t2_task-resteyesc_channels.tsv,2026-06-14T16:25:47
0039,sub-029,ds003775,sub-029,ses-t1,1,,24,F,control,33,26,50,54,10,9,12,31,8,12,0,0,13,15,52,27,33,62,39,40,16,resteyesc,resteyesc,Resting-state data extracted from an experimental evoked potential paradigm.,closed,2017-05-15T13:33:06,1024.0,50,240.0,245760,continuous,64,64,0,EEG:64,uV:64,Fp1;AF7;AF3;F1;F3;F5;F7;FT7;FC5;FC3;FC1;C1;C3;C5;T7;TP7;CP5;CP3;CP1;P1;P3;P5;P7;P9;PO7;PO3;O1;Iz;Oz;POz;Pz;CPz;Fpz;Fp2;AF8;AF4;AFz;Fz;F2;F4;F6;F8;FT8;FC6;FC4;FC2;FCz;Cz;C2;C4;C6;T8;TP8;CP6;CP4;CP2;P2;P4;P6;P8;P10;PO8;PO4;O2,average,,10-10,n/a,,BioSemi,,"University of Oslo, Dept. of Psychology",sub-029_ses-t1_task-resteyesc_eeg.edf,.edf,/mnt/datasets_v7/gokul/EEGData/ds003775/sub-029/ses-t1/eeg/sub-029_ses-t1_task-resteyesc_eeg.edf,/mnt/datasets_v7/gokul/EEGData/ds003775/sub-029/ses-t1,/mnt/datasets_v7/gokul/EEGData/ds003775/sub-029/ses-t1/eeg/sub-029_ses-t1_task-resteyesc_eeg.json,/mnt/datasets_v7/gokul/EEGData/ds003775/sub-029/ses-t1/eeg/sub-029_ses-t1_task-resteyesc_channels.tsv,2026-06-14T16:25:47
0040,sub-030,ds003775,sub-030,ses-t1,1,,45,F,control,27,20,43,56,5,7,7,19,11,15,15,0,15,15,69,45,22,56,40,64,15,resteyesc,resteyesc,Resting-state data extracted from an experimental evoked potential paradigm.,closed,2018-02-10T13:24:12,1024.0,50,240.0,245760,continuous,64,64,0,EEG:64,uV:64,Fp1;AF7;AF3;F1;F3;F5;F7;FT7;FC5;FC3;FC1;C1;C3;C5;T7;TP7;CP5;CP3;CP1;P1;P3;P5;P7;P9;PO7;PO3;O1;Iz;Oz;POz;Pz;CPz;Fpz;Fp2;AF8;AF4;AFz;Fz;F2;F4;F6;F8;FT8;FC6;FC4;FC2;FCz;Cz;C2;C4;C6;T8;TP8;CP6;CP4;CP2;P2;P4;P6;P8;P10;PO8;PO4;O2,average,,10-10,n/a,,BioSemi,,"University of Oslo, Dept. of Psychology",sub-030_ses-t1_task-resteyesc_eeg.edf,.edf,/mnt/datasets_v7/gokul/EEGData/ds003775/sub-030/ses-t1/eeg/sub-030_ses-t1_task-resteyesc_eeg.edf,/mnt/datasets_v7/gokul/EEGData/ds003775/sub-030/ses-t1,/mnt/datasets_v7/gokul/EEGData/ds003775/sub-030/ses-t1/eeg/sub-030_ses-t1_task-resteyesc_eeg.json,/mnt/datasets_v7/gokul/EEGData/ds003775/sub-030/ses-t1/eeg/sub-030_ses-t1_task-resteyesc_channels.tsv,2026-06-14T16:25:47
0041,sub-030,ds003775,sub-030,ses-t2,2,,45,F,control,27,20,43,56,5,7,7,19,11,15,15,0,15,15,69,45,22,56,40,64,15,resteyesc,resteyesc,Resting-state data extracted from an experimental evoked potential paradigm.,closed,2018-05-22T18:30:34,1024.0,50,240.0,245760,continuous,64,64,0,EEG:64,uV:64,Fp1;AF7;AF3;F1;F3;F5;F7;FT7;FC5;FC3;FC1;C1;C3;C5;T7;TP7;CP5;CP3;CP1;P1;P3;P5;P7;P9;PO7;PO3;O1;Iz;Oz;POz;Pz;CPz;Fpz;Fp2;AF8;AF4;AFz;Fz;F2;F4;F6;F8;FT8;FC6;FC4;FC2;FCz;Cz;C2;C4;C6;T8;TP8;CP6;CP4;CP2;P2;P4;P6;P8;P10;PO8;PO4;O2,average,,10-10,n/a,,BioSemi,,"University of Oslo, Dept. of Psychology",sub-030_ses-t2_task-resteyesc_eeg.edf,.edf,/mnt/datasets_v7/gokul/EEGData/ds003775/sub-030/ses-t2/eeg/sub-030_ses-t2_task-resteyesc_eeg.edf,/mnt/datasets_v7/gokul/EEGData/ds003775/sub-030/ses-t2,/mnt/datasets_v7/gokul/EEGData/ds003775/sub-030/ses-t2/eeg/sub-030_ses-t2_task-resteyesc_eeg.json,/mnt/datasets_v7/gokul/EEGData/ds003775/sub-030/ses-t2/eeg/sub-030_ses-t2_task-resteyesc_channels.tsv,2026-06-14T16:25:47
0042,sub-031,ds003775,sub-031,ses-t1,1,,31,F,control,33,18,45,62,9,10,9,28,9,13,13,0,15,15,60,39,33,76,50,40,14,resteyesc,resteyesc,Resting-state data extracted from an experimental evoked potential paradigm.,closed,2017-11-20T10:50:14,1024.0,50,240.0,245760,continuous,64,64,0,EEG:64,uV:64,Fp1;AF7;AF3;F1;F3;F5;F7;FT7;FC5;FC3;FC1;C1;C3;C5;T7;TP7;CP5;CP3;CP1;P1;P3;P5;P7;P9;PO7;PO3;O1;Iz;Oz;POz;Pz;CPz;Fpz;Fp2;AF8;AF4;AFz;Fz;F2;F4;F6;F8;FT8;FC6;FC4;FC2;FCz;Cz;C2;C4;C6;T8;TP8;CP6;CP4;CP2;P2;P4;P6;P8;P10;PO8;PO4;O2,average,,10-10,n/a,,BioSemi,,"University of Oslo, Dept. of Psychology",sub-031_ses-t1_task-resteyesc_eeg.edf,.edf,/mnt/datasets_v7/gokul/EEGData/ds003775/sub-031/ses-t1/eeg/sub-031_ses-t1_task-resteyesc_eeg.edf,/mnt/datasets_v7/gokul/EEGData/ds003775/sub-031/ses-t1,/mnt/datasets_v7/gokul/EEGData/ds003775/sub-031/ses-t1/eeg/sub-031_ses-t1_task-resteyesc_eeg.json,/mnt/datasets_v7/gokul/EEGData/ds003775/sub-031/ses-t1/eeg/sub-031_ses-t1_task-resteyesc_channels.tsv,2026-06-14T16:25:47
0043,sub-032,ds003775,sub-032,ses-t1,1,,50,F,control,22,21,49,60,13,15,13,41,5,14,11,1,10,15,54,19,12,36,47,55,16,resteyesc,resteyesc,Resting-state data extracted from an experimental evoked potential paradigm.,closed,2017-09-13T17:52:48,1024.0,50,240.0,245760,continuous,64,64,0,EEG:64,uV:64,Fp1;AF7;AF3;F1;F3;F5;F7;FT7;FC5;FC3;FC1;C1;C3;C5;T7;TP7;CP5;CP3;CP1;P1;P3;P5;P7;P9;PO7;PO3;O1;Iz;Oz;POz;Pz;CPz;Fpz;Fp2;AF8;AF4;AFz;Fz;F2;F4;F6;F8;FT8;FC6;FC4;FC2;FCz;Cz;C2;C4;C6;T8;TP8;CP6;CP4;CP2;P2;P4;P6;P8;P10;PO8;PO4;O2,average,,10-10,n/a,,BioSemi,,"University of Oslo, Dept. of Psychology",sub-032_ses-t1_task-resteyesc_eeg.edf,.edf,/mnt/datasets_v7/gokul/EEGData/ds003775/sub-032/ses-t1/eeg/sub-032_ses-t1_task-resteyesc_eeg.edf,/mnt/datasets_v7/gokul/EEGData/ds003775/sub-032/ses-t1,/mnt/datasets_v7/gokul/EEGData/ds003775/sub-032/ses-t1/eeg/sub-032_ses-t1_task-resteyesc_eeg.json,/mnt/datasets_v7/gokul/EEGData/ds003775/sub-032/ses-t1/eeg/sub-032_ses-t1_task-resteyesc_channels.tsv,2026-06-14T16:25:47
0044,sub-032,ds003775,sub-032,ses-t2,2,,50,F,control,22,21,49,60,13,15,13,41,5,14,11,1,10,15,54,19,12,36,47,55,16,resteyesc,resteyesc,Resting-state data extracted from an experimental evoked potential paradigm.,closed,2017-12-05T17:29:18,1024.0,50,240.0,245760,continuous,64,64,0,EEG:64,uV:64,Fp1;AF7;AF3;F1;F3;F5;F7;FT7;FC5;FC3;FC1;C1;C3;C5;T7;TP7;CP5;CP3;CP1;P1;P3;P5;P7;P9;PO7;PO3;O1;Iz;Oz;POz;Pz;CPz;Fpz;Fp2;AF8;AF4;AFz;Fz;F2;F4;F6;F8;FT8;FC6;FC4;FC2;FCz;Cz;C2;C4;C6;T8;TP8;CP6;CP4;CP2;P2;P4;P6;P8;P10;PO8;PO4;O2,average,,10-10,n/a,,BioSemi,,"University of Oslo, Dept. of Psychology",sub-032_ses-t2_task-resteyesc_eeg.edf,.edf,/mnt/datasets_v7/gokul/EEGData/ds003775/sub-032/ses-t2/eeg/sub-032_ses-t2_task-resteyesc_eeg.edf,/mnt/datasets_v7/gokul/EEGData/ds003775/sub-032/ses-t2,/mnt/datasets_v7/gokul/EEGData/ds003775/sub-032/ses-t2/eeg/sub-032_ses-t2_task-resteyesc_eeg.json,/mnt/datasets_v7/gokul/EEGData/ds003775/sub-032/ses-t2/eeg/sub-032_ses-t2_task-resteyesc_channels.tsv,2026-06-14T16:25:47
0045,sub-033,ds003775,sub-033,ses-t1,1,,65,M,control,26,27,56,63,7,8,11,26,7,14,11,0,11,15,61,20,41,94,45,50,14,resteyesc,resteyesc,Resting-state data extracted from an experimental evoked potential paradigm.,closed,2017-11-02T17:33:04,1024.0,50,240.0,245760,continuous,64,64,0,EEG:64,uV:64,Fp1;AF7;AF3;F1;F3;F5;F7;FT7;FC5;FC3;FC1;C1;C3;C5;T7;TP7;CP5;CP3;CP1;P1;P3;P5;P7;P9;PO7;PO3;O1;Iz;Oz;POz;Pz;CPz;Fpz;Fp2;AF8;AF4;AFz;Fz;F2;F4;F6;F8;FT8;FC6;FC4;FC2;FCz;Cz;C2;C4;C6;T8;TP8;CP6;CP4;CP2;P2;P4;P6;P8;P10;PO8;PO4;O2,average,,10-10,n/a,,BioSemi,,"University of Oslo, Dept. of Psychology",sub-033_ses-t1_task-resteyesc_eeg.edf,.edf,/mnt/datasets_v7/gokul/EEGData/ds003775/sub-033/ses-t1/eeg/sub-033_ses-t1_task-resteyesc_eeg.edf,/mnt/datasets_v7/gokul/EEGData/ds003775/sub-033/ses-t1,/mnt/datasets_v7/gokul/EEGData/ds003775/sub-033/ses-t1/eeg/sub-033_ses-t1_task-resteyesc_eeg.json,/mnt/datasets_v7/gokul/EEGData/ds003775/sub-033/ses-t1/eeg/sub-033_ses-t1_task-resteyesc_channels.tsv,2026-06-14T16:25:47
0046,sub-034,ds003775,sub-034,ses-t1,1,,29,F,control,24,21,41,38,11,11,9,31,10,15,15,0,15,15,70,23,27,50,53,59,18,resteyesc,resteyesc,Resting-state data extracted from an experimental evoked potential paradigm.,closed,2017-09-26T15:52:10,1024.0,50,240.0,245760,continuous,64,64,0,EEG:64,uV:64,Fp1;AF7;AF3;F1;F3;F5;F7;FT7;FC5;FC3;FC1;C1;C3;C5;T7;TP7;CP5;CP3;CP1;P1;P3;P5;P7;P9;PO7;PO3;O1;Iz;Oz;POz;Pz;CPz;Fpz;Fp2;AF8;AF4;AFz;Fz;F2;F4;F6;F8;FT8;FC6;FC4;FC2;FCz;Cz;C2;C4;C6;T8;TP8;CP6;CP4;CP2;P2;P4;P6;P8;P10;PO8;PO4;O2,average,,10-10,n/a,,BioSemi,,"University of Oslo, Dept. of Psychology",sub-034_ses-t1_task-resteyesc_eeg.edf,.edf,/mnt/datasets_v7/gokul/EEGData/ds003775/sub-034/ses-t1/eeg/sub-034_ses-t1_task-resteyesc_eeg.edf,/mnt/datasets_v7/gokul/EEGData/ds003775/sub-034/ses-t1,/mnt/datasets_v7/gokul/EEGData/ds003775/sub-034/ses-t1/eeg/sub-034_ses-t1_task-resteyesc_eeg.json,/mnt/datasets_v7/gokul/EEGData/ds003775/sub-034/ses-t1/eeg/sub-034_ses-t1_task-resteyesc_channels.tsv,2026-06-14T16:25:47
0047,sub-035,ds003775,sub-035,ses-t1,1,,19,F,control,25,17,37,44,12,15,8,35,12,15,14,0,13,15,65,21,17,41,62,49,16,resteyesc,resteyesc,Resting-state data extracted from an experimental evoked potential paradigm.,closed,2017-04-27T13:33:26,1024.0,50,240.0,245760,continuous,64,64,0,EEG:64,uV:64,Fp1;AF7;AF3;F1;F3;F5;F7;FT7;FC5;FC3;FC1;C1;C3;C5;T7;TP7;CP5;CP3;CP1;P1;P3;P5;P7;P9;PO7;PO3;O1;Iz;Oz;POz;Pz;CPz;Fpz;Fp2;AF8;AF4;AFz;Fz;F2;F4;F6;F8;FT8;FC6;FC4;FC2;FCz;Cz;C2;C4;C6;T8;TP8;CP6;CP4;CP2;P2;P4;P6;P8;P10;PO8;PO4;O2,average,,10-10,n/a,,BioSemi,,"University of Oslo, Dept. of Psychology",sub-035_ses-t1_task-resteyesc_eeg.edf,.edf,/mnt/datasets_v7/gokul/EEGData/ds003775/sub-035/ses-t1/eeg/sub-035_ses-t1_task-resteyesc_eeg.edf,/mnt/datasets_v7/gokul/EEGData/ds003775/sub-035/ses-t1,/mnt/datasets_v7/gokul/EEGData/ds003775/sub-035/ses-t1/eeg/sub-035_ses-t1_task-resteyesc_eeg.json,/mnt/datasets_v7/gokul/EEGData/ds003775/sub-035/ses-t1/eeg/sub-035_ses-t1_task-resteyesc_channels.tsv,2026-06-14T16:25:47
0048,sub-036,ds003775,sub-036,ses-t1,1,,24,F,control,26,19,43,41,10,12,6,28,11,14,13,0,14,15,68,26,24,64,43,59,24,resteyesc,resteyesc,Resting-state data extracted from an experimental evoked potential paradigm.,closed,2017-07-04T10:41:36,1024.0,50,240.0,245760,continuous,64,64,0,EEG:64,uV:64,Fp1;AF7;AF3;F1;F3;F5;F7;FT7;FC5;FC3;FC1;C1;C3;C5;T7;TP7;CP5;CP3;CP1;P1;P3;P5;P7;P9;PO7;PO3;O1;Iz;Oz;POz;Pz;CPz;Fpz;Fp2;AF8;AF4;AFz;Fz;F2;F4;F6;F8;FT8;FC6;FC4;FC2;FCz;Cz;C2;C4;C6;T8;TP8;CP6;CP4;CP2;P2;P4;P6;P8;P10;PO8;PO4;O2,average,,10-10,n/a,,BioSemi,,"University of Oslo, Dept. of Psychology",sub-036_ses-t1_task-resteyesc_eeg.edf,.edf,/mnt/datasets_v7/gokul/EEGData/ds003775/sub-036/ses-t1/eeg/sub-036_ses-t1_task-resteyesc_eeg.edf,/mnt/datasets_v7/gokul/EEGData/ds003775/sub-036/ses-t1,/mnt/datasets_v7/gokul/EEGData/ds003775/sub-036/ses-t1/eeg/sub-036_ses-t1_task-resteyesc_eeg.json,/mnt/datasets_v7/gokul/EEGData/ds003775/sub-036/ses-t1/eeg/sub-036_ses-t1_task-resteyesc_channels.tsv,2026-06-14T16:25:47
0049,sub-037,ds003775,sub-037,ses-t1,1,,26,M,control,39,29,74,130,8,6,7,21,6,13,12,0,11,15,49,32,41,159,31,26,11,resteyesc,resteyesc,Resting-state data extracted from an experimental evoked potential paradigm.,closed,2017-05-10T13:37:56,1024.0,50,240.0,245760,continuous,64,64,0,EEG:64,uV:64,Fp1;AF7;AF3;F1;F3;F5;F7;FT7;FC5;FC3;FC1;C1;C3;C5;T7;TP7;CP5;CP3;CP1;P1;P3;P5;P7;P9;PO7;PO3;O1;Iz;Oz;POz;Pz;CPz;Fpz;Fp2;AF8;AF4;AFz;Fz;F2;F4;F6;F8;FT8;FC6;FC4;FC2;FCz;Cz;C2;C4;C6;T8;TP8;CP6;CP4;CP2;P2;P4;P6;P8;P10;PO8;PO4;O2,average,,10-10,n/a,,BioSemi,,"University of Oslo, Dept. of Psychology",sub-037_ses-t1_task-resteyesc_eeg.edf,.edf,/mnt/datasets_v7/gokul/EEGData/ds003775/sub-037/ses-t1/eeg/sub-037_ses-t1_task-resteyesc_eeg.edf,/mnt/datasets_v7/gokul/EEGData/ds003775/sub-037/ses-t1,/mnt/datasets_v7/gokul/EEGData/ds003775/sub-037/ses-t1/eeg/sub-037_ses-t1_task-resteyesc_eeg.json,/mnt/datasets_v7/gokul/EEGData/ds003775/sub-037/ses-t1/eeg/sub-037_ses-t1_task-resteyesc_channels.tsv,2026-06-14T16:25:47
0050,sub-038,ds003775,sub-038,ses-t1,1,,27,M,control,30,19,52,60,6,11,10,27,8,12,9,0,8,14,59,25,27,54,46,47,12,resteyesc,resteyesc,Resting-state data extracted from an experimental evoked potential paradigm.,closed,2017-06-08T10:42:04,1024.0,50,240.0,245760,continuous,64,64,0,EEG:64,uV:64,Fp1;AF7;AF3;F1;F3;F5;F7;FT7;FC5;FC3;FC1;C1;C3;C5;T7;TP7;CP5;CP3;CP1;P1;P3;P5;P7;P9;PO7;PO3;O1;Iz;Oz;POz;Pz;CPz;Fpz;Fp2;AF8;AF4;AFz;Fz;F2;F4;F6;F8;FT8;FC6;FC4;FC2;FCz;Cz;C2;C4;C6;T8;TP8;CP6;CP4;CP2;P2;P4;P6;P8;P10;PO8;PO4;O2,average,,10-10,n/a,,BioSemi,,"University of Oslo, Dept. of Psychology",sub-038_ses-t1_task-resteyesc_eeg.edf,.edf,/mnt/datasets_v7/gokul/EEGData/ds003775/sub-038/ses-t1/eeg/sub-038_ses-t1_task-resteyesc_eeg.edf,/mnt/datasets_v7/gokul/EEGData/ds003775/sub-038/ses-t1,/mnt/datasets_v7/gokul/EEGData/ds003775/sub-038/ses-t1/eeg/sub-038_ses-t1_task-resteyesc_eeg.json,/mnt/datasets_v7/gokul/EEGData/ds003775/sub-038/ses-t1/eeg/sub-038_ses-t1_task-resteyesc_channels.tsv,2026-06-14T16:25:47
0051,sub-038,ds003775,sub-038,ses-t2,2,,27,M,control,30,19,52,60,6,11,10,27,8,12,9,0,8,14,59,25,27,54,46,47,12,resteyesc,resteyesc,Resting-state data extracted from an experimental evoked potential paradigm.,closed,2018-06-12T16:36:26,1024.0,50,240.0,245760,continuous,64,64,0,EEG:64,uV:64,Fp1;AF7;AF3;F1;F3;F5;F7;FT7;FC5;FC3;FC1;C1;C3;C5;T7;TP7;CP5;CP3;CP1;P1;P3;P5;P7;P9;PO7;PO3;O1;Iz;Oz;POz;Pz;CPz;Fpz;Fp2;AF8;AF4;AFz;Fz;F2;F4;F6;F8;FT8;FC6;FC4;FC2;FCz;Cz;C2;C4;C6;T8;TP8;CP6;CP4;CP2;P2;P4;P6;P8;P10;PO8;PO4;O2,average,,10-10,n/a,,BioSemi,,"University of Oslo, Dept. of Psychology",sub-038_ses-t2_task-resteyesc_eeg.edf,.edf,/mnt/datasets_v7/gokul/EEGData/ds003775/sub-038/ses-t2/eeg/sub-038_ses-t2_task-resteyesc_eeg.edf,/mnt/datasets_v7/gokul/EEGData/ds003775/sub-038/ses-t2,/mnt/datasets_v7/gokul/EEGData/ds003775/sub-038/ses-t2/eeg/sub-038_ses-t2_task-resteyesc_eeg.json,/mnt/datasets_v7/gokul/EEGData/ds003775/sub-038/ses-t2/eeg/sub-038_ses-t2_task-resteyesc_channels.tsv,2026-06-14T16:25:47
0052,sub-039,ds003775,sub-039,ses-t1,1,,28,F,control,38,22,53,82,7,7,10,24,6,11,11,1,12,15,47,29,25,70,36,41,15,resteyesc,resteyesc,Resting-state data extracted from an experimental evoked potential paradigm.,closed,2017-07-06T13:42:32,1024.0,50,240.0,245760,continuous,64,64,0,EEG:64,uV:64,Fp1;AF7;AF3;F1;F3;F5;F7;FT7;FC5;FC3;FC1;C1;C3;C5;T7;TP7;CP5;CP3;CP1;P1;P3;P5;P7;P9;PO7;PO3;O1;Iz;Oz;POz;Pz;CPz;Fpz;Fp2;AF8;AF4;AFz;Fz;F2;F4;F6;F8;FT8;FC6;FC4;FC2;FCz;Cz;C2;C4;C6;T8;TP8;CP6;CP4;CP2;P2;P4;P6;P8;P10;PO8;PO4;O2,average,,10-10,n/a,,BioSemi,,"University of Oslo, Dept. of Psychology",sub-039_ses-t1_task-resteyesc_eeg.edf,.edf,/mnt/datasets_v7/gokul/EEGData/ds003775/sub-039/ses-t1/eeg/sub-039_ses-t1_task-resteyesc_eeg.edf,/mnt/datasets_v7/gokul/EEGData/ds003775/sub-039/ses-t1,/mnt/datasets_v7/gokul/EEGData/ds003775/sub-039/ses-t1/eeg/sub-039_ses-t1_task-resteyesc_eeg.json,/mnt/datasets_v7/gokul/EEGData/ds003775/sub-039/ses-t1/eeg/sub-039_ses-t1_task-resteyesc_channels.tsv,2026-06-14T16:25:47
0053,sub-040,ds003775,sub-040,ses-t1,1,,18,F,control,28,21,46,58,10,14,9,33,10,15,14,0,11,15,66,21,30,52,50,57,19,resteyesc,resteyesc,Resting-state data extracted from an experimental evoked potential paradigm.,closed,2017-10-08T13:39:36,1024.0,50,240.0,245760,continuous,64,64,0,EEG:64,uV:64,Fp1;AF7;AF3;F1;F3;F5;F7;FT7;FC5;FC3;FC1;C1;C3;C5;T7;TP7;CP5;CP3;CP1;P1;P3;P5;P7;P9;PO7;PO3;O1;Iz;Oz;POz;Pz;CPz;Fpz;Fp2;AF8;AF4;AFz;Fz;F2;F4;F6;F8;FT8;FC6;FC4;FC2;FCz;Cz;C2;C4;C6;T8;TP8;CP6;CP4;CP2;P2;P4;P6;P8;P10;PO8;PO4;O2,average,,10-10,n/a,,BioSemi,,"University of Oslo, Dept. of Psychology",sub-040_ses-t1_task-resteyesc_eeg.edf,.edf,/mnt/datasets_v7/gokul/EEGData/ds003775/sub-040/ses-t1/eeg/sub-040_ses-t1_task-resteyesc_eeg.edf,/mnt/datasets_v7/gokul/EEGData/ds003775/sub-040/ses-t1,/mnt/datasets_v7/gokul/EEGData/ds003775/sub-040/ses-t1/eeg/sub-040_ses-t1_task-resteyesc_eeg.json,/mnt/datasets_v7/gokul/EEGData/ds003775/sub-040/ses-t1/eeg/sub-040_ses-t1_task-resteyesc_channels.tsv,2026-06-14T16:25:47
0054,sub-041,ds003775,sub-041,ses-t1,1,,31,F,control,29,19,44,50,6,9,13,28,10,15,15,0,13,15,67,18,15,44,43,64,21,resteyesc,resteyesc,Resting-state data extracted from an experimental evoked potential paradigm.,closed,2017-04-25T15:01:00,1024.0,50,240.0,245760,continuous,64,64,0,EEG:64,uV:64,Fp1;AF7;AF3;F1;F3;F5;F7;FT7;FC5;FC3;FC1;C1;C3;C5;T7;TP7;CP5;CP3;CP1;P1;P3;P5;P7;P9;PO7;PO3;O1;Iz;Oz;POz;Pz;CPz;Fpz;Fp2;AF8;AF4;AFz;Fz;F2;F4;F6;F8;FT8;FC6;FC4;FC2;FCz;Cz;C2;C4;C6;T8;TP8;CP6;CP4;CP2;P2;P4;P6;P8;P10;PO8;PO4;O2,average,,10-10,n/a,,BioSemi,,"University of Oslo, Dept. of Psychology",sub-041_ses-t1_task-resteyesc_eeg.edf,.edf,/mnt/datasets_v7/gokul/EEGData/ds003775/sub-041/ses-t1/eeg/sub-041_ses-t1_task-resteyesc_eeg.edf,/mnt/datasets_v7/gokul/EEGData/ds003775/sub-041/ses-t1,/mnt/datasets_v7/gokul/EEGData/ds003775/sub-041/ses-t1/eeg/sub-041_ses-t1_task-resteyesc_eeg.json,/mnt/datasets_v7/gokul/EEGData/ds003775/sub-041/ses-t1/eeg/sub-041_ses-t1_task-resteyesc_channels.tsv,2026-06-14T16:25:47
0055,sub-042,ds003775,sub-042,ses-t1,1,,38,M,control,23,18,41,60,11,11,11,33,6,14,12,0,14,14,59,20,15,56,54,52,10,resteyesc,resteyesc,Resting-state data extracted from an experimental evoked potential paradigm.,closed,2018-04-16T17:30:18,1024.0,50,240.0,245760,continuous,64,64,0,EEG:64,uV:64,Fp1;AF7;AF3;F1;F3;F5;F7;FT7;FC5;FC3;FC1;C1;C3;C5;T7;TP7;CP5;CP3;CP1;P1;P3;P5;P7;P9;PO7;PO3;O1;Iz;Oz;POz;Pz;CPz;Fpz;Fp2;AF8;AF4;AFz;Fz;F2;F4;F6;F8;FT8;FC6;FC4;FC2;FCz;Cz;C2;C4;C6;T8;TP8;CP6;CP4;CP2;P2;P4;P6;P8;P10;PO8;PO4;O2,average,,10-10,n/a,,BioSemi,,"University of Oslo, Dept. of Psychology",sub-042_ses-t1_task-resteyesc_eeg.edf,.edf,/mnt/datasets_v7/gokul/EEGData/ds003775/sub-042/ses-t1/eeg/sub-042_ses-t1_task-resteyesc_eeg.edf,/mnt/datasets_v7/gokul/EEGData/ds003775/sub-042/ses-t1,/mnt/datasets_v7/gokul/EEGData/ds003775/sub-042/ses-t1/eeg/sub-042_ses-t1_task-resteyesc_eeg.json,/mnt/datasets_v7/gokul/EEGData/ds003775/sub-042/ses-t1/eeg/sub-042_ses-t1_task-resteyesc_channels.tsv,2026-06-14T16:25:47
0056,sub-042,ds003775,sub-042,ses-t2,2,,38,M,control,23,18,41,60,11,11,11,33,6,14,12,0,14,14,59,20,15,56,54,52,10,resteyesc,resteyesc,Resting-state data extracted from an experimental evoked potential paradigm.,closed,2019-05-07T17:43:54,1024.0,50,240.0,245760,continuous,64,64,0,EEG:64,uV:64,Fp1;AF7;AF3;F1;F3;F5;F7;FT7;FC5;FC3;FC1;C1;C3;C5;T7;TP7;CP5;CP3;CP1;P1;P3;P5;P7;P9;PO7;PO3;O1;Iz;Oz;POz;Pz;CPz;Fpz;Fp2;AF8;AF4;AFz;Fz;F2;F4;F6;F8;FT8;FC6;FC4;FC2;FCz;Cz;C2;C4;C6;T8;TP8;CP6;CP4;CP2;P2;P4;P6;P8;P10;PO8;PO4;O2,average,,10-10,n/a,,BioSemi,,"University of Oslo, Dept. of Psychology",sub-042_ses-t2_task-resteyesc_eeg.edf,.edf,/mnt/datasets_v7/gokul/EEGData/ds003775/sub-042/ses-t2/eeg/sub-042_ses-t2_task-resteyesc_eeg.edf,/mnt/datasets_v7/gokul/EEGData/ds003775/sub-042/ses-t2,/mnt/datasets_v7/gokul/EEGData/ds003775/sub-042/ses-t2/eeg/sub-042_ses-t2_task-resteyesc_eeg.json,/mnt/datasets_v7/gokul/EEGData/ds003775/sub-042/ses-t2/eeg/sub-042_ses-t2_task-resteyesc_channels.tsv,2026-06-14T16:25:47
0057,sub-043,ds003775,sub-043,ses-t1,1,,40,F,control,28,20,45,53,12,8,9,29,9,15,15,0,14,15,65,20,25,44,52,38,17,resteyesc,resteyesc,Resting-state data extracted from an experimental evoked potential paradigm.,closed,2019-10-11T12:10:54,1024.0,50,240.0,245760,continuous,64,64,0,EEG:64,uV:64,Fp1;AF7;AF3;F1;F3;F5;F7;FT7;FC5;FC3;FC1;C1;C3;C5;T7;TP7;CP5;CP3;CP1;P1;P3;P5;P7;P9;PO7;PO3;O1;Iz;Oz;POz;Pz;CPz;Fpz;Fp2;AF8;AF4;AFz;Fz;F2;F4;F6;F8;FT8;FC6;FC4;FC2;FCz;Cz;C2;C4;C6;T8;TP8;CP6;CP4;CP2;P2;P4;P6;P8;P10;PO8;PO4;O2,average,,10-10,n/a,,BioSemi,,"University of Oslo, Dept. of Psychology",sub-043_ses-t1_task-resteyesc_eeg.edf,.edf,/mnt/datasets_v7/gokul/EEGData/ds003775/sub-043/ses-t1/eeg/sub-043_ses-t1_task-resteyesc_eeg.edf,/mnt/datasets_v7/gokul/EEGData/ds003775/sub-043/ses-t1,/mnt/datasets_v7/gokul/EEGData/ds003775/sub-043/ses-t1/eeg/sub-043_ses-t1_task-resteyesc_eeg.json,/mnt/datasets_v7/gokul/EEGData/ds003775/sub-043/ses-t1/eeg/sub-043_ses-t1_task-resteyesc_channels.tsv,2026-06-14T16:25:47
0058,sub-043,ds003775,sub-043,ses-t2,2,,40,F,control,28,20,45,53,12,8,9,29,9,15,15,0,14,15,65,20,25,44,52,38,17,resteyesc,resteyesc,Resting-state data extracted from an experimental evoked potential paradigm.,closed,2020-01-24T11:42:32,1024.0,50,240.0,245760,continuous,64,64,0,EEG:64,uV:64,Fp1;AF7;AF3;F1;F3;F5;F7;FT7;FC5;FC3;FC1;C1;C3;C5;T7;TP7;CP5;CP3;CP1;P1;P3;P5;P7;P9;PO7;PO3;O1;Iz;Oz;POz;Pz;CPz;Fpz;Fp2;AF8;AF4;AFz;Fz;F2;F4;F6;F8;FT8;FC6;FC4;FC2;FCz;Cz;C2;C4;C6;T8;TP8;CP6;CP4;CP2;P2;P4;P6;P8;P10;PO8;PO4;O2,average,,10-10,n/a,,BioSemi,,"University of Oslo, Dept. of Psychology",sub-043_ses-t2_task-resteyesc_eeg.edf,.edf,/mnt/datasets_v7/gokul/EEGData/ds003775/sub-043/ses-t2/eeg/sub-043_ses-t2_task-resteyesc_eeg.edf,/mnt/datasets_v7/gokul/EEGData/ds003775/sub-043/ses-t2,/mnt/datasets_v7/gokul/EEGData/ds003775/sub-043/ses-t2/eeg/sub-043_ses-t2_task-resteyesc_eeg.json,/mnt/datasets_v7/gokul/EEGData/ds003775/sub-043/ses-t2/eeg/sub-043_ses-t2_task-resteyesc_channels.tsv,2026-06-14T16:25:47
0059,sub-044,ds003775,sub-044,ses-t1,1,,29,M,control,31,24,50,55,9,8,9,26,8,11,13,1,10,13,48,35,21,72,43,52,18,resteyesc,resteyesc,Resting-state data extracted from an experimental evoked potential paradigm.,closed,2017-10-25T17:31:08,1024.0,50,240.0,245760,continuous,64,64,0,EEG:64,uV:64,Fp1;AF7;AF3;F1;F3;F5;F7;FT7;FC5;FC3;FC1;C1;C3;C5;T7;TP7;CP5;CP3;CP1;P1;P3;P5;P7;P9;PO7;PO3;O1;Iz;Oz;POz;Pz;CPz;Fpz;Fp2;AF8;AF4;AFz;Fz;F2;F4;F6;F8;FT8;FC6;FC4;FC2;FCz;Cz;C2;C4;C6;T8;TP8;CP6;CP4;CP2;P2;P4;P6;P8;P10;PO8;PO4;O2,average,,10-10,n/a,,BioSemi,,"University of Oslo, Dept. of Psychology",sub-044_ses-t1_task-resteyesc_eeg.edf,.edf,/mnt/datasets_v7/gokul/EEGData/ds003775/sub-044/ses-t1/eeg/sub-044_ses-t1_task-resteyesc_eeg.edf,/mnt/datasets_v7/gokul/EEGData/ds003775/sub-044/ses-t1,/mnt/datasets_v7/gokul/EEGData/ds003775/sub-044/ses-t1/eeg/sub-044_ses-t1_task-resteyesc_eeg.json,/mnt/datasets_v7/gokul/EEGData/ds003775/sub-044/ses-t1/eeg/sub-044_ses-t1_task-resteyesc_channels.tsv,2026-06-14T16:25:47
0060,sub-045,ds003775,sub-045,ses-t1,1,,19,M,control,25,20,43,53,11,7,9,27,8,13,14,1,12,15,59,19,21,51,46,45,15,resteyesc,resteyesc,Resting-state data extracted from an experimental evoked potential paradigm.,closed,2017-10-24T10:41:34,1024.0,50,240.0,245760,continuous,64,64,0,EEG:64,uV:64,Fp1;AF7;AF3;F1;F3;F5;F7;FT7;FC5;FC3;FC1;C1;C3;C5;T7;TP7;CP5;CP3;CP1;P1;P3;P5;P7;P9;PO7;PO3;O1;Iz;Oz;POz;Pz;CPz;Fpz;Fp2;AF8;AF4;AFz;Fz;F2;F4;F6;F8;FT8;FC6;FC4;FC2;FCz;Cz;C2;C4;C6;T8;TP8;CP6;CP4;CP2;P2;P4;P6;P8;P10;PO8;PO4;O2,average,,10-10,n/a,,BioSemi,,"University of Oslo, Dept. of Psychology",sub-045_ses-t1_task-resteyesc_eeg.edf,.edf,/mnt/datasets_v7/gokul/EEGData/ds003775/sub-045/ses-t1/eeg/sub-045_ses-t1_task-resteyesc_eeg.edf,/mnt/datasets_v7/gokul/EEGData/ds003775/sub-045/ses-t1,/mnt/datasets_v7/gokul/EEGData/ds003775/sub-045/ses-t1/eeg/sub-045_ses-t1_task-resteyesc_eeg.json,/mnt/datasets_v7/gokul/EEGData/ds003775/sub-045/ses-t1/eeg/sub-045_ses-t1_task-resteyesc_channels.tsv,2026-06-14T16:25:47
0061,sub-046,ds003775,sub-046,ses-t1,1,,39,F,control,26,19,46,52,9,13,14,36,7,14,14,0,14,14,58,15,15,47,35,47,17,resteyesc,resteyesc,Resting-state data extracted from an experimental evoked potential paradigm.,closed,2017-09-12T10:10:30,1024.0,50,240.0,245760,continuous,64,64,0,EEG:64,uV:64,Fp1;AF7;AF3;F1;F3;F5;F7;FT7;FC5;FC3;FC1;C1;C3;C5;T7;TP7;CP5;CP3;CP1;P1;P3;P5;P7;P9;PO7;PO3;O1;Iz;Oz;POz;Pz;CPz;Fpz;Fp2;AF8;AF4;AFz;Fz;F2;F4;F6;F8;FT8;FC6;FC4;FC2;FCz;Cz;C2;C4;C6;T8;TP8;CP6;CP4;CP2;P2;P4;P6;P8;P10;PO8;PO4;O2,average,,10-10,n/a,,BioSemi,,"University of Oslo, Dept. of Psychology",sub-046_ses-t1_task-resteyesc_eeg.edf,.edf,/mnt/datasets_v7/gokul/EEGData/ds003775/sub-046/ses-t1/eeg/sub-046_ses-t1_task-resteyesc_eeg.edf,/mnt/datasets_v7/gokul/EEGData/ds003775/sub-046/ses-t1,/mnt/datasets_v7/gokul/EEGData/ds003775/sub-046/ses-t1/eeg/sub-046_ses-t1_task-resteyesc_eeg.json,/mnt/datasets_v7/gokul/EEGData/ds003775/sub-046/ses-t1/eeg/sub-046_ses-t1_task-resteyesc_channels.tsv,2026-06-14T16:25:47
0062,sub-046,ds003775,sub-046,ses-t2,2,,39,F,control,26,19,46,52,9,13,14,36,7,14,14,0,14,14,58,15,15,47,35,47,17,resteyesc,resteyesc,Resting-state data extracted from an experimental evoked potential paradigm.,closed,2018-09-13T12:03:42,1024.0,50,240.0,245760,continuous,64,64,0,EEG:64,uV:64,Fp1;AF7;AF3;F1;F3;F5;F7;FT7;FC5;FC3;FC1;C1;C3;C5;T7;TP7;CP5;CP3;CP1;P1;P3;P5;P7;P9;PO7;PO3;O1;Iz;Oz;POz;Pz;CPz;Fpz;Fp2;AF8;AF4;AFz;Fz;F2;F4;F6;F8;FT8;FC6;FC4;FC2;FCz;Cz;C2;C4;C6;T8;TP8;CP6;CP4;CP2;P2;P4;P6;P8;P10;PO8;PO4;O2,average,,10-10,n/a,,BioSemi,,"University of Oslo, Dept. of Psychology",sub-046_ses-t2_task-resteyesc_eeg.edf,.edf,/mnt/datasets_v7/gokul/EEGData/ds003775/sub-046/ses-t2/eeg/sub-046_ses-t2_task-resteyesc_eeg.edf,/mnt/datasets_v7/gokul/EEGData/ds003775/sub-046/ses-t2,/mnt/datasets_v7/gokul/EEGData/ds003775/sub-046/ses-t2/eeg/sub-046_ses-t2_task-resteyesc_eeg.json,/mnt/datasets_v7/gokul/EEGData/ds003775/sub-046/ses-t2/eeg/sub-046_ses-t2_task-resteyesc_channels.tsv,2026-06-14T16:25:47
0063,sub-047,ds003775,sub-047,ses-t1,1,,35,M,control,24,20,42,42,10,10,11,31,7,15,12,0,14,14,59,17,18,53,64,63,16,resteyesc,resteyesc,Resting-state data extracted from an experimental evoked potential paradigm.,closed,2018-03-14T10:34:08,1024.0,50,240.0,245760,continuous,64,64,0,EEG:64,uV:64,Fp1;AF7;AF3;F1;F3;F5;F7;FT7;FC5;FC3;FC1;C1;C3;C5;T7;TP7;CP5;CP3;CP1;P1;P3;P5;P7;P9;PO7;PO3;O1;Iz;Oz;POz;Pz;CPz;Fpz;Fp2;AF8;AF4;AFz;Fz;F2;F4;F6;F8;FT8;FC6;FC4;FC2;FCz;Cz;C2;C4;C6;T8;TP8;CP6;CP4;CP2;P2;P4;P6;P8;P10;PO8;PO4;O2,average,,10-10,n/a,,BioSemi,,"University of Oslo, Dept. of Psychology",sub-047_ses-t1_task-resteyesc_eeg.edf,.edf,/mnt/datasets_v7/gokul/EEGData/ds003775/sub-047/ses-t1/eeg/sub-047_ses-t1_task-resteyesc_eeg.edf,/mnt/datasets_v7/gokul/EEGData/ds003775/sub-047/ses-t1,/mnt/datasets_v7/gokul/EEGData/ds003775/sub-047/ses-t1/eeg/sub-047_ses-t1_task-resteyesc_eeg.json,/mnt/datasets_v7/gokul/EEGData/ds003775/sub-047/ses-t1/eeg/sub-047_ses-t1_task-resteyesc_channels.tsv,2026-06-14T16:25:47
0064,sub-047,ds003775,sub-047,ses-t2,2,,35,M,control,24,20,42,42,10,10,11,31,7,15,12,0,14,14,59,17,18,53,64,63,16,resteyesc,resteyesc,Resting-state data extracted from an experimental evoked potential paradigm.,closed,2019-03-25T12:41:54,1024.0,50,240.0,245760,continuous,64,64,0,EEG:64,uV:64,Fp1;AF7;AF3;F1;F3;F5;F7;FT7;FC5;FC3;FC1;C1;C3;C5;T7;TP7;CP5;CP3;CP1;P1;P3;P5;P7;P9;PO7;PO3;O1;Iz;Oz;POz;Pz;CPz;Fpz;Fp2;AF8;AF4;AFz;Fz;F2;F4;F6;F8;FT8;FC6;FC4;FC2;FCz;Cz;C2;C4;C6;T8;TP8;CP6;CP4;CP2;P2;P4;P6;P8;P10;PO8;PO4;O2,average,,10-10,n/a,,BioSemi,,"University of Oslo, Dept. of Psychology",sub-047_ses-t2_task-resteyesc_eeg.edf,.edf,/mnt/datasets_v7/gokul/EEGData/ds003775/sub-047/ses-t2/eeg/sub-047_ses-t2_task-resteyesc_eeg.edf,/mnt/datasets_v7/gokul/EEGData/ds003775/sub-047/ses-t2,/mnt/datasets_v7/gokul/EEGData/ds003775/sub-047/ses-t2/eeg/sub-047_ses-t2_task-resteyesc_eeg.json,/mnt/datasets_v7/gokul/EEGData/ds003775/sub-047/ses-t2/eeg/sub-047_ses-t2_task-resteyesc_channels.tsv,2026-06-14T16:25:47
0065,sub-048,ds003775,sub-048,ses-t1,1,,52,F,control,24,17,52,46,8,9,6,23,9,13,14,1,11,15,62,43,39,100,68,69,24,resteyesc,resteyesc,Resting-state data extracted from an experimental evoked potential paradigm.,closed,2017-09-19T17:38:30,1024.0,50,240.0,245760,continuous,64,64,0,EEG:64,uV:64,Fp1;AF7;AF3;F1;F3;F5;F7;FT7;FC5;FC3;FC1;C1;C3;C5;T7;TP7;CP5;CP3;CP1;P1;P3;P5;P7;P9;PO7;PO3;O1;Iz;Oz;POz;Pz;CPz;Fpz;Fp2;AF8;AF4;AFz;Fz;F2;F4;F6;F8;FT8;FC6;FC4;FC2;FCz;Cz;C2;C4;C6;T8;TP8;CP6;CP4;CP2;P2;P4;P6;P8;P10;PO8;PO4;O2,average,,10-10,n/a,,BioSemi,,"University of Oslo, Dept. of Psychology",sub-048_ses-t1_task-resteyesc_eeg.edf,.edf,/mnt/datasets_v7/gokul/EEGData/ds003775/sub-048/ses-t1/eeg/sub-048_ses-t1_task-resteyesc_eeg.edf,/mnt/datasets_v7/gokul/EEGData/ds003775/sub-048/ses-t1,/mnt/datasets_v7/gokul/EEGData/ds003775/sub-048/ses-t1/eeg/sub-048_ses-t1_task-resteyesc_eeg.json,/mnt/datasets_v7/gokul/EEGData/ds003775/sub-048/ses-t1/eeg/sub-048_ses-t1_task-resteyesc_channels.tsv,2026-06-14T16:25:47
0066,sub-048,ds003775,sub-048,ses-t2,2,,52,F,control,24,17,52,46,8,9,6,23,9,13,14,1,11,15,62,43,39,100,68,69,24,resteyesc,resteyesc,Resting-state data extracted from an experimental evoked potential paradigm.,closed,2018-09-18T17:02:46,1024.0,50,240.0,245760,continuous,64,64,0,EEG:64,uV:64,Fp1;AF7;AF3;F1;F3;F5;F7;FT7;FC5;FC3;FC1;C1;C3;C5;T7;TP7;CP5;CP3;CP1;P1;P3;P5;P7;P9;PO7;PO3;O1;Iz;Oz;POz;Pz;CPz;Fpz;Fp2;AF8;AF4;AFz;Fz;F2;F4;F6;F8;FT8;FC6;FC4;FC2;FCz;Cz;C2;C4;C6;T8;TP8;CP6;CP4;CP2;P2;P4;P6;P8;P10;PO8;PO4;O2,average,,10-10,n/a,,BioSemi,,"University of Oslo, Dept. of Psychology",sub-048_ses-t2_task-resteyesc_eeg.edf,.edf,/mnt/datasets_v7/gokul/EEGData/ds003775/sub-048/ses-t2/eeg/sub-048_ses-t2_task-resteyesc_eeg.edf,/mnt/datasets_v7/gokul/EEGData/ds003775/sub-048/ses-t2,/mnt/datasets_v7/gokul/EEGData/ds003775/sub-048/ses-t2/eeg/sub-048_ses-t2_task-resteyesc_eeg.json,/mnt/datasets_v7/gokul/EEGData/ds003775/sub-048/ses-t2/eeg/sub-048_ses-t2_task-resteyesc_channels.tsv,2026-06-14T16:25:47
0067,sub-049,ds003775,sub-049,ses-t1,1,,30,M,control,25,19,42,48,10,11,10,31,9,14,12,0,13,14,60,21,29,50,71,66,16,resteyesc,resteyesc,Resting-state data extracted from an experimental evoked potential paradigm.,closed,2017-05-09T17:36:26,1024.0,50,240.0,245760,continuous,64,64,0,EEG:64,uV:64,Fp1;AF7;AF3;F1;F3;F5;F7;FT7;FC5;FC3;FC1;C1;C3;C5;T7;TP7;CP5;CP3;CP1;P1;P3;P5;P7;P9;PO7;PO3;O1;Iz;Oz;POz;Pz;CPz;Fpz;Fp2;AF8;AF4;AFz;Fz;F2;F4;F6;F8;FT8;FC6;FC4;FC2;FCz;Cz;C2;C4;C6;T8;TP8;CP6;CP4;CP2;P2;P4;P6;P8;P10;PO8;PO4;O2,average,,10-10,n/a,,BioSemi,,"University of Oslo, Dept. of Psychology",sub-049_ses-t1_task-resteyesc_eeg.edf,.edf,/mnt/datasets_v7/gokul/EEGData/ds003775/sub-049/ses-t1/eeg/sub-049_ses-t1_task-resteyesc_eeg.edf,/mnt/datasets_v7/gokul/EEGData/ds003775/sub-049/ses-t1,/mnt/datasets_v7/gokul/EEGData/ds003775/sub-049/ses-t1/eeg/sub-049_ses-t1_task-resteyesc_eeg.json,/mnt/datasets_v7/gokul/EEGData/ds003775/sub-049/ses-t1/eeg/sub-049_ses-t1_task-resteyesc_channels.tsv,2026-06-14T16:25:47
0068,sub-050,ds003775,sub-050,ses-t1,1,,46,F,control,30,19,45,54,7,8,9,24,9,14,12,1,13,14,62,75,57,89,42,43,19,resteyesc,resteyesc,Resting-state data extracted from an experimental evoked potential paradigm.,closed,2017-12-18T17:39:38,1024.0,50,240.0,245760,continuous,64,64,0,EEG:64,uV:64,Fp1;AF7;AF3;F1;F3;F5;F7;FT7;FC5;FC3;FC1;C1;C3;C5;T7;TP7;CP5;CP3;CP1;P1;P3;P5;P7;P9;PO7;PO3;O1;Iz;Oz;POz;Pz;CPz;Fpz;Fp2;AF8;AF4;AFz;Fz;F2;F4;F6;F8;FT8;FC6;FC4;FC2;FCz;Cz;C2;C4;C6;T8;TP8;CP6;CP4;CP2;P2;P4;P6;P8;P10;PO8;PO4;O2,average,,10-10,n/a,,BioSemi,,"University of Oslo, Dept. of Psychology",sub-050_ses-t1_task-resteyesc_eeg.edf,.edf,/mnt/datasets_v7/gokul/EEGData/ds003775/sub-050/ses-t1/eeg/sub-050_ses-t1_task-resteyesc_eeg.edf,/mnt/datasets_v7/gokul/EEGData/ds003775/sub-050/ses-t1,/mnt/datasets_v7/gokul/EEGData/ds003775/sub-050/ses-t1/eeg/sub-050_ses-t1_task-resteyesc_eeg.json,/mnt/datasets_v7/gokul/EEGData/ds003775/sub-050/ses-t1/eeg/sub-050_ses-t1_task-resteyesc_channels.tsv,2026-06-14T16:25:47
0069,sub-051,ds003775,sub-051,ses-t1,1,,19,F,control,29,19,42,55,10,9,9,28,13,15,15,0,15,15,71,15,18,52,43,36,12,resteyesc,resteyesc,Resting-state data extracted from an experimental evoked potential paradigm.,closed,2017-09-21T13:33:16,1024.0,50,240.0,245760,continuous,64,64,0,EEG:64,uV:64,Fp1;AF7;AF3;F1;F3;F5;F7;FT7;FC5;FC3;FC1;C1;C3;C5;T7;TP7;CP5;CP3;CP1;P1;P3;P5;P7;P9;PO7;PO3;O1;Iz;Oz;POz;Pz;CPz;Fpz;Fp2;AF8;AF4;AFz;Fz;F2;F4;F6;F8;FT8;FC6;FC4;FC2;FCz;Cz;C2;C4;C6;T8;TP8;CP6;CP4;CP2;P2;P4;P6;P8;P10;PO8;PO4;O2,average,,10-10,n/a,,BioSemi,,"University of Oslo, Dept. of Psychology",sub-051_ses-t1_task-resteyesc_eeg.edf,.edf,/mnt/datasets_v7/gokul/EEGData/ds003775/sub-051/ses-t1/eeg/sub-051_ses-t1_task-resteyesc_eeg.edf,/mnt/datasets_v7/gokul/EEGData/ds003775/sub-051/ses-t1,/mnt/datasets_v7/gokul/EEGData/ds003775/sub-051/ses-t1/eeg/sub-051_ses-t1_task-resteyesc_eeg.json,/mnt/datasets_v7/gokul/EEGData/ds003775/sub-051/ses-t1/eeg/sub-051_ses-t1_task-resteyesc_channels.tsv,2026-06-14T16:25:47
0070,sub-051,ds003775,sub-051,ses-t2,2,,19,F,control,29,19,42,55,10,9,9,28,13,15,15,0,15,15,71,15,18,52,43,36,12,resteyesc,resteyesc,Resting-state data extracted from an experimental evoked potential paradigm.,closed,2018-09-28T13:59:28,1024.0,50,240.0,245760,continuous,64,64,0,EEG:64,uV:64,Fp1;AF7;AF3;F1;F3;F5;F7;FT7;FC5;FC3;FC1;C1;C3;C5;T7;TP7;CP5;CP3;CP1;P1;P3;P5;P7;P9;PO7;PO3;O1;Iz;Oz;POz;Pz;CPz;Fpz;Fp2;AF8;AF4;AFz;Fz;F2;F4;F6;F8;FT8;FC6;FC4;FC2;FCz;Cz;C2;C4;C6;T8;TP8;CP6;CP4;CP2;P2;P4;P6;P8;P10;PO8;PO4;O2,average,,10-10,n/a,,BioSemi,,"University of Oslo, Dept. of Psychology",sub-051_ses-t2_task-resteyesc_eeg.edf,.edf,/mnt/datasets_v7/gokul/EEGData/ds003775/sub-051/ses-t2/eeg/sub-051_ses-t2_task-resteyesc_eeg.edf,/mnt/datasets_v7/gokul/EEGData/ds003775/sub-051/ses-t2,/mnt/datasets_v7/gokul/EEGData/ds003775/sub-051/ses-t2/eeg/sub-051_ses-t2_task-resteyesc_eeg.json,/mnt/datasets_v7/gokul/EEGData/ds003775/sub-051/ses-t2/eeg/sub-051_ses-t2_task-resteyesc_channels.tsv,2026-06-14T16:25:47
0071,sub-052,ds003775,sub-052,ses-t1,1,,32,M,control,28,24,73,76,10,12,12,34,12,15,14,0,14,15,71,60,46,73,33,52,14,resteyesc,resteyesc,Resting-state data extracted from an experimental evoked potential paradigm.,closed,2017-07-06T17:02:48,1024.0,50,240.0,245760,continuous,64,64,0,EEG:64,uV:64,Fp1;AF7;AF3;F1;F3;F5;F7;FT7;FC5;FC3;FC1;C1;C3;C5;T7;TP7;CP5;CP3;CP1;P1;P3;P5;P7;P9;PO7;PO3;O1;Iz;Oz;POz;Pz;CPz;Fpz;Fp2;AF8;AF4;AFz;Fz;F2;F4;F6;F8;FT8;FC6;FC4;FC2;FCz;Cz;C2;C4;C6;T8;TP8;CP6;CP4;CP2;P2;P4;P6;P8;P10;PO8;PO4;O2,average,,10-10,n/a,,BioSemi,,"University of Oslo, Dept. of Psychology",sub-052_ses-t1_task-resteyesc_eeg.edf,.edf,/mnt/datasets_v7/gokul/EEGData/ds003775/sub-052/ses-t1/eeg/sub-052_ses-t1_task-resteyesc_eeg.edf,/mnt/datasets_v7/gokul/EEGData/ds003775/sub-052/ses-t1,/mnt/datasets_v7/gokul/EEGData/ds003775/sub-052/ses-t1/eeg/sub-052_ses-t1_task-resteyesc_eeg.json,/mnt/datasets_v7/gokul/EEGData/ds003775/sub-052/ses-t1/eeg/sub-052_ses-t1_task-resteyesc_channels.tsv,2026-06-14T16:25:47
0072,sub-053,ds003775,sub-053,ses-t1,1,,39,M,control,23,17,38,48,6,9,14,29,11,15,15,1,14,15,70,22,11,33,80,56,20,resteyesc,resteyesc,Resting-state data extracted from an experimental evoked potential paradigm.,closed,2017-10-06T16:39:16,1024.0,50,240.0,245760,continuous,64,64,0,EEG:64,uV:64,Fp1;AF7;AF3;F1;F3;F5;F7;FT7;FC5;FC3;FC1;C1;C3;C5;T7;TP7;CP5;CP3;CP1;P1;P3;P5;P7;P9;PO7;PO3;O1;Iz;Oz;POz;Pz;CPz;Fpz;Fp2;AF8;AF4;AFz;Fz;F2;F4;F6;F8;FT8;FC6;FC4;FC2;FCz;Cz;C2;C4;C6;T8;TP8;CP6;CP4;CP2;P2;P4;P6;P8;P10;PO8;PO4;O2,average,,10-10,n/a,,BioSemi,,"University of Oslo, Dept. of Psychology",sub-053_ses-t1_task-resteyesc_eeg.edf,.edf,/mnt/datasets_v7/gokul/EEGData/ds003775/sub-053/ses-t1/eeg/sub-053_ses-t1_task-resteyesc_eeg.edf,/mnt/datasets_v7/gokul/EEGData/ds003775/sub-053/ses-t1,/mnt/datasets_v7/gokul/EEGData/ds003775/sub-053/ses-t1/eeg/sub-053_ses-t1_task-resteyesc_eeg.json,/mnt/datasets_v7/gokul/EEGData/ds003775/sub-053/ses-t1/eeg/sub-053_ses-t1_task-resteyesc_channels.tsv,2026-06-14T16:25:47
0073,sub-054,ds003775,sub-054,ses-t1,1,,65,F,control,29,20,44,58,7,10,8,25,4,14,10,0,13,15,50,35,51,125,48,55,12,resteyesc,resteyesc,Resting-state data extracted from an experimental evoked potential paradigm.,closed,2017-05-05T12:42:14,1024.0,50,240.0,245760,continuous,64,64,0,EEG:64,uV:64,Fp1;AF7;AF3;F1;F3;F5;F7;FT7;FC5;FC3;FC1;C1;C3;C5;T7;TP7;CP5;CP3;CP1;P1;P3;P5;P7;P9;PO7;PO3;O1;Iz;Oz;POz;Pz;CPz;Fpz;Fp2;AF8;AF4;AFz;Fz;F2;F4;F6;F8;FT8;FC6;FC4;FC2;FCz;Cz;C2;C4;C6;T8;TP8;CP6;CP4;CP2;P2;P4;P6;P8;P10;PO8;PO4;O2,average,,10-10,n/a,,BioSemi,,"University of Oslo, Dept. of Psychology",sub-054_ses-t1_task-resteyesc_eeg.edf,.edf,/mnt/datasets_v7/gokul/EEGData/ds003775/sub-054/ses-t1/eeg/sub-054_ses-t1_task-resteyesc_eeg.edf,/mnt/datasets_v7/gokul/EEGData/ds003775/sub-054/ses-t1,/mnt/datasets_v7/gokul/EEGData/ds003775/sub-054/ses-t1/eeg/sub-054_ses-t1_task-resteyesc_eeg.json,/mnt/datasets_v7/gokul/EEGData/ds003775/sub-054/ses-t1/eeg/sub-054_ses-t1_task-resteyesc_channels.tsv,2026-06-14T16:25:47
0074,sub-055,ds003775,sub-055,ses-t1,1,,35,M,control,23,20,33,53,10,11,11,32,6,10,6,1,5,14,43,17,17,60,61,60,18,resteyesc,resteyesc,Resting-state data extracted from an experimental evoked potential paradigm.,closed,2017-05-10T19:13:16,1024.0,50,240.0,245760,continuous,64,64,0,EEG:64,uV:64,Fp1;AF7;AF3;F1;F3;F5;F7;FT7;FC5;FC3;FC1;C1;C3;C5;T7;TP7;CP5;CP3;CP1;P1;P3;P5;P7;P9;PO7;PO3;O1;Iz;Oz;POz;Pz;CPz;Fpz;Fp2;AF8;AF4;AFz;Fz;F2;F4;F6;F8;FT8;FC6;FC4;FC2;FCz;Cz;C2;C4;C6;T8;TP8;CP6;CP4;CP2;P2;P4;P6;P8;P10;PO8;PO4;O2,average,,10-10,n/a,,BioSemi,,"University of Oslo, Dept. of Psychology",sub-055_ses-t1_task-resteyesc_eeg.edf,.edf,/mnt/datasets_v7/gokul/EEGData/ds003775/sub-055/ses-t1/eeg/sub-055_ses-t1_task-resteyesc_eeg.edf,/mnt/datasets_v7/gokul/EEGData/ds003775/sub-055/ses-t1,/mnt/datasets_v7/gokul/EEGData/ds003775/sub-055/ses-t1/eeg/sub-055_ses-t1_task-resteyesc_eeg.json,/mnt/datasets_v7/gokul/EEGData/ds003775/sub-055/ses-t1/eeg/sub-055_ses-t1_task-resteyesc_channels.tsv,2026-06-14T16:25:47
0075,sub-056,ds003775,sub-056,ses-t1,1,,58,F,control,28,23,52,54,9,7,8,24,6,15,11,0,13,15,50,29,28,127,29,56,13,resteyesc,resteyesc,Resting-state data extracted from an experimental evoked potential paradigm.,closed,2019-10-10T17:33:16,1024.0,50,240.0,245760,continuous,64,64,0,EEG:64,uV:64,Fp1;AF7;AF3;F1;F3;F5;F7;FT7;FC5;FC3;FC1;C1;C3;C5;T7;TP7;CP5;CP3;CP1;P1;P3;P5;P7;P9;PO7;PO3;O1;Iz;Oz;POz;Pz;CPz;Fpz;Fp2;AF8;AF4;AFz;Fz;F2;F4;F6;F8;FT8;FC6;FC4;FC2;FCz;Cz;C2;C4;C6;T8;TP8;CP6;CP4;CP2;P2;P4;P6;P8;P10;PO8;PO4;O2,average,,10-10,n/a,,BioSemi,,"University of Oslo, Dept. of Psychology",sub-056_ses-t1_task-resteyesc_eeg.edf,.edf,/mnt/datasets_v7/gokul/EEGData/ds003775/sub-056/ses-t1/eeg/sub-056_ses-t1_task-resteyesc_eeg.edf,/mnt/datasets_v7/gokul/EEGData/ds003775/sub-056/ses-t1,/mnt/datasets_v7/gokul/EEGData/ds003775/sub-056/ses-t1/eeg/sub-056_ses-t1_task-resteyesc_eeg.json,/mnt/datasets_v7/gokul/EEGData/ds003775/sub-056/ses-t1/eeg/sub-056_ses-t1_task-resteyesc_channels.tsv,2026-06-14T16:25:47
0076,sub-057,ds003775,sub-057,ses-t1,1,,50,F,control,26,14,42,54,9,9,10,28,10,14,15,0,15,15,65,20,23,31,65,88,17,resteyesc,resteyesc,Resting-state data extracted from an experimental evoked potential paradigm.,closed,2019-10-18T10:33:10,1024.0,50,240.0,245760,continuous,64,64,0,EEG:64,uV:64,Fp1;AF7;AF3;F1;F3;F5;F7;FT7;FC5;FC3;FC1;C1;C3;C5;T7;TP7;CP5;CP3;CP1;P1;P3;P5;P7;P9;PO7;PO3;O1;Iz;Oz;POz;Pz;CPz;Fpz;Fp2;AF8;AF4;AFz;Fz;F2;F4;F6;F8;FT8;FC6;FC4;FC2;FCz;Cz;C2;C4;C6;T8;TP8;CP6;CP4;CP2;P2;P4;P6;P8;P10;PO8;PO4;O2,average,,10-10,n/a,,BioSemi,,"University of Oslo, Dept. of Psychology",sub-057_ses-t1_task-resteyesc_eeg.edf,.edf,/mnt/datasets_v7/gokul/EEGData/ds003775/sub-057/ses-t1/eeg/sub-057_ses-t1_task-resteyesc_eeg.edf,/mnt/datasets_v7/gokul/EEGData/ds003775/sub-057/ses-t1,/mnt/datasets_v7/gokul/EEGData/ds003775/sub-057/ses-t1/eeg/sub-057_ses-t1_task-resteyesc_eeg.json,/mnt/datasets_v7/gokul/EEGData/ds003775/sub-057/ses-t1/eeg/sub-057_ses-t1_task-resteyesc_channels.tsv,2026-06-14T16:25:47
0077,sub-058,ds003775,sub-058,ses-t1,1,,44,M,control,20,21,35,48,12,12,12,36,12,15,15,0,15,15,72,13,13,36,67,68,20,resteyesc,resteyesc,Resting-state data extracted from an experimental evoked potential paradigm.,closed,2017-11-16T10:33:08,1024.0,50,240.0,245760,continuous,64,64,0,EEG:64,uV:64,Fp1;AF7;AF3;F1;F3;F5;F7;FT7;FC5;FC3;FC1;C1;C3;C5;T7;TP7;CP5;CP3;CP1;P1;P3;P5;P7;P9;PO7;PO3;O1;Iz;Oz;POz;Pz;CPz;Fpz;Fp2;AF8;AF4;AFz;Fz;F2;F4;F6;F8;FT8;FC6;FC4;FC2;FCz;Cz;C2;C4;C6;T8;TP8;CP6;CP4;CP2;P2;P4;P6;P8;P10;PO8;PO4;O2,average,,10-10,n/a,,BioSemi,,"University of Oslo, Dept. of Psychology",sub-058_ses-t1_task-resteyesc_eeg.edf,.edf,/mnt/datasets_v7/gokul/EEGData/ds003775/sub-058/ses-t1/eeg/sub-058_ses-t1_task-resteyesc_eeg.edf,/mnt/datasets_v7/gokul/EEGData/ds003775/sub-058/ses-t1,/mnt/datasets_v7/gokul/EEGData/ds003775/sub-058/ses-t1/eeg/sub-058_ses-t1_task-resteyesc_eeg.json,/mnt/datasets_v7/gokul/EEGData/ds003775/sub-058/ses-t1/eeg/sub-058_ses-t1_task-resteyesc_channels.tsv,2026-06-14T16:25:47
0078,sub-058,ds003775,sub-058,ses-t2,2,,44,M,control,20,21,35,48,12,12,12,36,12,15,15,0,15,15,72,13,13,36,67,68,20,resteyesc,resteyesc,Resting-state data extracted from an experimental evoked potential paradigm.,closed,2018-03-02T10:36:10,1024.0,50,240.0,245760,continuous,64,64,0,EEG:64,uV:64,Fp1;AF7;AF3;F1;F3;F5;F7;FT7;FC5;FC3;FC1;C1;C3;C5;T7;TP7;CP5;CP3;CP1;P1;P3;P5;P7;P9;PO7;PO3;O1;Iz;Oz;POz;Pz;CPz;Fpz;Fp2;AF8;AF4;AFz;Fz;F2;F4;F6;F8;FT8;FC6;FC4;FC2;FCz;Cz;C2;C4;C6;T8;TP8;CP6;CP4;CP2;P2;P4;P6;P8;P10;PO8;PO4;O2,average,,10-10,n/a,,BioSemi,,"University of Oslo, Dept. of Psychology",sub-058_ses-t2_task-resteyesc_eeg.edf,.edf,/mnt/datasets_v7/gokul/EEGData/ds003775/sub-058/ses-t2/eeg/sub-058_ses-t2_task-resteyesc_eeg.edf,/mnt/datasets_v7/gokul/EEGData/ds003775/sub-058/ses-t2,/mnt/datasets_v7/gokul/EEGData/ds003775/sub-058/ses-t2/eeg/sub-058_ses-t2_task-resteyesc_eeg.json,/mnt/datasets_v7/gokul/EEGData/ds003775/sub-058/ses-t2/eeg/sub-058_ses-t2_task-resteyesc_channels.tsv,2026-06-14T16:25:47
0079,sub-059,ds003775,sub-059,ses-t1,1,,23,F,control,26,21,40,48,10,10,12,32,10,15,17,0,14,14,66,37,36,75,64,58,18,resteyesc,resteyesc,Resting-state data extracted from an experimental evoked potential paradigm.,closed,2017-04-26T14:06:18,1024.0,50,240.0,245760,continuous,64,64,0,EEG:64,uV:64,Fp1;AF7;AF3;F1;F3;F5;F7;FT7;FC5;FC3;FC1;C1;C3;C5;T7;TP7;CP5;CP3;CP1;P1;P3;P5;P7;P9;PO7;PO3;O1;Iz;Oz;POz;Pz;CPz;Fpz;Fp2;AF8;AF4;AFz;Fz;F2;F4;F6;F8;FT8;FC6;FC4;FC2;FCz;Cz;C2;C4;C6;T8;TP8;CP6;CP4;CP2;P2;P4;P6;P8;P10;PO8;PO4;O2,average,,10-10,n/a,,BioSemi,,"University of Oslo, Dept. of Psychology",sub-059_ses-t1_task-resteyesc_eeg.edf,.edf,/mnt/datasets_v7/gokul/EEGData/ds003775/sub-059/ses-t1/eeg/sub-059_ses-t1_task-resteyesc_eeg.edf,/mnt/datasets_v7/gokul/EEGData/ds003775/sub-059/ses-t1,/mnt/datasets_v7/gokul/EEGData/ds003775/sub-059/ses-t1/eeg/sub-059_ses-t1_task-resteyesc_eeg.json,/mnt/datasets_v7/gokul/EEGData/ds003775/sub-059/ses-t1/eeg/sub-059_ses-t1_task-resteyesc_channels.tsv,2026-06-14T16:25:47
0080,sub-060,ds003775,sub-060,ses-t1,1,,24,F,control,36,26,56,70,8,9,7,24,7,12,8,0,9,14,52,36,36,75,26,38,13,resteyesc,resteyesc,Resting-state data extracted from an experimental evoked potential paradigm.,closed,2017-07-03T11:04:56,1024.0,50,240.0,245760,continuous,64,64,0,EEG:64,uV:64,Fp1;AF7;AF3;F1;F3;F5;F7;FT7;FC5;FC3;FC1;C1;C3;C5;T7;TP7;CP5;CP3;CP1;P1;P3;P5;P7;P9;PO7;PO3;O1;Iz;Oz;POz;Pz;CPz;Fpz;Fp2;AF8;AF4;AFz;Fz;F2;F4;F6;F8;FT8;FC6;FC4;FC2;FCz;Cz;C2;C4;C6;T8;TP8;CP6;CP4;CP2;P2;P4;P6;P8;P10;PO8;PO4;O2,average,,10-10,n/a,,BioSemi,,"University of Oslo, Dept. of Psychology",sub-060_ses-t1_task-resteyesc_eeg.edf,.edf,/mnt/datasets_v7/gokul/EEGData/ds003775/sub-060/ses-t1/eeg/sub-060_ses-t1_task-resteyesc_eeg.edf,/mnt/datasets_v7/gokul/EEGData/ds003775/sub-060/ses-t1,/mnt/datasets_v7/gokul/EEGData/ds003775/sub-060/ses-t1/eeg/sub-060_ses-t1_task-resteyesc_eeg.json,/mnt/datasets_v7/gokul/EEGData/ds003775/sub-060/ses-t1/eeg/sub-060_ses-t1_task-resteyesc_channels.tsv,2026-06-14T16:25:47
0081,sub-060,ds003775,sub-060,ses-t2,2,,24,F,control,36,26,56,70,8,9,7,24,7,12,8,0,9,14,52,36,36,75,26,38,13,resteyesc,resteyesc,Resting-state data extracted from an experimental evoked potential paradigm.,closed,2018-07-09T13:31:28,1024.0,50,240.0,245760,continuous,64,64,0,EEG:64,uV:64,Fp1;AF7;AF3;F1;F3;F5;F7;FT7;FC5;FC3;FC1;C1;C3;C5;T7;TP7;CP5;CP3;CP1;P1;P3;P5;P7;P9;PO7;PO3;O1;Iz;Oz;POz;Pz;CPz;Fpz;Fp2;AF8;AF4;AFz;Fz;F2;F4;F6;F8;FT8;FC6;FC4;FC2;FCz;Cz;C2;C4;C6;T8;TP8;CP6;CP4;CP2;P2;P4;P6;P8;P10;PO8;PO4;O2,average,,10-10,n/a,,BioSemi,,"University of Oslo, Dept. of Psychology",sub-060_ses-t2_task-resteyesc_eeg.edf,.edf,/mnt/datasets_v7/gokul/EEGData/ds003775/sub-060/ses-t2/eeg/sub-060_ses-t2_task-resteyesc_eeg.edf,/mnt/datasets_v7/gokul/EEGData/ds003775/sub-060/ses-t2,/mnt/datasets_v7/gokul/EEGData/ds003775/sub-060/ses-t2/eeg/sub-060_ses-t2_task-resteyesc_eeg.json,/mnt/datasets_v7/gokul/EEGData/ds003775/sub-060/ses-t2/eeg/sub-060_ses-t2_task-resteyesc_channels.tsv,2026-06-14T16:25:47
0082,sub-061,ds003775,sub-061,ses-t1,1,,64,F,control,35,25,58,63,8,7,8,23,8,14,15,0,13,15,63,46,38,81,60,57,18,resteyesc,resteyesc,Resting-state data extracted from an experimental evoked potential paradigm.,closed,2017-09-14T10:41:44,1024.0,50,240.0,245760,continuous,64,64,0,EEG:64,uV:64,Fp1;AF7;AF3;F1;F3;F5;F7;FT7;FC5;FC3;FC1;C1;C3;C5;T7;TP7;CP5;CP3;CP1;P1;P3;P5;P7;P9;PO7;PO3;O1;Iz;Oz;POz;Pz;CPz;Fpz;Fp2;AF8;AF4;AFz;Fz;F2;F4;F6;F8;FT8;FC6;FC4;FC2;FCz;Cz;C2;C4;C6;T8;TP8;CP6;CP4;CP2;P2;P4;P6;P8;P10;PO8;PO4;O2,average,,10-10,n/a,,BioSemi,,"University of Oslo, Dept. of Psychology",sub-061_ses-t1_task-resteyesc_eeg.edf,.edf,/mnt/datasets_v7/gokul/EEGData/ds003775/sub-061/ses-t1/eeg/sub-061_ses-t1_task-resteyesc_eeg.edf,/mnt/datasets_v7/gokul/EEGData/ds003775/sub-061/ses-t1,/mnt/datasets_v7/gokul/EEGData/ds003775/sub-061/ses-t1/eeg/sub-061_ses-t1_task-resteyesc_eeg.json,/mnt/datasets_v7/gokul/EEGData/ds003775/sub-061/ses-t1/eeg/sub-061_ses-t1_task-resteyesc_channels.tsv,2026-06-14T16:25:47
0083,sub-062,ds003775,sub-062,ses-t1,1,,32,F,control,25,14,38,37,10,11,15,36,12,15,15,0,15,15,71,33,26,53,51,76,22,resteyesc,resteyesc,Resting-state data extracted from an experimental evoked potential paradigm.,closed,2018-01-26T11:43:38,1024.0,50,240.0,245760,continuous,64,64,0,EEG:64,uV:64,Fp1;AF7;AF3;F1;F3;F5;F7;FT7;FC5;FC3;FC1;C1;C3;C5;T7;TP7;CP5;CP3;CP1;P1;P3;P5;P7;P9;PO7;PO3;O1;Iz;Oz;POz;Pz;CPz;Fpz;Fp2;AF8;AF4;AFz;Fz;F2;F4;F6;F8;FT8;FC6;FC4;FC2;FCz;Cz;C2;C4;C6;T8;TP8;CP6;CP4;CP2;P2;P4;P6;P8;P10;PO8;PO4;O2,average,,10-10,n/a,,BioSemi,,"University of Oslo, Dept. of Psychology",sub-062_ses-t1_task-resteyesc_eeg.edf,.edf,/mnt/datasets_v7/gokul/EEGData/ds003775/sub-062/ses-t1/eeg/sub-062_ses-t1_task-resteyesc_eeg.edf,/mnt/datasets_v7/gokul/EEGData/ds003775/sub-062/ses-t1,/mnt/datasets_v7/gokul/EEGData/ds003775/sub-062/ses-t1/eeg/sub-062_ses-t1_task-resteyesc_eeg.json,/mnt/datasets_v7/gokul/EEGData/ds003775/sub-062/ses-t1/eeg/sub-062_ses-t1_task-resteyesc_channels.tsv,2026-06-14T16:25:47
0084,sub-063,ds003775,sub-063,ses-t1,1,,25,F,control,22,19,38,41,9,8,10,27,11,15,15,0,15,15,70,30,18,38,58,69,17,resteyesc,resteyesc,Resting-state data extracted from an experimental evoked potential paradigm.,closed,2017-04-24T13:08:14,1024.0,50,240.0,245760,continuous,64,64,0,EEG:64,uV:64,Fp1;AF7;AF3;F1;F3;F5;F7;FT7;FC5;FC3;FC1;C1;C3;C5;T7;TP7;CP5;CP3;CP1;P1;P3;P5;P7;P9;PO7;PO3;O1;Iz;Oz;POz;Pz;CPz;Fpz;Fp2;AF8;AF4;AFz;Fz;F2;F4;F6;F8;FT8;FC6;FC4;FC2;FCz;Cz;C2;C4;C6;T8;TP8;CP6;CP4;CP2;P2;P4;P6;P8;P10;PO8;PO4;O2,average,,10-10,n/a,,BioSemi,,"University of Oslo, Dept. of Psychology",sub-063_ses-t1_task-resteyesc_eeg.edf,.edf,/mnt/datasets_v7/gokul/EEGData/ds003775/sub-063/ses-t1/eeg/sub-063_ses-t1_task-resteyesc_eeg.edf,/mnt/datasets_v7/gokul/EEGData/ds003775/sub-063/ses-t1,/mnt/datasets_v7/gokul/EEGData/ds003775/sub-063/ses-t1/eeg/sub-063_ses-t1_task-resteyesc_eeg.json,/mnt/datasets_v7/gokul/EEGData/ds003775/sub-063/ses-t1/eeg/sub-063_ses-t1_task-resteyesc_channels.tsv,2026-06-14T16:25:47
0085,sub-064,ds003775,sub-064,ses-t1,1,,39,M,control,25,19,53,60,10,7,8,25,6,13,12,0,11,14,52,27,28,75,39,48,14,resteyesc,resteyesc,Resting-state data extracted from an experimental evoked potential paradigm.,closed,2017-04-25T10:41:16,1024.0,50,240.0,245760,continuous,64,64,0,EEG:64,uV:64,Fp1;AF7;AF3;F1;F3;F5;F7;FT7;FC5;FC3;FC1;C1;C3;C5;T7;TP7;CP5;CP3;CP1;P1;P3;P5;P7;P9;PO7;PO3;O1;Iz;Oz;POz;Pz;CPz;Fpz;Fp2;AF8;AF4;AFz;Fz;F2;F4;F6;F8;FT8;FC6;FC4;FC2;FCz;Cz;C2;C4;C6;T8;TP8;CP6;CP4;CP2;P2;P4;P6;P8;P10;PO8;PO4;O2,average,,10-10,n/a,,BioSemi,,"University of Oslo, Dept. of Psychology",sub-064_ses-t1_task-resteyesc_eeg.edf,.edf,/mnt/datasets_v7/gokul/EEGData/ds003775/sub-064/ses-t1/eeg/sub-064_ses-t1_task-resteyesc_eeg.edf,/mnt/datasets_v7/gokul/EEGData/ds003775/sub-064/ses-t1,/mnt/datasets_v7/gokul/EEGData/ds003775/sub-064/ses-t1/eeg/sub-064_ses-t1_task-resteyesc_eeg.json,/mnt/datasets_v7/gokul/EEGData/ds003775/sub-064/ses-t1/eeg/sub-064_ses-t1_task-resteyesc_channels.tsv,2026-06-14T16:25:47
0086,sub-064,ds003775,sub-064,ses-t2,2,,39,M,control,25,19,53,60,10,7,8,25,6,13,12,0,11,14,52,27,28,75,39,48,14,resteyesc,resteyesc,Resting-state data extracted from an experimental evoked potential paradigm.,closed,2017-06-21T10:35:00,1024.0,50,240.0,245760,continuous,64,64,0,EEG:64,uV:64,Fp1;AF7;AF3;F1;F3;F5;F7;FT7;FC5;FC3;FC1;C1;C3;C5;T7;TP7;CP5;CP3;CP1;P1;P3;P5;P7;P9;PO7;PO3;O1;Iz;Oz;POz;Pz;CPz;Fpz;Fp2;AF8;AF4;AFz;Fz;F2;F4;F6;F8;FT8;FC6;FC4;FC2;FCz;Cz;C2;C4;C6;T8;TP8;CP6;CP4;CP2;P2;P4;P6;P8;P10;PO8;PO4;O2,average,,10-10,n/a,,BioSemi,,"University of Oslo, Dept. of Psychology",sub-064_ses-t2_task-resteyesc_eeg.edf,.edf,/mnt/datasets_v7/gokul/EEGData/ds003775/sub-064/ses-t2/eeg/sub-064_ses-t2_task-resteyesc_eeg.edf,/mnt/datasets_v7/gokul/EEGData/ds003775/sub-064/ses-t2,/mnt/datasets_v7/gokul/EEGData/ds003775/sub-064/ses-t2/eeg/sub-064_ses-t2_task-resteyesc_eeg.json,/mnt/datasets_v7/gokul/EEGData/ds003775/sub-064/ses-t2/eeg/sub-064_ses-t2_task-resteyesc_channels.tsv,2026-06-14T16:25:47
0087,sub-065,ds003775,sub-065,ses-t1,1,,27,M,control,23,19,32,41,14,11,13,38,8,13,13,0,13,14,61,29,32,44,69,84,20,resteyesc,resteyesc,Resting-state data extracted from an experimental evoked potential paradigm.,closed,2017-05-29T12:36:38,1024.0,50,240.0,245760,continuous,64,64,0,EEG:64,uV:64,Fp1;AF7;AF3;F1;F3;F5;F7;FT7;FC5;FC3;FC1;C1;C3;C5;T7;TP7;CP5;CP3;CP1;P1;P3;P5;P7;P9;PO7;PO3;O1;Iz;Oz;POz;Pz;CPz;Fpz;Fp2;AF8;AF4;AFz;Fz;F2;F4;F6;F8;FT8;FC6;FC4;FC2;FCz;Cz;C2;C4;C6;T8;TP8;CP6;CP4;CP2;P2;P4;P6;P8;P10;PO8;PO4;O2,average,,10-10,n/a,,BioSemi,,"University of Oslo, Dept. of Psychology",sub-065_ses-t1_task-resteyesc_eeg.edf,.edf,/mnt/datasets_v7/gokul/EEGData/ds003775/sub-065/ses-t1/eeg/sub-065_ses-t1_task-resteyesc_eeg.edf,/mnt/datasets_v7/gokul/EEGData/ds003775/sub-065/ses-t1,/mnt/datasets_v7/gokul/EEGData/ds003775/sub-065/ses-t1/eeg/sub-065_ses-t1_task-resteyesc_eeg.json,/mnt/datasets_v7/gokul/EEGData/ds003775/sub-065/ses-t1/eeg/sub-065_ses-t1_task-resteyesc_channels.tsv,2026-06-14T16:25:47
0088,sub-066,ds003775,sub-066,ses-t1,1,,19,F,control,27,21,46,47,7,8,10,25,9,15,15,0,15,15,68,38,29,45,51,51,16,resteyesc,resteyesc,Resting-state data extracted from an experimental evoked potential paradigm.,closed,2017-12-01T10:33:52,1024.0,50,240.0,245760,continuous,64,64,0,EEG:64,uV:64,Fp1;AF7;AF3;F1;F3;F5;F7;FT7;FC5;FC3;FC1;C1;C3;C5;T7;TP7;CP5;CP3;CP1;P1;P3;P5;P7;P9;PO7;PO3;O1;Iz;Oz;POz;Pz;CPz;Fpz;Fp2;AF8;AF4;AFz;Fz;F2;F4;F6;F8;FT8;FC6;FC4;FC2;FCz;Cz;C2;C4;C6;T8;TP8;CP6;CP4;CP2;P2;P4;P6;P8;P10;PO8;PO4;O2,average,,10-10,n/a,,BioSemi,,"University of Oslo, Dept. of Psychology",sub-066_ses-t1_task-resteyesc_eeg.edf,.edf,/mnt/datasets_v7/gokul/EEGData/ds003775/sub-066/ses-t1/eeg/sub-066_ses-t1_task-resteyesc_eeg.edf,/mnt/datasets_v7/gokul/EEGData/ds003775/sub-066/ses-t1,/mnt/datasets_v7/gokul/EEGData/ds003775/sub-066/ses-t1/eeg/sub-066_ses-t1_task-resteyesc_eeg.json,/mnt/datasets_v7/gokul/EEGData/ds003775/sub-066/ses-t1/eeg/sub-066_ses-t1_task-resteyesc_channels.tsv,2026-06-14T16:25:47
0089,sub-067,ds003775,sub-067,ses-t1,1,,42,M,control,31,20,52,43,11,12,10,33,7,10,5,3,6,12,45,35,23,107,46,40,16,resteyesc,resteyesc,Resting-state data extracted from an experimental evoked potential paradigm.,closed,2017-12-08T10:42:24,1024.0,50,240.0,245760,continuous,64,64,0,EEG:64,uV:64,Fp1;AF7;AF3;F1;F3;F5;F7;FT7;FC5;FC3;FC1;C1;C3;C5;T7;TP7;CP5;CP3;CP1;P1;P3;P5;P7;P9;PO7;PO3;O1;Iz;Oz;POz;Pz;CPz;Fpz;Fp2;AF8;AF4;AFz;Fz;F2;F4;F6;F8;FT8;FC6;FC4;FC2;FCz;Cz;C2;C4;C6;T8;TP8;CP6;CP4;CP2;P2;P4;P6;P8;P10;PO8;PO4;O2,average,,10-10,n/a,,BioSemi,,"University of Oslo, Dept. of Psychology",sub-067_ses-t1_task-resteyesc_eeg.edf,.edf,/mnt/datasets_v7/gokul/EEGData/ds003775/sub-067/ses-t1/eeg/sub-067_ses-t1_task-resteyesc_eeg.edf,/mnt/datasets_v7/gokul/EEGData/ds003775/sub-067/ses-t1,/mnt/datasets_v7/gokul/EEGData/ds003775/sub-067/ses-t1/eeg/sub-067_ses-t1_task-resteyesc_eeg.json,/mnt/datasets_v7/gokul/EEGData/ds003775/sub-067/ses-t1/eeg/sub-067_ses-t1_task-resteyesc_channels.tsv,2026-06-14T16:25:47
0090,sub-068,ds003775,sub-068,ses-t1,1,,33,F,control,25,18,44,44,10,12,12,34,10,14,15,0,15,15,67,17,16,34,61,60,20,resteyesc,resteyesc,Resting-state data extracted from an experimental evoked potential paradigm.,closed,2017-11-29T11:37:20,1024.0,50,240.0,245760,continuous,64,64,0,EEG:64,uV:64,Fp1;AF7;AF3;F1;F3;F5;F7;FT7;FC5;FC3;FC1;C1;C3;C5;T7;TP7;CP5;CP3;CP1;P1;P3;P5;P7;P9;PO7;PO3;O1;Iz;Oz;POz;Pz;CPz;Fpz;Fp2;AF8;AF4;AFz;Fz;F2;F4;F6;F8;FT8;FC6;FC4;FC2;FCz;Cz;C2;C4;C6;T8;TP8;CP6;CP4;CP2;P2;P4;P6;P8;P10;PO8;PO4;O2,average,,10-10,n/a,,BioSemi,,"University of Oslo, Dept. of Psychology",sub-068_ses-t1_task-resteyesc_eeg.edf,.edf,/mnt/datasets_v7/gokul/EEGData/ds003775/sub-068/ses-t1/eeg/sub-068_ses-t1_task-resteyesc_eeg.edf,/mnt/datasets_v7/gokul/EEGData/ds003775/sub-068/ses-t1,/mnt/datasets_v7/gokul/EEGData/ds003775/sub-068/ses-t1/eeg/sub-068_ses-t1_task-resteyesc_eeg.json,/mnt/datasets_v7/gokul/EEGData/ds003775/sub-068/ses-t1/eeg/sub-068_ses-t1_task-resteyesc_channels.tsv,2026-06-14T16:25:47
0091,sub-068,ds003775,sub-068,ses-t2,2,,33,F,control,25,18,44,44,10,12,12,34,10,14,15,0,15,15,67,17,16,34,61,60,20,resteyesc,resteyesc,Resting-state data extracted from an experimental evoked potential paradigm.,closed,2018-12-12T13:21:48,1024.0,50,240.0,245760,continuous,64,64,0,EEG:64,uV:64,Fp1;AF7;AF3;F1;F3;F5;F7;FT7;FC5;FC3;FC1;C1;C3;C5;T7;TP7;CP5;CP3;CP1;P1;P3;P5;P7;P9;PO7;PO3;O1;Iz;Oz;POz;Pz;CPz;Fpz;Fp2;AF8;AF4;AFz;Fz;F2;F4;F6;F8;FT8;FC6;FC4;FC2;FCz;Cz;C2;C4;C6;T8;TP8;CP6;CP4;CP2;P2;P4;P6;P8;P10;PO8;PO4;O2,average,,10-10,n/a,,BioSemi,,"University of Oslo, Dept. of Psychology",sub-068_ses-t2_task-resteyesc_eeg.edf,.edf,/mnt/datasets_v7/gokul/EEGData/ds003775/sub-068/ses-t2/eeg/sub-068_ses-t2_task-resteyesc_eeg.edf,/mnt/datasets_v7/gokul/EEGData/ds003775/sub-068/ses-t2,/mnt/datasets_v7/gokul/EEGData/ds003775/sub-068/ses-t2/eeg/sub-068_ses-t2_task-resteyesc_eeg.json,/mnt/datasets_v7/gokul/EEGData/ds003775/sub-068/ses-t2/eeg/sub-068_ses-t2_task-resteyesc_channels.tsv,2026-06-14T16:25:47
0092,sub-069,ds003775,sub-069,ses-t1,1,,20,M,control,26,23,42,55,9,12,11,32,8,15,15,0,15,15,63,18,19,51,39,42,13,resteyesc,resteyesc,Resting-state data extracted from an experimental evoked potential paradigm.,closed,2017-10-17T10:33:20,1024.0,50,240.0,245760,continuous,64,64,0,EEG:64,uV:64,Fp1;AF7;AF3;F1;F3;F5;F7;FT7;FC5;FC3;FC1;C1;C3;C5;T7;TP7;CP5;CP3;CP1;P1;P3;P5;P7;P9;PO7;PO3;O1;Iz;Oz;POz;Pz;CPz;Fpz;Fp2;AF8;AF4;AFz;Fz;F2;F4;F6;F8;FT8;FC6;FC4;FC2;FCz;Cz;C2;C4;C6;T8;TP8;CP6;CP4;CP2;P2;P4;P6;P8;P10;PO8;PO4;O2,average,,10-10,n/a,,BioSemi,,"University of Oslo, Dept. of Psychology",sub-069_ses-t1_task-resteyesc_eeg.edf,.edf,/mnt/datasets_v7/gokul/EEGData/ds003775/sub-069/ses-t1/eeg/sub-069_ses-t1_task-resteyesc_eeg.edf,/mnt/datasets_v7/gokul/EEGData/ds003775/sub-069/ses-t1,/mnt/datasets_v7/gokul/EEGData/ds003775/sub-069/ses-t1/eeg/sub-069_ses-t1_task-resteyesc_eeg.json,/mnt/datasets_v7/gokul/EEGData/ds003775/sub-069/ses-t1/eeg/sub-069_ses-t1_task-resteyesc_channels.tsv,2026-06-14T16:25:47
0093,sub-069,ds003775,sub-069,ses-t2,2,,20,M,control,26,23,42,55,9,12,11,32,8,15,15,0,15,15,63,18,19,51,39,42,13,resteyesc,resteyesc,Resting-state data extracted from an experimental evoked potential paradigm.,closed,2018-10-16T11:12:04,1024.0,50,240.0,245760,continuous,64,64,0,EEG:64,uV:64,Fp1;AF7;AF3;F1;F3;F5;F7;FT7;FC5;FC3;FC1;C1;C3;C5;T7;TP7;CP5;CP3;CP1;P1;P3;P5;P7;P9;PO7;PO3;O1;Iz;Oz;POz;Pz;CPz;Fpz;Fp2;AF8;AF4;AFz;Fz;F2;F4;F6;F8;FT8;FC6;FC4;FC2;FCz;Cz;C2;C4;C6;T8;TP8;CP6;CP4;CP2;P2;P4;P6;P8;P10;PO8;PO4;O2,average,,10-10,n/a,,BioSemi,,"University of Oslo, Dept. of Psychology",sub-069_ses-t2_task-resteyesc_eeg.edf,.edf,/mnt/datasets_v7/gokul/EEGData/ds003775/sub-069/ses-t2/eeg/sub-069_ses-t2_task-resteyesc_eeg.edf,/mnt/datasets_v7/gokul/EEGData/ds003775/sub-069/ses-t2,/mnt/datasets_v7/gokul/EEGData/ds003775/sub-069/ses-t2/eeg/sub-069_ses-t2_task-resteyesc_eeg.json,/mnt/datasets_v7/gokul/EEGData/ds003775/sub-069/ses-t2/eeg/sub-069_ses-t2_task-resteyesc_channels.tsv,2026-06-14T16:25:47
0094,sub-070,ds003775,sub-070,ses-t1,1,,51,M,control,29,21,46,71,10,10,9,29,9,15,14,0,14,14,65,45,22,69,47,58,17,resteyesc,resteyesc,Resting-state data extracted from an experimental evoked potential paradigm.,closed,2017-11-08T17:33:58,1024.0,50,240.0,245760,continuous,64,64,0,EEG:64,uV:64,Fp1;AF7;AF3;F1;F3;F5;F7;FT7;FC5;FC3;FC1;C1;C3;C5;T7;TP7;CP5;CP3;CP1;P1;P3;P5;P7;P9;PO7;PO3;O1;Iz;Oz;POz;Pz;CPz;Fpz;Fp2;AF8;AF4;AFz;Fz;F2;F4;F6;F8;FT8;FC6;FC4;FC2;FCz;Cz;C2;C4;C6;T8;TP8;CP6;CP4;CP2;P2;P4;P6;P8;P10;PO8;PO4;O2,average,,10-10,n/a,,BioSemi,,"University of Oslo, Dept. of Psychology",sub-070_ses-t1_task-resteyesc_eeg.edf,.edf,/mnt/datasets_v7/gokul/EEGData/ds003775/sub-070/ses-t1/eeg/sub-070_ses-t1_task-resteyesc_eeg.edf,/mnt/datasets_v7/gokul/EEGData/ds003775/sub-070/ses-t1,/mnt/datasets_v7/gokul/EEGData/ds003775/sub-070/ses-t1/eeg/sub-070_ses-t1_task-resteyesc_eeg.json,/mnt/datasets_v7/gokul/EEGData/ds003775/sub-070/ses-t1/eeg/sub-070_ses-t1_task-resteyesc_channels.tsv,2026-06-14T16:25:47
0095,sub-070,ds003775,sub-070,ses-t2,2,,51,M,control,29,21,46,71,10,10,9,29,9,15,14,0,14,14,65,45,22,69,47,58,17,resteyesc,resteyesc,Resting-state data extracted from an experimental evoked potential paradigm.,closed,2018-11-22T20:18:16,1024.0,50,240.0,245760,continuous,64,64,0,EEG:64,uV:64,Fp1;AF7;AF3;F1;F3;F5;F7;FT7;FC5;FC3;FC1;C1;C3;C5;T7;TP7;CP5;CP3;CP1;P1;P3;P5;P7;P9;PO7;PO3;O1;Iz;Oz;POz;Pz;CPz;Fpz;Fp2;AF8;AF4;AFz;Fz;F2;F4;F6;F8;FT8;FC6;FC4;FC2;FCz;Cz;C2;C4;C6;T8;TP8;CP6;CP4;CP2;P2;P4;P6;P8;P10;PO8;PO4;O2,average,,10-10,n/a,,BioSemi,,"University of Oslo, Dept. of Psychology",sub-070_ses-t2_task-resteyesc_eeg.edf,.edf,/mnt/datasets_v7/gokul/EEGData/ds003775/sub-070/ses-t2/eeg/sub-070_ses-t2_task-resteyesc_eeg.edf,/mnt/datasets_v7/gokul/EEGData/ds003775/sub-070/ses-t2,/mnt/datasets_v7/gokul/EEGData/ds003775/sub-070/ses-t2/eeg/sub-070_ses-t2_task-resteyesc_eeg.json,/mnt/datasets_v7/gokul/EEGData/ds003775/sub-070/ses-t2/eeg/sub-070_ses-t2_task-resteyesc_channels.tsv,2026-06-14T16:25:47
0096,sub-071,ds003775,sub-071,ses-t1,1,,43,M,control,28,21,52,52,10,9,11,30,8,15,14,1,14,15,61,26,23,51,56,47,14,resteyesc,resteyesc,Resting-state data extracted from an experimental evoked potential paradigm.,closed,2017-08-29T13:33:42,1024.0,50,240.0,245760,continuous,64,64,0,EEG:64,uV:64,Fp1;AF7;AF3;F1;F3;F5;F7;FT7;FC5;FC3;FC1;C1;C3;C5;T7;TP7;CP5;CP3;CP1;P1;P3;P5;P7;P9;PO7;PO3;O1;Iz;Oz;POz;Pz;CPz;Fpz;Fp2;AF8;AF4;AFz;Fz;F2;F4;F6;F8;FT8;FC6;FC4;FC2;FCz;Cz;C2;C4;C6;T8;TP8;CP6;CP4;CP2;P2;P4;P6;P8;P10;PO8;PO4;O2,average,,10-10,n/a,,BioSemi,,"University of Oslo, Dept. of Psychology",sub-071_ses-t1_task-resteyesc_eeg.edf,.edf,/mnt/datasets_v7/gokul/EEGData/ds003775/sub-071/ses-t1/eeg/sub-071_ses-t1_task-resteyesc_eeg.edf,/mnt/datasets_v7/gokul/EEGData/ds003775/sub-071/ses-t1,/mnt/datasets_v7/gokul/EEGData/ds003775/sub-071/ses-t1/eeg/sub-071_ses-t1_task-resteyesc_eeg.json,/mnt/datasets_v7/gokul/EEGData/ds003775/sub-071/ses-t1/eeg/sub-071_ses-t1_task-resteyesc_channels.tsv,2026-06-14T16:25:47
0097,sub-071,ds003775,sub-071,ses-t2,2,,43,M,control,28,21,52,52,10,9,11,30,8,15,14,1,14,15,61,26,23,51,56,47,14,resteyesc,resteyesc,Resting-state data extracted from an experimental evoked potential paradigm.,closed,2018-09-25T16:09:44,1024.0,50,240.0,245760,continuous,64,64,0,EEG:64,uV:64,Fp1;AF7;AF3;F1;F3;F5;F7;FT7;FC5;FC3;FC1;C1;C3;C5;T7;TP7;CP5;CP3;CP1;P1;P3;P5;P7;P9;PO7;PO3;O1;Iz;Oz;POz;Pz;CPz;Fpz;Fp2;AF8;AF4;AFz;Fz;F2;F4;F6;F8;FT8;FC6;FC4;FC2;FCz;Cz;C2;C4;C6;T8;TP8;CP6;CP4;CP2;P2;P4;P6;P8;P10;PO8;PO4;O2,average,,10-10,n/a,,BioSemi,,"University of Oslo, Dept. of Psychology",sub-071_ses-t2_task-resteyesc_eeg.edf,.edf,/mnt/datasets_v7/gokul/EEGData/ds003775/sub-071/ses-t2/eeg/sub-071_ses-t2_task-resteyesc_eeg.edf,/mnt/datasets_v7/gokul/EEGData/ds003775/sub-071/ses-t2,/mnt/datasets_v7/gokul/EEGData/ds003775/sub-071/ses-t2/eeg/sub-071_ses-t2_task-resteyesc_eeg.json,/mnt/datasets_v7/gokul/EEGData/ds003775/sub-071/ses-t2/eeg/sub-071_ses-t2_task-resteyesc_channels.tsv,2026-06-14T16:25:47
0098,sub-072,ds003775,sub-072,ses-t1,1,,40,M,control,53,30,100,87,7,7,7,21,5,10,0,3,7,0,45,49,61,202,27,14,7,resteyesc,resteyesc,Resting-state data extracted from an experimental evoked potential paradigm.,closed,2017-12-09T11:28:48,1024.0,50,240.0,245760,continuous,64,64,0,EEG:64,uV:64,Fp1;AF7;AF3;F1;F3;F5;F7;FT7;FC5;FC3;FC1;C1;C3;C5;T7;TP7;CP5;CP3;CP1;P1;P3;P5;P7;P9;PO7;PO3;O1;Iz;Oz;POz;Pz;CPz;Fpz;Fp2;AF8;AF4;AFz;Fz;F2;F4;F6;F8;FT8;FC6;FC4;FC2;FCz;Cz;C2;C4;C6;T8;TP8;CP6;CP4;CP2;P2;P4;P6;P8;P10;PO8;PO4;O2,average,,10-10,n/a,,BioSemi,,"University of Oslo, Dept. of Psychology",sub-072_ses-t1_task-resteyesc_eeg.edf,.edf,/mnt/datasets_v7/gokul/EEGData/ds003775/sub-072/ses-t1/eeg/sub-072_ses-t1_task-resteyesc_eeg.edf,/mnt/datasets_v7/gokul/EEGData/ds003775/sub-072/ses-t1,/mnt/datasets_v7/gokul/EEGData/ds003775/sub-072/ses-t1/eeg/sub-072_ses-t1_task-resteyesc_eeg.json,/mnt/datasets_v7/gokul/EEGData/ds003775/sub-072/ses-t1/eeg/sub-072_ses-t1_task-resteyesc_channels.tsv,2026-06-14T16:25:47
0099,sub-073,ds003775,sub-073,ses-t1,1,,21,F,control,20,18,31,38,9,10,13,32,11,15,15,0,15,15,71,19,15,39,48,48,17,resteyesc,resteyesc,Resting-state data extracted from an experimental evoked potential paradigm.,closed,2017-06-09T10:39:26,1024.0,50,240.0,245760,continuous,64,64,0,EEG:64,uV:64,Fp1;AF7;AF3;F1;F3;F5;F7;FT7;FC5;FC3;FC1;C1;C3;C5;T7;TP7;CP5;CP3;CP1;P1;P3;P5;P7;P9;PO7;PO3;O1;Iz;Oz;POz;Pz;CPz;Fpz;Fp2;AF8;AF4;AFz;Fz;F2;F4;F6;F8;FT8;FC6;FC4;FC2;FCz;Cz;C2;C4;C6;T8;TP8;CP6;CP4;CP2;P2;P4;P6;P8;P10;PO8;PO4;O2,average,,10-10,n/a,,BioSemi,,"University of Oslo, Dept. of Psychology",sub-073_ses-t1_task-resteyesc_eeg.edf,.edf,/mnt/datasets_v7/gokul/EEGData/ds003775/sub-073/ses-t1/eeg/sub-073_ses-t1_task-resteyesc_eeg.edf,/mnt/datasets_v7/gokul/EEGData/ds003775/sub-073/ses-t1,/mnt/datasets_v7/gokul/EEGData/ds003775/sub-073/ses-t1/eeg/sub-073_ses-t1_task-resteyesc_eeg.json,/mnt/datasets_v7/gokul/EEGData/ds003775/sub-073/ses-t1/eeg/sub-073_ses-t1_task-resteyesc_channels.tsv,2026-06-14T16:25:47
0100,sub-074,ds003775,sub-074,ses-t1,1,,32,F,control,28,25,52,69,10,10,6,26,7,15,13,1,13,14,62,28,25,65,21,39,12,resteyesc,resteyesc,Resting-state data extracted from an experimental evoked potential paradigm.,closed,2017-12-06T13:35:16,1024.0,50,240.0,245760,continuous,64,64,0,EEG:64,uV:64,Fp1;AF7;AF3;F1;F3;F5;F7;FT7;FC5;FC3;FC1;C1;C3;C5;T7;TP7;CP5;CP3;CP1;P1;P3;P5;P7;P9;PO7;PO3;O1;Iz;Oz;POz;Pz;CPz;Fpz;Fp2;AF8;AF4;AFz;Fz;F2;F4;F6;F8;FT8;FC6;FC4;FC2;FCz;Cz;C2;C4;C6;T8;TP8;CP6;CP4;CP2;P2;P4;P6;P8;P10;PO8;PO4;O2,average,,10-10,n/a,,BioSemi,,"University of Oslo, Dept. of Psychology",sub-074_ses-t1_task-resteyesc_eeg.edf,.edf,/mnt/datasets_v7/gokul/EEGData/ds003775/sub-074/ses-t1/eeg/sub-074_ses-t1_task-resteyesc_eeg.edf,/mnt/datasets_v7/gokul/EEGData/ds003775/sub-074/ses-t1,/mnt/datasets_v7/gokul/EEGData/ds003775/sub-074/ses-t1/eeg/sub-074_ses-t1_task-resteyesc_eeg.json,/mnt/datasets_v7/gokul/EEGData/ds003775/sub-074/ses-t1/eeg/sub-074_ses-t1_task-resteyesc_channels.tsv,2026-06-14T16:25:47
0101,sub-074,ds003775,sub-074,ses-t2,2,,32,F,control,28,25,52,69,10,10,6,26,7,15,13,1,13,14,62,28,25,65,21,39,12,resteyesc,resteyesc,Resting-state data extracted from an experimental evoked potential paradigm.,closed,2018-12-03T14:46:24,1024.0,50,240.0,245760,continuous,64,64,0,EEG:64,uV:64,Fp1;AF7;AF3;F1;F3;F5;F7;FT7;FC5;FC3;FC1;C1;C3;C5;T7;TP7;CP5;CP3;CP1;P1;P3;P5;P7;P9;PO7;PO3;O1;Iz;Oz;POz;Pz;CPz;Fpz;Fp2;AF8;AF4;AFz;Fz;F2;F4;F6;F8;FT8;FC6;FC4;FC2;FCz;Cz;C2;C4;C6;T8;TP8;CP6;CP4;CP2;P2;P4;P6;P8;P10;PO8;PO4;O2,average,,10-10,n/a,,BioSemi,,"University of Oslo, Dept. of Psychology",sub-074_ses-t2_task-resteyesc_eeg.edf,.edf,/mnt/datasets_v7/gokul/EEGData/ds003775/sub-074/ses-t2/eeg/sub-074_ses-t2_task-resteyesc_eeg.edf,/mnt/datasets_v7/gokul/EEGData/ds003775/sub-074/ses-t2,/mnt/datasets_v7/gokul/EEGData/ds003775/sub-074/ses-t2/eeg/sub-074_ses-t2_task-resteyesc_eeg.json,/mnt/datasets_v7/gokul/EEGData/ds003775/sub-074/ses-t2/eeg/sub-074_ses-t2_task-resteyesc_channels.tsv,2026-06-14T16:25:47
0102,sub-075,ds003775,sub-075,ses-t1,1,,24,F,control,28,23,39,44,14,12,13,39,8,14,14,0,13,14,66,19,22,51,60,48,22,resteyesc,resteyesc,Resting-state data extracted from an experimental evoked potential paradigm.,closed,2017-06-06T15:07:06,1024.0,50,240.0,245760,continuous,64,64,0,EEG:64,uV:64,Fp1;AF7;AF3;F1;F3;F5;F7;FT7;FC5;FC3;FC1;C1;C3;C5;T7;TP7;CP5;CP3;CP1;P1;P3;P5;P7;P9;PO7;PO3;O1;Iz;Oz;POz;Pz;CPz;Fpz;Fp2;AF8;AF4;AFz;Fz;F2;F4;F6;F8;FT8;FC6;FC4;FC2;FCz;Cz;C2;C4;C6;T8;TP8;CP6;CP4;CP2;P2;P4;P6;P8;P10;PO8;PO4;O2,average,,10-10,n/a,,BioSemi,,"University of Oslo, Dept. of Psychology",sub-075_ses-t1_task-resteyesc_eeg.edf,.edf,/mnt/datasets_v7/gokul/EEGData/ds003775/sub-075/ses-t1/eeg/sub-075_ses-t1_task-resteyesc_eeg.edf,/mnt/datasets_v7/gokul/EEGData/ds003775/sub-075/ses-t1,/mnt/datasets_v7/gokul/EEGData/ds003775/sub-075/ses-t1/eeg/sub-075_ses-t1_task-resteyesc_eeg.json,/mnt/datasets_v7/gokul/EEGData/ds003775/sub-075/ses-t1/eeg/sub-075_ses-t1_task-resteyesc_channels.tsv,2026-06-14T16:25:47
0103,sub-075,ds003775,sub-075,ses-t2,2,,24,F,control,28,23,39,44,14,12,13,39,8,14,14,0,13,14,66,19,22,51,60,48,22,resteyesc,resteyesc,Resting-state data extracted from an experimental evoked potential paradigm.,closed,2018-06-14T10:11:54,1024.0,50,240.0,245760,continuous,64,64,0,EEG:64,uV:64,Fp1;AF7;AF3;F1;F3;F5;F7;FT7;FC5;FC3;FC1;C1;C3;C5;T7;TP7;CP5;CP3;CP1;P1;P3;P5;P7;P9;PO7;PO3;O1;Iz;Oz;POz;Pz;CPz;Fpz;Fp2;AF8;AF4;AFz;Fz;F2;F4;F6;F8;FT8;FC6;FC4;FC2;FCz;Cz;C2;C4;C6;T8;TP8;CP6;CP4;CP2;P2;P4;P6;P8;P10;PO8;PO4;O2,average,,10-10,n/a,,BioSemi,,"University of Oslo, Dept. of Psychology",sub-075_ses-t2_task-resteyesc_eeg.edf,.edf,/mnt/datasets_v7/gokul/EEGData/ds003775/sub-075/ses-t2/eeg/sub-075_ses-t2_task-resteyesc_eeg.edf,/mnt/datasets_v7/gokul/EEGData/ds003775/sub-075/ses-t2,/mnt/datasets_v7/gokul/EEGData/ds003775/sub-075/ses-t2/eeg/sub-075_ses-t2_task-resteyesc_eeg.json,/mnt/datasets_v7/gokul/EEGData/ds003775/sub-075/ses-t2/eeg/sub-075_ses-t2_task-resteyesc_channels.tsv,2026-06-14T16:25:47
0104,sub-076,ds003775,sub-076,ses-t1,1,,42,M,control,29,19,48,50,16,15,13,44,7,13,14,0,12,13,56,22,29,75,70,62,17,resteyesc,resteyesc,Resting-state data extracted from an experimental evoked potential paradigm.,closed,2017-09-15T11:26:38,1024.0,50,240.0,245760,continuous,64,64,0,EEG:64,uV:64,Fp1;AF7;AF3;F1;F3;F5;F7;FT7;FC5;FC3;FC1;C1;C3;C5;T7;TP7;CP5;CP3;CP1;P1;P3;P5;P7;P9;PO7;PO3;O1;Iz;Oz;POz;Pz;CPz;Fpz;Fp2;AF8;AF4;AFz;Fz;F2;F4;F6;F8;FT8;FC6;FC4;FC2;FCz;Cz;C2;C4;C6;T8;TP8;CP6;CP4;CP2;P2;P4;P6;P8;P10;PO8;PO4;O2,average,,10-10,n/a,,BioSemi,,"University of Oslo, Dept. of Psychology",sub-076_ses-t1_task-resteyesc_eeg.edf,.edf,/mnt/datasets_v7/gokul/EEGData/ds003775/sub-076/ses-t1/eeg/sub-076_ses-t1_task-resteyesc_eeg.edf,/mnt/datasets_v7/gokul/EEGData/ds003775/sub-076/ses-t1,/mnt/datasets_v7/gokul/EEGData/ds003775/sub-076/ses-t1/eeg/sub-076_ses-t1_task-resteyesc_eeg.json,/mnt/datasets_v7/gokul/EEGData/ds003775/sub-076/ses-t1/eeg/sub-076_ses-t1_task-resteyesc_channels.tsv,2026-06-14T16:25:47
0105,sub-076,ds003775,sub-076,ses-t2,2,,42,M,control,29,19,48,50,16,15,13,44,7,13,14,0,12,13,56,22,29,75,70,62,17,resteyesc,resteyesc,Resting-state data extracted from an experimental evoked potential paradigm.,closed,2018-09-14T09:26:10,1024.0,50,240.0,245760,continuous,64,64,0,EEG:64,uV:64,Fp1;AF7;AF3;F1;F3;F5;F7;FT7;FC5;FC3;FC1;C1;C3;C5;T7;TP7;CP5;CP3;CP1;P1;P3;P5;P7;P9;PO7;PO3;O1;Iz;Oz;POz;Pz;CPz;Fpz;Fp2;AF8;AF4;AFz;Fz;F2;F4;F6;F8;FT8;FC6;FC4;FC2;FCz;Cz;C2;C4;C6;T8;TP8;CP6;CP4;CP2;P2;P4;P6;P8;P10;PO8;PO4;O2,average,,10-10,n/a,,BioSemi,,"University of Oslo, Dept. of Psychology",sub-076_ses-t2_task-resteyesc_eeg.edf,.edf,/mnt/datasets_v7/gokul/EEGData/ds003775/sub-076/ses-t2/eeg/sub-076_ses-t2_task-resteyesc_eeg.edf,/mnt/datasets_v7/gokul/EEGData/ds003775/sub-076/ses-t2,/mnt/datasets_v7/gokul/EEGData/ds003775/sub-076/ses-t2/eeg/sub-076_ses-t2_task-resteyesc_eeg.json,/mnt/datasets_v7/gokul/EEGData/ds003775/sub-076/ses-t2/eeg/sub-076_ses-t2_task-resteyesc_channels.tsv,2026-06-14T16:25:47
0106,sub-077,ds003775,sub-077,ses-t1,1,,35,M,control,30,26,43,55,11,10,12,33,8,13,13,0,13,15,62,23,15,40,55,56,18,resteyesc,resteyesc,Resting-state data extracted from an experimental evoked potential paradigm.,closed,2017-11-21T17:35:14,1024.0,50,240.0,245760,continuous,64,64,0,EEG:64,uV:64,Fp1;AF7;AF3;F1;F3;F5;F7;FT7;FC5;FC3;FC1;C1;C3;C5;T7;TP7;CP5;CP3;CP1;P1;P3;P5;P7;P9;PO7;PO3;O1;Iz;Oz;POz;Pz;CPz;Fpz;Fp2;AF8;AF4;AFz;Fz;F2;F4;F6;F8;FT8;FC6;FC4;FC2;FCz;Cz;C2;C4;C6;T8;TP8;CP6;CP4;CP2;P2;P4;P6;P8;P10;PO8;PO4;O2,average,,10-10,n/a,,BioSemi,,"University of Oslo, Dept. of Psychology",sub-077_ses-t1_task-resteyesc_eeg.edf,.edf,/mnt/datasets_v7/gokul/EEGData/ds003775/sub-077/ses-t1/eeg/sub-077_ses-t1_task-resteyesc_eeg.edf,/mnt/datasets_v7/gokul/EEGData/ds003775/sub-077/ses-t1,/mnt/datasets_v7/gokul/EEGData/ds003775/sub-077/ses-t1/eeg/sub-077_ses-t1_task-resteyesc_eeg.json,/mnt/datasets_v7/gokul/EEGData/ds003775/sub-077/ses-t1/eeg/sub-077_ses-t1_task-resteyesc_channels.tsv,2026-06-14T16:25:47
0107,sub-077,ds003775,sub-077,ses-t2,2,,35,M,control,30,26,43,55,11,10,12,33,8,13,13,0,13,15,62,23,15,40,55,56,18,resteyesc,resteyesc,Resting-state data extracted from an experimental evoked potential paradigm.,closed,2018-11-28T19:00:10,1024.0,50,240.0,245760,continuous,64,64,0,EEG:64,uV:64,Fp1;AF7;AF3;F1;F3;F5;F7;FT7;FC5;FC3;FC1;C1;C3;C5;T7;TP7;CP5;CP3;CP1;P1;P3;P5;P7;P9;PO7;PO3;O1;Iz;Oz;POz;Pz;CPz;Fpz;Fp2;AF8;AF4;AFz;Fz;F2;F4;F6;F8;FT8;FC6;FC4;FC2;FCz;Cz;C2;C4;C6;T8;TP8;CP6;CP4;CP2;P2;P4;P6;P8;P10;PO8;PO4;O2,average,,10-10,n/a,,BioSemi,,"University of Oslo, Dept. of Psychology",sub-077_ses-t2_task-resteyesc_eeg.edf,.edf,/mnt/datasets_v7/gokul/EEGData/ds003775/sub-077/ses-t2/eeg/sub-077_ses-t2_task-resteyesc_eeg.edf,/mnt/datasets_v7/gokul/EEGData/ds003775/sub-077/ses-t2,/mnt/datasets_v7/gokul/EEGData/ds003775/sub-077/ses-t2/eeg/sub-077_ses-t2_task-resteyesc_eeg.json,/mnt/datasets_v7/gokul/EEGData/ds003775/sub-077/ses-t2/eeg/sub-077_ses-t2_task-resteyesc_channels.tsv,2026-06-14T16:25:47
0108,sub-078,ds003775,sub-078,ses-t1,1,,19,F,control,24,20,46,45,6,8,7,21,10,14,15,0,14,15,67,13,13,72,29,46,13,resteyesc,resteyesc,Resting-state data extracted from an experimental evoked potential paradigm.,closed,2017-12-18T10:34:32,1024.0,50,240.0,245760,continuous,64,64,0,EEG:64,uV:64,Fp1;AF7;AF3;F1;F3;F5;F7;FT7;FC5;FC3;FC1;C1;C3;C5;T7;TP7;CP5;CP3;CP1;P1;P3;P5;P7;P9;PO7;PO3;O1;Iz;Oz;POz;Pz;CPz;Fpz;Fp2;AF8;AF4;AFz;Fz;F2;F4;F6;F8;FT8;FC6;FC4;FC2;FCz;Cz;C2;C4;C6;T8;TP8;CP6;CP4;CP2;P2;P4;P6;P8;P10;PO8;PO4;O2,average,,10-10,n/a,,BioSemi,,"University of Oslo, Dept. of Psychology",sub-078_ses-t1_task-resteyesc_eeg.edf,.edf,/mnt/datasets_v7/gokul/EEGData/ds003775/sub-078/ses-t1/eeg/sub-078_ses-t1_task-resteyesc_eeg.edf,/mnt/datasets_v7/gokul/EEGData/ds003775/sub-078/ses-t1,/mnt/datasets_v7/gokul/EEGData/ds003775/sub-078/ses-t1/eeg/sub-078_ses-t1_task-resteyesc_eeg.json,/mnt/datasets_v7/gokul/EEGData/ds003775/sub-078/ses-t1/eeg/sub-078_ses-t1_task-resteyesc_channels.tsv,2026-06-14T16:25:47
0109,sub-079,ds003775,sub-079,ses-t1,1,,33,M,control,39,26,59,62,7,8,8,23,6,13,9,0,7,12,48,29,21,96,39,51,14,resteyesc,resteyesc,Resting-state data extracted from an experimental evoked potential paradigm.,closed,2017-04-28T11:49:58,1024.0,50,240.0,245760,continuous,64,64,0,EEG:64,uV:64,Fp1;AF7;AF3;F1;F3;F5;F7;FT7;FC5;FC3;FC1;C1;C3;C5;T7;TP7;CP5;CP3;CP1;P1;P3;P5;P7;P9;PO7;PO3;O1;Iz;Oz;POz;Pz;CPz;Fpz;Fp2;AF8;AF4;AFz;Fz;F2;F4;F6;F8;FT8;FC6;FC4;FC2;FCz;Cz;C2;C4;C6;T8;TP8;CP6;CP4;CP2;P2;P4;P6;P8;P10;PO8;PO4;O2,average,,10-10,n/a,,BioSemi,,"University of Oslo, Dept. of Psychology",sub-079_ses-t1_task-resteyesc_eeg.edf,.edf,/mnt/datasets_v7/gokul/EEGData/ds003775/sub-079/ses-t1/eeg/sub-079_ses-t1_task-resteyesc_eeg.edf,/mnt/datasets_v7/gokul/EEGData/ds003775/sub-079/ses-t1,/mnt/datasets_v7/gokul/EEGData/ds003775/sub-079/ses-t1/eeg/sub-079_ses-t1_task-resteyesc_eeg.json,/mnt/datasets_v7/gokul/EEGData/ds003775/sub-079/ses-t1/eeg/sub-079_ses-t1_task-resteyesc_channels.tsv,2026-06-14T16:25:47
0110,sub-080,ds003775,sub-080,ses-t1,1,,46,M,control,30,22,47,62,7,8,5,20,5,14,12,0,12,15,53,20,18,55,37,51,15,resteyesc,resteyesc,Resting-state data extracted from an experimental evoked potential paradigm.,closed,2019-10-13T12:18:56,1024.0,50,240.0,245760,continuous,64,64,0,EEG:64,uV:64,Fp1;AF7;AF3;F1;F3;F5;F7;FT7;FC5;FC3;FC1;C1;C3;C5;T7;TP7;CP5;CP3;CP1;P1;P3;P5;P7;P9;PO7;PO3;O1;Iz;Oz;POz;Pz;CPz;Fpz;Fp2;AF8;AF4;AFz;Fz;F2;F4;F6;F8;FT8;FC6;FC4;FC2;FCz;Cz;C2;C4;C6;T8;TP8;CP6;CP4;CP2;P2;P4;P6;P8;P10;PO8;PO4;O2,average,,10-10,n/a,,BioSemi,,"University of Oslo, Dept. of Psychology",sub-080_ses-t1_task-resteyesc_eeg.edf,.edf,/mnt/datasets_v7/gokul/EEGData/ds003775/sub-080/ses-t1/eeg/sub-080_ses-t1_task-resteyesc_eeg.edf,/mnt/datasets_v7/gokul/EEGData/ds003775/sub-080/ses-t1,/mnt/datasets_v7/gokul/EEGData/ds003775/sub-080/ses-t1/eeg/sub-080_ses-t1_task-resteyesc_eeg.json,/mnt/datasets_v7/gokul/EEGData/ds003775/sub-080/ses-t1/eeg/sub-080_ses-t1_task-resteyesc_channels.tsv,2026-06-14T16:25:47
0111,sub-081,ds003775,sub-081,ses-t1,1,,17,F,control,35,24,54,53,12,13,9,34,7,14,14,0,14,15,60,0,22,76,31,43,14,resteyesc,resteyesc,Resting-state data extracted from an experimental evoked potential paradigm.,closed,2017-12-13T16:39:42,1024.0,50,240.0,245760,continuous,64,64,0,EEG:64,uV:64,Fp1;AF7;AF3;F1;F3;F5;F7;FT7;FC5;FC3;FC1;C1;C3;C5;T7;TP7;CP5;CP3;CP1;P1;P3;P5;P7;P9;PO7;PO3;O1;Iz;Oz;POz;Pz;CPz;Fpz;Fp2;AF8;AF4;AFz;Fz;F2;F4;F6;F8;FT8;FC6;FC4;FC2;FCz;Cz;C2;C4;C6;T8;TP8;CP6;CP4;CP2;P2;P4;P6;P8;P10;PO8;PO4;O2,average,,10-10,n/a,,BioSemi,,"University of Oslo, Dept. of Psychology",sub-081_ses-t1_task-resteyesc_eeg.edf,.edf,/mnt/datasets_v7/gokul/EEGData/ds003775/sub-081/ses-t1/eeg/sub-081_ses-t1_task-resteyesc_eeg.edf,/mnt/datasets_v7/gokul/EEGData/ds003775/sub-081/ses-t1,/mnt/datasets_v7/gokul/EEGData/ds003775/sub-081/ses-t1/eeg/sub-081_ses-t1_task-resteyesc_eeg.json,/mnt/datasets_v7/gokul/EEGData/ds003775/sub-081/ses-t1/eeg/sub-081_ses-t1_task-resteyesc_channels.tsv,2026-06-14T16:25:47
0112,sub-082,ds003775,sub-082,ses-t1,1,,24,F,control,31,21,48,40,9,10,8,27,7,13,12,0,12,15,57,15,19,50,43,57,16,resteyesc,resteyesc,Resting-state data extracted from an experimental evoked potential paradigm.,closed,2017-10-19T14:50:14,1024.0,50,240.0,245760,continuous,64,64,0,EEG:64,uV:64,Fp1;AF7;AF3;F1;F3;F5;F7;FT7;FC5;FC3;FC1;C1;C3;C5;T7;TP7;CP5;CP3;CP1;P1;P3;P5;P7;P9;PO7;PO3;O1;Iz;Oz;POz;Pz;CPz;Fpz;Fp2;AF8;AF4;AFz;Fz;F2;F4;F6;F8;FT8;FC6;FC4;FC2;FCz;Cz;C2;C4;C6;T8;TP8;CP6;CP4;CP2;P2;P4;P6;P8;P10;PO8;PO4;O2,average,,10-10,n/a,,BioSemi,,"University of Oslo, Dept. of Psychology",sub-082_ses-t1_task-resteyesc_eeg.edf,.edf,/mnt/datasets_v7/gokul/EEGData/ds003775/sub-082/ses-t1/eeg/sub-082_ses-t1_task-resteyesc_eeg.edf,/mnt/datasets_v7/gokul/EEGData/ds003775/sub-082/ses-t1,/mnt/datasets_v7/gokul/EEGData/ds003775/sub-082/ses-t1/eeg/sub-082_ses-t1_task-resteyesc_eeg.json,/mnt/datasets_v7/gokul/EEGData/ds003775/sub-082/ses-t1/eeg/sub-082_ses-t1_task-resteyesc_channels.tsv,2026-06-14T16:25:47
0113,sub-082,ds003775,sub-082,ses-t2,2,,24,F,control,31,21,48,40,9,10,8,27,7,13,12,0,12,15,57,15,19,50,43,57,16,resteyesc,resteyesc,Resting-state data extracted from an experimental evoked potential paradigm.,closed,2018-01-29T17:34:00,1024.0,50,240.0,245760,continuous,64,64,0,EEG:64,uV:64,Fp1;AF7;AF3;F1;F3;F5;F7;FT7;FC5;FC3;FC1;C1;C3;C5;T7;TP7;CP5;CP3;CP1;P1;P3;P5;P7;P9;PO7;PO3;O1;Iz;Oz;POz;Pz;CPz;Fpz;Fp2;AF8;AF4;AFz;Fz;F2;F4;F6;F8;FT8;FC6;FC4;FC2;FCz;Cz;C2;C4;C6;T8;TP8;CP6;CP4;CP2;P2;P4;P6;P8;P10;PO8;PO4;O2,average,,10-10,n/a,,BioSemi,,"University of Oslo, Dept. of Psychology",sub-082_ses-t2_task-resteyesc_eeg.edf,.edf,/mnt/datasets_v7/gokul/EEGData/ds003775/sub-082/ses-t2/eeg/sub-082_ses-t2_task-resteyesc_eeg.edf,/mnt/datasets_v7/gokul/EEGData/ds003775/sub-082/ses-t2,/mnt/datasets_v7/gokul/EEGData/ds003775/sub-082/ses-t2/eeg/sub-082_ses-t2_task-resteyesc_eeg.json,/mnt/datasets_v7/gokul/EEGData/ds003775/sub-082/ses-t2/eeg/sub-082_ses-t2_task-resteyesc_channels.tsv,2026-06-14T16:25:47
0114,sub-083,ds003775,sub-083,ses-t1,1,,31,F,control,27,23,43,42,9,12,9,30,11,15,15,0,14,15,69,22,19,51,46,57,17,resteyesc,resteyesc,Resting-state data extracted from an experimental evoked potential paradigm.,closed,2017-10-11T18:03:34,1024.0,50,240.0,245760,continuous,64,64,0,EEG:64,uV:64,Fp1;AF7;AF3;F1;F3;F5;F7;FT7;FC5;FC3;FC1;C1;C3;C5;T7;TP7;CP5;CP3;CP1;P1;P3;P5;P7;P9;PO7;PO3;O1;Iz;Oz;POz;Pz;CPz;Fpz;Fp2;AF8;AF4;AFz;Fz;F2;F4;F6;F8;FT8;FC6;FC4;FC2;FCz;Cz;C2;C4;C6;T8;TP8;CP6;CP4;CP2;P2;P4;P6;P8;P10;PO8;PO4;O2,average,,10-10,n/a,,BioSemi,,"University of Oslo, Dept. of Psychology",sub-083_ses-t1_task-resteyesc_eeg.edf,.edf,/mnt/datasets_v7/gokul/EEGData/ds003775/sub-083/ses-t1/eeg/sub-083_ses-t1_task-resteyesc_eeg.edf,/mnt/datasets_v7/gokul/EEGData/ds003775/sub-083/ses-t1,/mnt/datasets_v7/gokul/EEGData/ds003775/sub-083/ses-t1/eeg/sub-083_ses-t1_task-resteyesc_eeg.json,/mnt/datasets_v7/gokul/EEGData/ds003775/sub-083/ses-t1/eeg/sub-083_ses-t1_task-resteyesc_channels.tsv,2026-06-14T16:25:47
0115,sub-084,ds003775,sub-084,ses-t1,1,,21,F,control,23,14,34,47,9,10,11,30,8,14,12,0,12,15,59,17,,43,62,59,18,resteyesc,resteyesc,Resting-state data extracted from an experimental evoked potential paradigm.,closed,2017-10-13T14:38:44,1024.0,50,240.0,245760,continuous,64,64,0,EEG:64,uV:64,Fp1;AF7;AF3;F1;F3;F5;F7;FT7;FC5;FC3;FC1;C1;C3;C5;T7;TP7;CP5;CP3;CP1;P1;P3;P5;P7;P9;PO7;PO3;O1;Iz;Oz;POz;Pz;CPz;Fpz;Fp2;AF8;AF4;AFz;Fz;F2;F4;F6;F8;FT8;FC6;FC4;FC2;FCz;Cz;C2;C4;C6;T8;TP8;CP6;CP4;CP2;P2;P4;P6;P8;P10;PO8;PO4;O2,average,,10-10,n/a,,BioSemi,,"University of Oslo, Dept. of Psychology",sub-084_ses-t1_task-resteyesc_eeg.edf,.edf,/mnt/datasets_v7/gokul/EEGData/ds003775/sub-084/ses-t1/eeg/sub-084_ses-t1_task-resteyesc_eeg.edf,/mnt/datasets_v7/gokul/EEGData/ds003775/sub-084/ses-t1,/mnt/datasets_v7/gokul/EEGData/ds003775/sub-084/ses-t1/eeg/sub-084_ses-t1_task-resteyesc_eeg.json,/mnt/datasets_v7/gokul/EEGData/ds003775/sub-084/ses-t1/eeg/sub-084_ses-t1_task-resteyesc_channels.tsv,2026-06-14T16:25:47
0116,sub-084,ds003775,sub-084,ses-t2,2,,21,F,control,23,14,34,47,9,10,11,30,8,14,12,0,12,15,59,17,,43,62,59,18,resteyesc,resteyesc,Resting-state data extracted from an experimental evoked potential paradigm.,closed,2018-01-15T11:07:16,1024.0,50,240.0,245760,continuous,64,64,0,EEG:64,uV:64,Fp1;AF7;AF3;F1;F3;F5;F7;FT7;FC5;FC3;FC1;C1;C3;C5;T7;TP7;CP5;CP3;CP1;P1;P3;P5;P7;P9;PO7;PO3;O1;Iz;Oz;POz;Pz;CPz;Fpz;Fp2;AF8;AF4;AFz;Fz;F2;F4;F6;F8;FT8;FC6;FC4;FC2;FCz;Cz;C2;C4;C6;T8;TP8;CP6;CP4;CP2;P2;P4;P6;P8;P10;PO8;PO4;O2,average,,10-10,n/a,,BioSemi,,"University of Oslo, Dept. of Psychology",sub-084_ses-t2_task-resteyesc_eeg.edf,.edf,/mnt/datasets_v7/gokul/EEGData/ds003775/sub-084/ses-t2/eeg/sub-084_ses-t2_task-resteyesc_eeg.edf,/mnt/datasets_v7/gokul/EEGData/ds003775/sub-084/ses-t2,/mnt/datasets_v7/gokul/EEGData/ds003775/sub-084/ses-t2/eeg/sub-084_ses-t2_task-resteyesc_eeg.json,/mnt/datasets_v7/gokul/EEGData/ds003775/sub-084/ses-t2/eeg/sub-084_ses-t2_task-resteyesc_channels.tsv,2026-06-14T16:25:47
0117,sub-085,ds003775,sub-085,ses-t1,1,,37,F,control,26,20,44,42,10,14,12,36,14,15,15,0,15,15,74,23,21,49,48,72,17,resteyesc,resteyesc,Resting-state data extracted from an experimental evoked potential paradigm.,closed,2017-09-06T11:39:28,1024.0,50,240.0,245760,continuous,64,64,0,EEG:64,uV:64,Fp1;AF7;AF3;F1;F3;F5;F7;FT7;FC5;FC3;FC1;C1;C3;C5;T7;TP7;CP5;CP3;CP1;P1;P3;P5;P7;P9;PO7;PO3;O1;Iz;Oz;POz;Pz;CPz;Fpz;Fp2;AF8;AF4;AFz;Fz;F2;F4;F6;F8;FT8;FC6;FC4;FC2;FCz;Cz;C2;C4;C6;T8;TP8;CP6;CP4;CP2;P2;P4;P6;P8;P10;PO8;PO4;O2,average,,10-10,n/a,,BioSemi,,"University of Oslo, Dept. of Psychology",sub-085_ses-t1_task-resteyesc_eeg.edf,.edf,/mnt/datasets_v7/gokul/EEGData/ds003775/sub-085/ses-t1/eeg/sub-085_ses-t1_task-resteyesc_eeg.edf,/mnt/datasets_v7/gokul/EEGData/ds003775/sub-085/ses-t1,/mnt/datasets_v7/gokul/EEGData/ds003775/sub-085/ses-t1/eeg/sub-085_ses-t1_task-resteyesc_eeg.json,/mnt/datasets_v7/gokul/EEGData/ds003775/sub-085/ses-t1/eeg/sub-085_ses-t1_task-resteyesc_channels.tsv,2026-06-14T16:25:47
0118,sub-085,ds003775,sub-085,ses-t2,2,,37,F,control,26,20,44,42,10,14,12,36,14,15,15,0,15,15,74,23,21,49,48,72,17,resteyesc,resteyesc,Resting-state data extracted from an experimental evoked potential paradigm.,closed,2018-10-02T15:37:10,1024.0,50,240.0,245760,continuous,64,64,0,EEG:64,uV:64,Fp1;AF7;AF3;F1;F3;F5;F7;FT7;FC5;FC3;FC1;C1;C3;C5;T7;TP7;CP5;CP3;CP1;P1;P3;P5;P7;P9;PO7;PO3;O1;Iz;Oz;POz;Pz;CPz;Fpz;Fp2;AF8;AF4;AFz;Fz;F2;F4;F6;F8;FT8;FC6;FC4;FC2;FCz;Cz;C2;C4;C6;T8;TP8;CP6;CP4;CP2;P2;P4;P6;P8;P10;PO8;PO4;O2,average,,10-10,n/a,,BioSemi,,"University of Oslo, Dept. of Psychology",sub-085_ses-t2_task-resteyesc_eeg.edf,.edf,/mnt/datasets_v7/gokul/EEGData/ds003775/sub-085/ses-t2/eeg/sub-085_ses-t2_task-resteyesc_eeg.edf,/mnt/datasets_v7/gokul/EEGData/ds003775/sub-085/ses-t2,/mnt/datasets_v7/gokul/EEGData/ds003775/sub-085/ses-t2/eeg/sub-085_ses-t2_task-resteyesc_eeg.json,/mnt/datasets_v7/gokul/EEGData/ds003775/sub-085/ses-t2/eeg/sub-085_ses-t2_task-resteyesc_channels.tsv,2026-06-14T16:25:47
0119,sub-086,ds003775,sub-086,ses-t1,1,,69,M,control,36,21,86,66,10,7,6,23,8,15,11,0,11,12,59,51,77,129,47,47,14,resteyesc,resteyesc,Resting-state data extracted from an experimental evoked potential paradigm.,closed,2017-10-29T12:23:50,1024.0,50,240.0,245760,continuous,64,64,0,EEG:64,uV:64,Fp1;AF7;AF3;F1;F3;F5;F7;FT7;FC5;FC3;FC1;C1;C3;C5;T7;TP7;CP5;CP3;CP1;P1;P3;P5;P7;P9;PO7;PO3;O1;Iz;Oz;POz;Pz;CPz;Fpz;Fp2;AF8;AF4;AFz;Fz;F2;F4;F6;F8;FT8;FC6;FC4;FC2;FCz;Cz;C2;C4;C6;T8;TP8;CP6;CP4;CP2;P2;P4;P6;P8;P10;PO8;PO4;O2,average,,10-10,n/a,,BioSemi,,"University of Oslo, Dept. of Psychology",sub-086_ses-t1_task-resteyesc_eeg.edf,.edf,/mnt/datasets_v7/gokul/EEGData/ds003775/sub-086/ses-t1/eeg/sub-086_ses-t1_task-resteyesc_eeg.edf,/mnt/datasets_v7/gokul/EEGData/ds003775/sub-086/ses-t1,/mnt/datasets_v7/gokul/EEGData/ds003775/sub-086/ses-t1/eeg/sub-086_ses-t1_task-resteyesc_eeg.json,/mnt/datasets_v7/gokul/EEGData/ds003775/sub-086/ses-t1/eeg/sub-086_ses-t1_task-resteyesc_channels.tsv,2026-06-14T16:25:47
0120,sub-087,ds003775,sub-087,ses-t1,1,,54,M,control,27,20,39,47,9,9,10,28,14,15,15,0,15,15,73,28,27,72,45,46,10,resteyesc,resteyesc,Resting-state data extracted from an experimental evoked potential paradigm.,closed,2017-10-31T13:36:14,1024.0,50,240.0,245760,continuous,64,64,0,EEG:64,uV:64,Fp1;AF7;AF3;F1;F3;F5;F7;FT7;FC5;FC3;FC1;C1;C3;C5;T7;TP7;CP5;CP3;CP1;P1;P3;P5;P7;P9;PO7;PO3;O1;Iz;Oz;POz;Pz;CPz;Fpz;Fp2;AF8;AF4;AFz;Fz;F2;F4;F6;F8;FT8;FC6;FC4;FC2;FCz;Cz;C2;C4;C6;T8;TP8;CP6;CP4;CP2;P2;P4;P6;P8;P10;PO8;PO4;O2,average,,10-10,n/a,,BioSemi,,"University of Oslo, Dept. of Psychology",sub-087_ses-t1_task-resteyesc_eeg.edf,.edf,/mnt/datasets_v7/gokul/EEGData/ds003775/sub-087/ses-t1/eeg/sub-087_ses-t1_task-resteyesc_eeg.edf,/mnt/datasets_v7/gokul/EEGData/ds003775/sub-087/ses-t1,/mnt/datasets_v7/gokul/EEGData/ds003775/sub-087/ses-t1/eeg/sub-087_ses-t1_task-resteyesc_eeg.json,/mnt/datasets_v7/gokul/EEGData/ds003775/sub-087/ses-t1/eeg/sub-087_ses-t1_task-resteyesc_channels.tsv,2026-06-14T16:25:47
0121,sub-087,ds003775,sub-087,ses-t2,2,,54,M,control,27,20,39,47,9,9,10,28,14,15,15,0,15,15,73,28,27,72,45,46,10,resteyesc,resteyesc,Resting-state data extracted from an experimental evoked potential paradigm.,closed,2018-01-16T13:32:34,1024.0,50,240.0,245760,continuous,64,64,0,EEG:64,uV:64,Fp1;AF7;AF3;F1;F3;F5;F7;FT7;FC5;FC3;FC1;C1;C3;C5;T7;TP7;CP5;CP3;CP1;P1;P3;P5;P7;P9;PO7;PO3;O1;Iz;Oz;POz;Pz;CPz;Fpz;Fp2;AF8;AF4;AFz;Fz;F2;F4;F6;F8;FT8;FC6;FC4;FC2;FCz;Cz;C2;C4;C6;T8;TP8;CP6;CP4;CP2;P2;P4;P6;P8;P10;PO8;PO4;O2,average,,10-10,n/a,,BioSemi,,"University of Oslo, Dept. of Psychology",sub-087_ses-t2_task-resteyesc_eeg.edf,.edf,/mnt/datasets_v7/gokul/EEGData/ds003775/sub-087/ses-t2/eeg/sub-087_ses-t2_task-resteyesc_eeg.edf,/mnt/datasets_v7/gokul/EEGData/ds003775/sub-087/ses-t2,/mnt/datasets_v7/gokul/EEGData/ds003775/sub-087/ses-t2/eeg/sub-087_ses-t2_task-resteyesc_eeg.json,/mnt/datasets_v7/gokul/EEGData/ds003775/sub-087/ses-t2/eeg/sub-087_ses-t2_task-resteyesc_channels.tsv,2026-06-14T16:25:47
0122,sub-088,ds003775,sub-088,ses-t1,1,,60,F,control,25,17,39,49,11,11,8,30,9,15,15,0,15,15,67,24,22,80,84,62,22,resteyesc,resteyesc,Resting-state data extracted from an experimental evoked potential paradigm.,closed,2018-01-22T13:46:02,1024.0,50,240.0,245760,continuous,64,64,0,EEG:64,uV:64,Fp1;AF7;AF3;F1;F3;F5;F7;FT7;FC5;FC3;FC1;C1;C3;C5;T7;TP7;CP5;CP3;CP1;P1;P3;P5;P7;P9;PO7;PO3;O1;Iz;Oz;POz;Pz;CPz;Fpz;Fp2;AF8;AF4;AFz;Fz;F2;F4;F6;F8;FT8;FC6;FC4;FC2;FCz;Cz;C2;C4;C6;T8;TP8;CP6;CP4;CP2;P2;P4;P6;P8;P10;PO8;PO4;O2,average,,10-10,n/a,,BioSemi,,"University of Oslo, Dept. of Psychology",sub-088_ses-t1_task-resteyesc_eeg.edf,.edf,/mnt/datasets_v7/gokul/EEGData/ds003775/sub-088/ses-t1/eeg/sub-088_ses-t1_task-resteyesc_eeg.edf,/mnt/datasets_v7/gokul/EEGData/ds003775/sub-088/ses-t1,/mnt/datasets_v7/gokul/EEGData/ds003775/sub-088/ses-t1/eeg/sub-088_ses-t1_task-resteyesc_eeg.json,/mnt/datasets_v7/gokul/EEGData/ds003775/sub-088/ses-t1/eeg/sub-088_ses-t1_task-resteyesc_channels.tsv,2026-06-14T16:25:47
0123,sub-089,ds003775,sub-089,ses-t1,1,,30,F,control,25,20,52,53,9,9,9,27,9,15,15,0,15,15,63,19,20,62,53,55,16,resteyesc,resteyesc,Resting-state data extracted from an experimental evoked potential paradigm.,closed,2017-12-19T17:07:22,1024.0,50,240.0,245760,continuous,64,64,0,EEG:64,uV:64,Fp1;AF7;AF3;F1;F3;F5;F7;FT7;FC5;FC3;FC1;C1;C3;C5;T7;TP7;CP5;CP3;CP1;P1;P3;P5;P7;P9;PO7;PO3;O1;Iz;Oz;POz;Pz;CPz;Fpz;Fp2;AF8;AF4;AFz;Fz;F2;F4;F6;F8;FT8;FC6;FC4;FC2;FCz;Cz;C2;C4;C6;T8;TP8;CP6;CP4;CP2;P2;P4;P6;P8;P10;PO8;PO4;O2,average,,10-10,n/a,,BioSemi,,"University of Oslo, Dept. of Psychology",sub-089_ses-t1_task-resteyesc_eeg.edf,.edf,/mnt/datasets_v7/gokul/EEGData/ds003775/sub-089/ses-t1/eeg/sub-089_ses-t1_task-resteyesc_eeg.edf,/mnt/datasets_v7/gokul/EEGData/ds003775/sub-089/ses-t1,/mnt/datasets_v7/gokul/EEGData/ds003775/sub-089/ses-t1/eeg/sub-089_ses-t1_task-resteyesc_eeg.json,/mnt/datasets_v7/gokul/EEGData/ds003775/sub-089/ses-t1/eeg/sub-089_ses-t1_task-resteyesc_channels.tsv,2026-06-14T16:25:47
0124,sub-090,ds003775,sub-090,ses-t1,1,,30,F,control,25,16,40,53,12,11,8,31,7,15,13,0,14,15,57,34,22,52,54,65,18,resteyesc,resteyesc,Resting-state data extracted from an experimental evoked potential paradigm.,closed,2017-11-28T17:40:20,1024.0,50,240.0,245760,continuous,64,64,0,EEG:64,uV:64,Fp1;AF7;AF3;F1;F3;F5;F7;FT7;FC5;FC3;FC1;C1;C3;C5;T7;TP7;CP5;CP3;CP1;P1;P3;P5;P7;P9;PO7;PO3;O1;Iz;Oz;POz;Pz;CPz;Fpz;Fp2;AF8;AF4;AFz;Fz;F2;F4;F6;F8;FT8;FC6;FC4;FC2;FCz;Cz;C2;C4;C6;T8;TP8;CP6;CP4;CP2;P2;P4;P6;P8;P10;PO8;PO4;O2,average,,10-10,n/a,,BioSemi,,"University of Oslo, Dept. of Psychology",sub-090_ses-t1_task-resteyesc_eeg.edf,.edf,/mnt/datasets_v7/gokul/EEGData/ds003775/sub-090/ses-t1/eeg/sub-090_ses-t1_task-resteyesc_eeg.edf,/mnt/datasets_v7/gokul/EEGData/ds003775/sub-090/ses-t1,/mnt/datasets_v7/gokul/EEGData/ds003775/sub-090/ses-t1/eeg/sub-090_ses-t1_task-resteyesc_eeg.json,/mnt/datasets_v7/gokul/EEGData/ds003775/sub-090/ses-t1/eeg/sub-090_ses-t1_task-resteyesc_channels.tsv,2026-06-14T16:25:47
0125,sub-091,ds003775,sub-091,ses-t1,1,,51,F,control,41,21,60,70,8,9,8,25,10,15,13,0,15,15,68,24,22,93,44,41,15,resteyesc,resteyesc,Resting-state data extracted from an experimental evoked potential paradigm.,closed,2017-09-20T17:24:22,1024.0,50,240.0,245760,continuous,64,64,0,EEG:64,uV:64,Fp1;AF7;AF3;F1;F3;F5;F7;FT7;FC5;FC3;FC1;C1;C3;C5;T7;TP7;CP5;CP3;CP1;P1;P3;P5;P7;P9;PO7;PO3;O1;Iz;Oz;POz;Pz;CPz;Fpz;Fp2;AF8;AF4;AFz;Fz;F2;F4;F6;F8;FT8;FC6;FC4;FC2;FCz;Cz;C2;C4;C6;T8;TP8;CP6;CP4;CP2;P2;P4;P6;P8;P10;PO8;PO4;O2,average,,10-10,n/a,,BioSemi,,"University of Oslo, Dept. of Psychology",sub-091_ses-t1_task-resteyesc_eeg.edf,.edf,/mnt/datasets_v7/gokul/EEGData/ds003775/sub-091/ses-t1/eeg/sub-091_ses-t1_task-resteyesc_eeg.edf,/mnt/datasets_v7/gokul/EEGData/ds003775/sub-091/ses-t1,/mnt/datasets_v7/gokul/EEGData/ds003775/sub-091/ses-t1/eeg/sub-091_ses-t1_task-resteyesc_eeg.json,/mnt/datasets_v7/gokul/EEGData/ds003775/sub-091/ses-t1/eeg/sub-091_ses-t1_task-resteyesc_channels.tsv,2026-06-14T16:25:47
0126,sub-091,ds003775,sub-091,ses-t2,2,,51,F,control,41,21,60,70,8,9,8,25,10,15,13,0,15,15,68,24,22,93,44,41,15,resteyesc,resteyesc,Resting-state data extracted from an experimental evoked potential paradigm.,closed,2018-10-01T17:38:50,1024.0,50,240.0,245760,continuous,64,64,0,EEG:64,uV:64,Fp1;AF7;AF3;F1;F3;F5;F7;FT7;FC5;FC3;FC1;C1;C3;C5;T7;TP7;CP5;CP3;CP1;P1;P3;P5;P7;P9;PO7;PO3;O1;Iz;Oz;POz;Pz;CPz;Fpz;Fp2;AF8;AF4;AFz;Fz;F2;F4;F6;F8;FT8;FC6;FC4;FC2;FCz;Cz;C2;C4;C6;T8;TP8;CP6;CP4;CP2;P2;P4;P6;P8;P10;PO8;PO4;O2,average,,10-10,n/a,,BioSemi,,"University of Oslo, Dept. of Psychology",sub-091_ses-t2_task-resteyesc_eeg.edf,.edf,/mnt/datasets_v7/gokul/EEGData/ds003775/sub-091/ses-t2/eeg/sub-091_ses-t2_task-resteyesc_eeg.edf,/mnt/datasets_v7/gokul/EEGData/ds003775/sub-091/ses-t2,/mnt/datasets_v7/gokul/EEGData/ds003775/sub-091/ses-t2/eeg/sub-091_ses-t2_task-resteyesc_eeg.json,/mnt/datasets_v7/gokul/EEGData/ds003775/sub-091/ses-t2/eeg/sub-091_ses-t2_task-resteyesc_channels.tsv,2026-06-14T16:25:47
0127,sub-092,ds003775,sub-092,ses-t1,1,,18,M,control,31,24,65,67,8,11,11,30,5,14,10,0,11,15,54,27,21,75,52,41,15,resteyesc,resteyesc,Resting-state data extracted from an experimental evoked potential paradigm.,closed,2018-01-03T18:38:02,1024.0,50,240.0,245760,continuous,64,64,0,EEG:64,uV:64,Fp1;AF7;AF3;F1;F3;F5;F7;FT7;FC5;FC3;FC1;C1;C3;C5;T7;TP7;CP5;CP3;CP1;P1;P3;P5;P7;P9;PO7;PO3;O1;Iz;Oz;POz;Pz;CPz;Fpz;Fp2;AF8;AF4;AFz;Fz;F2;F4;F6;F8;FT8;FC6;FC4;FC2;FCz;Cz;C2;C4;C6;T8;TP8;CP6;CP4;CP2;P2;P4;P6;P8;P10;PO8;PO4;O2,average,,10-10,n/a,,BioSemi,,"University of Oslo, Dept. of Psychology",sub-092_ses-t1_task-resteyesc_eeg.edf,.edf,/mnt/datasets_v7/gokul/EEGData/ds003775/sub-092/ses-t1/eeg/sub-092_ses-t1_task-resteyesc_eeg.edf,/mnt/datasets_v7/gokul/EEGData/ds003775/sub-092/ses-t1,/mnt/datasets_v7/gokul/EEGData/ds003775/sub-092/ses-t1/eeg/sub-092_ses-t1_task-resteyesc_eeg.json,/mnt/datasets_v7/gokul/EEGData/ds003775/sub-092/ses-t1/eeg/sub-092_ses-t1_task-resteyesc_channels.tsv,2026-06-14T16:25:47
0128,sub-093,ds003775,sub-093,ses-t1,1,,31,M,control,20,19,41,46,12,12,10,34,13,15,15,0,15,15,73,14,13,48,64,63,18,resteyesc,resteyesc,Resting-state data extracted from an experimental evoked potential paradigm.,closed,2017-11-06T10:31:30,1024.0,50,240.0,245760,continuous,64,64,0,EEG:64,uV:64,Fp1;AF7;AF3;F1;F3;F5;F7;FT7;FC5;FC3;FC1;C1;C3;C5;T7;TP7;CP5;CP3;CP1;P1;P3;P5;P7;P9;PO7;PO3;O1;Iz;Oz;POz;Pz;CPz;Fpz;Fp2;AF8;AF4;AFz;Fz;F2;F4;F6;F8;FT8;FC6;FC4;FC2;FCz;Cz;C2;C4;C6;T8;TP8;CP6;CP4;CP2;P2;P4;P6;P8;P10;PO8;PO4;O2,average,,10-10,n/a,,BioSemi,,"University of Oslo, Dept. of Psychology",sub-093_ses-t1_task-resteyesc_eeg.edf,.edf,/mnt/datasets_v7/gokul/EEGData/ds003775/sub-093/ses-t1/eeg/sub-093_ses-t1_task-resteyesc_eeg.edf,/mnt/datasets_v7/gokul/EEGData/ds003775/sub-093/ses-t1,/mnt/datasets_v7/gokul/EEGData/ds003775/sub-093/ses-t1/eeg/sub-093_ses-t1_task-resteyesc_eeg.json,/mnt/datasets_v7/gokul/EEGData/ds003775/sub-093/ses-t1/eeg/sub-093_ses-t1_task-resteyesc_channels.tsv,2026-06-14T16:25:47
0129,sub-094,ds003775,sub-094,ses-t1,1,,60,F,control,25,19,47,67,12,10,13,35,7,14,14,0,14,15,56,33,21,58,58,65,20,resteyesc,resteyesc,Resting-state data extracted from an experimental evoked potential paradigm.,closed,2017-09-12T17:14:12,1024.0,50,240.0,245760,continuous,64,64,0,EEG:64,uV:64,Fp1;AF7;AF3;F1;F3;F5;F7;FT7;FC5;FC3;FC1;C1;C3;C5;T7;TP7;CP5;CP3;CP1;P1;P3;P5;P7;P9;PO7;PO3;O1;Iz;Oz;POz;Pz;CPz;Fpz;Fp2;AF8;AF4;AFz;Fz;F2;F4;F6;F8;FT8;FC6;FC4;FC2;FCz;Cz;C2;C4;C6;T8;TP8;CP6;CP4;CP2;P2;P4;P6;P8;P10;PO8;PO4;O2,average,,10-10,n/a,,BioSemi,,"University of Oslo, Dept. of Psychology",sub-094_ses-t1_task-resteyesc_eeg.edf,.edf,/mnt/datasets_v7/gokul/EEGData/ds003775/sub-094/ses-t1/eeg/sub-094_ses-t1_task-resteyesc_eeg.edf,/mnt/datasets_v7/gokul/EEGData/ds003775/sub-094/ses-t1,/mnt/datasets_v7/gokul/EEGData/ds003775/sub-094/ses-t1/eeg/sub-094_ses-t1_task-resteyesc_eeg.json,/mnt/datasets_v7/gokul/EEGData/ds003775/sub-094/ses-t1/eeg/sub-094_ses-t1_task-resteyesc_channels.tsv,2026-06-14T16:25:47
0130,sub-094,ds003775,sub-094,ses-t2,2,,60,F,control,25,19,47,67,12,10,13,35,7,14,14,0,14,15,56,33,21,58,58,65,20,resteyesc,resteyesc,Resting-state data extracted from an experimental evoked potential paradigm.,closed,2018-09-17T17:01:10,1024.0,50,240.0,245760,continuous,64,64,0,EEG:64,uV:64,Fp1;AF7;AF3;F1;F3;F5;F7;FT7;FC5;FC3;FC1;C1;C3;C5;T7;TP7;CP5;CP3;CP1;P1;P3;P5;P7;P9;PO7;PO3;O1;Iz;Oz;POz;Pz;CPz;Fpz;Fp2;AF8;AF4;AFz;Fz;F2;F4;F6;F8;FT8;FC6;FC4;FC2;FCz;Cz;C2;C4;C6;T8;TP8;CP6;CP4;CP2;P2;P4;P6;P8;P10;PO8;PO4;O2,average,,10-10,n/a,,BioSemi,,"University of Oslo, Dept. of Psychology",sub-094_ses-t2_task-resteyesc_eeg.edf,.edf,/mnt/datasets_v7/gokul/EEGData/ds003775/sub-094/ses-t2/eeg/sub-094_ses-t2_task-resteyesc_eeg.edf,/mnt/datasets_v7/gokul/EEGData/ds003775/sub-094/ses-t2,/mnt/datasets_v7/gokul/EEGData/ds003775/sub-094/ses-t2/eeg/sub-094_ses-t2_task-resteyesc_eeg.json,/mnt/datasets_v7/gokul/EEGData/ds003775/sub-094/ses-t2/eeg/sub-094_ses-t2_task-resteyesc_channels.tsv,2026-06-14T16:25:47
0131,sub-095,ds003775,sub-095,ses-t1,1,,50,F,control,28,24,57,66,5,7,6,18,5,13,13,0,12,14,53,42,41,101,60,52,14,resteyesc,resteyesc,Resting-state data extracted from an experimental evoked potential paradigm.,closed,2019-10-21T17:33:24,1024.0,50,240.0,245760,continuous,64,64,0,EEG:64,uV:64,Fp1;AF7;AF3;F1;F3;F5;F7;FT7;FC5;FC3;FC1;C1;C3;C5;T7;TP7;CP5;CP3;CP1;P1;P3;P5;P7;P9;PO7;PO3;O1;Iz;Oz;POz;Pz;CPz;Fpz;Fp2;AF8;AF4;AFz;Fz;F2;F4;F6;F8;FT8;FC6;FC4;FC2;FCz;Cz;C2;C4;C6;T8;TP8;CP6;CP4;CP2;P2;P4;P6;P8;P10;PO8;PO4;O2,average,,10-10,n/a,,BioSemi,,"University of Oslo, Dept. of Psychology",sub-095_ses-t1_task-resteyesc_eeg.edf,.edf,/mnt/datasets_v7/gokul/EEGData/ds003775/sub-095/ses-t1/eeg/sub-095_ses-t1_task-resteyesc_eeg.edf,/mnt/datasets_v7/gokul/EEGData/ds003775/sub-095/ses-t1,/mnt/datasets_v7/gokul/EEGData/ds003775/sub-095/ses-t1/eeg/sub-095_ses-t1_task-resteyesc_eeg.json,/mnt/datasets_v7/gokul/EEGData/ds003775/sub-095/ses-t1/eeg/sub-095_ses-t1_task-resteyesc_channels.tsv,2026-06-14T16:25:47
0132,sub-096,ds003775,sub-096,ses-t1,1,,54,M,control,25,20,55,89,7,6,8,21,6,12,9,2,10,15,51,33,31,87,34,43,20,resteyesc,resteyesc,Resting-state data extracted from an experimental evoked potential paradigm.,closed,2018-02-27T15:44:48,1024.0,50,240.0,245760,continuous,64,64,0,EEG:64,uV:64,Fp1;AF7;AF3;F1;F3;F5;F7;FT7;FC5;FC3;FC1;C1;C3;C5;T7;TP7;CP5;CP3;CP1;P1;P3;P5;P7;P9;PO7;PO3;O1;Iz;Oz;POz;Pz;CPz;Fpz;Fp2;AF8;AF4;AFz;Fz;F2;F4;F6;F8;FT8;FC6;FC4;FC2;FCz;Cz;C2;C4;C6;T8;TP8;CP6;CP4;CP2;P2;P4;P6;P8;P10;PO8;PO4;O2,average,,10-10,n/a,,BioSemi,,"University of Oslo, Dept. of Psychology",sub-096_ses-t1_task-resteyesc_eeg.edf,.edf,/mnt/datasets_v7/gokul/EEGData/ds003775/sub-096/ses-t1/eeg/sub-096_ses-t1_task-resteyesc_eeg.edf,/mnt/datasets_v7/gokul/EEGData/ds003775/sub-096/ses-t1,/mnt/datasets_v7/gokul/EEGData/ds003775/sub-096/ses-t1/eeg/sub-096_ses-t1_task-resteyesc_eeg.json,/mnt/datasets_v7/gokul/EEGData/ds003775/sub-096/ses-t1/eeg/sub-096_ses-t1_task-resteyesc_channels.tsv,2026-06-14T16:25:47
0133,sub-097,ds003775,sub-097,ses-t1,1,,56,M,control,39,23,80,79,8,11,8,27,8,13,10,0,10,12,58,45,67,136,54,50,14,resteyesc,resteyesc,Resting-state data extracted from an experimental evoked potential paradigm.,closed,2017-11-10T11:30:36,1024.0,50,240.0,245760,continuous,64,64,0,EEG:64,uV:64,Fp1;AF7;AF3;F1;F3;F5;F7;FT7;FC5;FC3;FC1;C1;C3;C5;T7;TP7;CP5;CP3;CP1;P1;P3;P5;P7;P9;PO7;PO3;O1;Iz;Oz;POz;Pz;CPz;Fpz;Fp2;AF8;AF4;AFz;Fz;F2;F4;F6;F8;FT8;FC6;FC4;FC2;FCz;Cz;C2;C4;C6;T8;TP8;CP6;CP4;CP2;P2;P4;P6;P8;P10;PO8;PO4;O2,average,,10-10,n/a,,BioSemi,,"University of Oslo, Dept. of Psychology",sub-097_ses-t1_task-resteyesc_eeg.edf,.edf,/mnt/datasets_v7/gokul/EEGData/ds003775/sub-097/ses-t1/eeg/sub-097_ses-t1_task-resteyesc_eeg.edf,/mnt/datasets_v7/gokul/EEGData/ds003775/sub-097/ses-t1,/mnt/datasets_v7/gokul/EEGData/ds003775/sub-097/ses-t1/eeg/sub-097_ses-t1_task-resteyesc_eeg.json,/mnt/datasets_v7/gokul/EEGData/ds003775/sub-097/ses-t1/eeg/sub-097_ses-t1_task-resteyesc_channels.tsv,2026-06-14T16:25:47
0134,sub-097,ds003775,sub-097,ses-t2,2,,56,M,control,39,23,80,79,8,11,8,27,8,13,10,0,10,12,58,45,67,136,54,50,14,resteyesc,resteyesc,Resting-state data extracted from an experimental evoked potential paradigm.,closed,2018-12-11T13:39:04,1024.0,50,240.0,245760,continuous,64,64,0,EEG:64,uV:64,Fp1;AF7;AF3;F1;F3;F5;F7;FT7;FC5;FC3;FC1;C1;C3;C5;T7;TP7;CP5;CP3;CP1;P1;P3;P5;P7;P9;PO7;PO3;O1;Iz;Oz;POz;Pz;CPz;Fpz;Fp2;AF8;AF4;AFz;Fz;F2;F4;F6;F8;FT8;FC6;FC4;FC2;FCz;Cz;C2;C4;C6;T8;TP8;CP6;CP4;CP2;P2;P4;P6;P8;P10;PO8;PO4;O2,average,,10-10,n/a,,BioSemi,,"University of Oslo, Dept. of Psychology",sub-097_ses-t2_task-resteyesc_eeg.edf,.edf,/mnt/datasets_v7/gokul/EEGData/ds003775/sub-097/ses-t2/eeg/sub-097_ses-t2_task-resteyesc_eeg.edf,/mnt/datasets_v7/gokul/EEGData/ds003775/sub-097/ses-t2,/mnt/datasets_v7/gokul/EEGData/ds003775/sub-097/ses-t2/eeg/sub-097_ses-t2_task-resteyesc_eeg.json,/mnt/datasets_v7/gokul/EEGData/ds003775/sub-097/ses-t2/eeg/sub-097_ses-t2_task-resteyesc_channels.tsv,2026-06-14T16:25:47
0135,sub-098,ds003775,sub-098,ses-t1,1,,71,M,control,28,22,50,53,4,12,10,26,8,12,8,2,10,15,51,50,38,127,49,58,10,resteyesc,resteyesc,Resting-state data extracted from an experimental evoked potential paradigm.,closed,2017-11-21T11:31:20,1024.0,50,240.0,245760,continuous,64,64,0,EEG:64,uV:64,Fp1;AF7;AF3;F1;F3;F5;F7;FT7;FC5;FC3;FC1;C1;C3;C5;T7;TP7;CP5;CP3;CP1;P1;P3;P5;P7;P9;PO7;PO3;O1;Iz;Oz;POz;Pz;CPz;Fpz;Fp2;AF8;AF4;AFz;Fz;F2;F4;F6;F8;FT8;FC6;FC4;FC2;FCz;Cz;C2;C4;C6;T8;TP8;CP6;CP4;CP2;P2;P4;P6;P8;P10;PO8;PO4;O2,average,,10-10,n/a,,BioSemi,,"University of Oslo, Dept. of Psychology",sub-098_ses-t1_task-resteyesc_eeg.edf,.edf,/mnt/datasets_v7/gokul/EEGData/ds003775/sub-098/ses-t1/eeg/sub-098_ses-t1_task-resteyesc_eeg.edf,/mnt/datasets_v7/gokul/EEGData/ds003775/sub-098/ses-t1,/mnt/datasets_v7/gokul/EEGData/ds003775/sub-098/ses-t1/eeg/sub-098_ses-t1_task-resteyesc_eeg.json,/mnt/datasets_v7/gokul/EEGData/ds003775/sub-098/ses-t1/eeg/sub-098_ses-t1_task-resteyesc_channels.tsv,2026-06-14T16:25:47
0136,sub-099,ds003775,sub-099,ses-t1,1,,58,M,control,40,25,53,53,8,10,11,29,7,12,7,7,9,12,50,27,21,60,32,46,12,resteyesc,resteyesc,Resting-state data extracted from an experimental evoked potential paradigm.,closed,2017-11-18T10:28:16,1024.0,50,240.0,245760,continuous,64,64,0,EEG:64,uV:64,Fp1;AF7;AF3;F1;F3;F5;F7;FT7;FC5;FC3;FC1;C1;C3;C5;T7;TP7;CP5;CP3;CP1;P1;P3;P5;P7;P9;PO7;PO3;O1;Iz;Oz;POz;Pz;CPz;Fpz;Fp2;AF8;AF4;AFz;Fz;F2;F4;F6;F8;FT8;FC6;FC4;FC2;FCz;Cz;C2;C4;C6;T8;TP8;CP6;CP4;CP2;P2;P4;P6;P8;P10;PO8;PO4;O2,average,,10-10,n/a,,BioSemi,,"University of Oslo, Dept. of Psychology",sub-099_ses-t1_task-resteyesc_eeg.edf,.edf,/mnt/datasets_v7/gokul/EEGData/ds003775/sub-099/ses-t1/eeg/sub-099_ses-t1_task-resteyesc_eeg.edf,/mnt/datasets_v7/gokul/EEGData/ds003775/sub-099/ses-t1,/mnt/datasets_v7/gokul/EEGData/ds003775/sub-099/ses-t1/eeg/sub-099_ses-t1_task-resteyesc_eeg.json,/mnt/datasets_v7/gokul/EEGData/ds003775/sub-099/ses-t1/eeg/sub-099_ses-t1_task-resteyesc_channels.tsv,2026-06-14T16:25:47
0137,sub-100,ds003775,sub-100,ses-t1,1,,37,F,control,39,26,52,55,8,7,11,26,9,14,12,0,12,15,60,27,16,44,25,35,17,resteyesc,resteyesc,Resting-state data extracted from an experimental evoked potential paradigm.,closed,2017-06-14T10:41:18,1024.0,50,240.0,245760,continuous,64,64,0,EEG:64,uV:64,Fp1;AF7;AF3;F1;F3;F5;F7;FT7;FC5;FC3;FC1;C1;C3;C5;T7;TP7;CP5;CP3;CP1;P1;P3;P5;P7;P9;PO7;PO3;O1;Iz;Oz;POz;Pz;CPz;Fpz;Fp2;AF8;AF4;AFz;Fz;F2;F4;F6;F8;FT8;FC6;FC4;FC2;FCz;Cz;C2;C4;C6;T8;TP8;CP6;CP4;CP2;P2;P4;P6;P8;P10;PO8;PO4;O2,average,,10-10,n/a,,BioSemi,,"University of Oslo, Dept. of Psychology",sub-100_ses-t1_task-resteyesc_eeg.edf,.edf,/mnt/datasets_v7/gokul/EEGData/ds003775/sub-100/ses-t1/eeg/sub-100_ses-t1_task-resteyesc_eeg.edf,/mnt/datasets_v7/gokul/EEGData/ds003775/sub-100/ses-t1,/mnt/datasets_v7/gokul/EEGData/ds003775/sub-100/ses-t1/eeg/sub-100_ses-t1_task-resteyesc_eeg.json,/mnt/datasets_v7/gokul/EEGData/ds003775/sub-100/ses-t1/eeg/sub-100_ses-t1_task-resteyesc_channels.tsv,2026-06-14T16:25:47
0138,sub-101,ds003775,sub-101,ses-t1,1,,63,F,control,28,21,54,74,10,13,7,30,9,14,13,0,14,15,65,27,34,,60,41,12,resteyesc,resteyesc,Resting-state data extracted from an experimental evoked potential paradigm.,closed,2017-09-05T11:15:46,1024.0,50,240.0,245760,continuous,64,64,0,EEG:64,uV:64,Fp1;AF7;AF3;F1;F3;F5;F7;FT7;FC5;FC3;FC1;C1;C3;C5;T7;TP7;CP5;CP3;CP1;P1;P3;P5;P7;P9;PO7;PO3;O1;Iz;Oz;POz;Pz;CPz;Fpz;Fp2;AF8;AF4;AFz;Fz;F2;F4;F6;F8;FT8;FC6;FC4;FC2;FCz;Cz;C2;C4;C6;T8;TP8;CP6;CP4;CP2;P2;P4;P6;P8;P10;PO8;PO4;O2,average,,10-10,n/a,,BioSemi,,"University of Oslo, Dept. of Psychology",sub-101_ses-t1_task-resteyesc_eeg.edf,.edf,/mnt/datasets_v7/gokul/EEGData/ds003775/sub-101/ses-t1/eeg/sub-101_ses-t1_task-resteyesc_eeg.edf,/mnt/datasets_v7/gokul/EEGData/ds003775/sub-101/ses-t1,/mnt/datasets_v7/gokul/EEGData/ds003775/sub-101/ses-t1/eeg/sub-101_ses-t1_task-resteyesc_eeg.json,/mnt/datasets_v7/gokul/EEGData/ds003775/sub-101/ses-t1/eeg/sub-101_ses-t1_task-resteyesc_channels.tsv,2026-06-14T16:25:47
0139,sub-101,ds003775,sub-101,ses-t2,2,,63,F,control,28,21,54,74,10,13,7,30,9,14,13,0,14,15,65,27,34,,60,41,12,resteyesc,resteyesc,Resting-state data extracted from an experimental evoked potential paradigm.,closed,2018-01-23T10:34:24,1024.0,50,240.0,245760,continuous,64,64,0,EEG:64,uV:64,Fp1;AF7;AF3;F1;F3;F5;F7;FT7;FC5;FC3;FC1;C1;C3;C5;T7;TP7;CP5;CP3;CP1;P1;P3;P5;P7;P9;PO7;PO3;O1;Iz;Oz;POz;Pz;CPz;Fpz;Fp2;AF8;AF4;AFz;Fz;F2;F4;F6;F8;FT8;FC6;FC4;FC2;FCz;Cz;C2;C4;C6;T8;TP8;CP6;CP4;CP2;P2;P4;P6;P8;P10;PO8;PO4;O2,average,,10-10,n/a,,BioSemi,,"University of Oslo, Dept. of Psychology",sub-101_ses-t2_task-resteyesc_eeg.edf,.edf,/mnt/datasets_v7/gokul/EEGData/ds003775/sub-101/ses-t2/eeg/sub-101_ses-t2_task-resteyesc_eeg.edf,/mnt/datasets_v7/gokul/EEGData/ds003775/sub-101/ses-t2,/mnt/datasets_v7/gokul/EEGData/ds003775/sub-101/ses-t2/eeg/sub-101_ses-t2_task-resteyesc_eeg.json,/mnt/datasets_v7/gokul/EEGData/ds003775/sub-101/ses-t2/eeg/sub-101_ses-t2_task-resteyesc_channels.tsv,2026-06-14T16:25:47
0140,sub-102,ds003775,sub-102,ses-t1,1,,43,F,control,31,19,49,65,9,8,9,26,9,14,15,0,14,15,62,62,55,90,36,51,19,resteyesc,resteyesc,Resting-state data extracted from an experimental evoked potential paradigm.,closed,2017-10-17T18:04:44,1024.0,50,240.0,245760,continuous,64,64,0,EEG:64,uV:64,Fp1;AF7;AF3;F1;F3;F5;F7;FT7;FC5;FC3;FC1;C1;C3;C5;T7;TP7;CP5;CP3;CP1;P1;P3;P5;P7;P9;PO7;PO3;O1;Iz;Oz;POz;Pz;CPz;Fpz;Fp2;AF8;AF4;AFz;Fz;F2;F4;F6;F8;FT8;FC6;FC4;FC2;FCz;Cz;C2;C4;C6;T8;TP8;CP6;CP4;CP2;P2;P4;P6;P8;P10;PO8;PO4;O2,average,,10-10,n/a,,BioSemi,,"University of Oslo, Dept. of Psychology",sub-102_ses-t1_task-resteyesc_eeg.edf,.edf,/mnt/datasets_v7/gokul/EEGData/ds003775/sub-102/ses-t1/eeg/sub-102_ses-t1_task-resteyesc_eeg.edf,/mnt/datasets_v7/gokul/EEGData/ds003775/sub-102/ses-t1,/mnt/datasets_v7/gokul/EEGData/ds003775/sub-102/ses-t1/eeg/sub-102_ses-t1_task-resteyesc_eeg.json,/mnt/datasets_v7/gokul/EEGData/ds003775/sub-102/ses-t1/eeg/sub-102_ses-t1_task-resteyesc_channels.tsv,2026-06-14T16:25:47
0141,sub-103,ds003775,sub-103,ses-t1,1,,42,F,control,39,29,64,65,8,6,7,21,7,14,13,0,14,15,62,29,24,84,30,32,14,resteyesc,resteyesc,Resting-state data extracted from an experimental evoked potential paradigm.,closed,2017-06-29T11:27:54,1024.0,50,240.0,245760,continuous,64,64,0,EEG:64,uV:64,Fp1;AF7;AF3;F1;F3;F5;F7;FT7;FC5;FC3;FC1;C1;C3;C5;T7;TP7;CP5;CP3;CP1;P1;P3;P5;P7;P9;PO7;PO3;O1;Iz;Oz;POz;Pz;CPz;Fpz;Fp2;AF8;AF4;AFz;Fz;F2;F4;F6;F8;FT8;FC6;FC4;FC2;FCz;Cz;C2;C4;C6;T8;TP8;CP6;CP4;CP2;P2;P4;P6;P8;P10;PO8;PO4;O2,average,,10-10,n/a,,BioSemi,,"University of Oslo, Dept. of Psychology",sub-103_ses-t1_task-resteyesc_eeg.edf,.edf,/mnt/datasets_v7/gokul/EEGData/ds003775/sub-103/ses-t1/eeg/sub-103_ses-t1_task-resteyesc_eeg.edf,/mnt/datasets_v7/gokul/EEGData/ds003775/sub-103/ses-t1,/mnt/datasets_v7/gokul/EEGData/ds003775/sub-103/ses-t1/eeg/sub-103_ses-t1_task-resteyesc_eeg.json,/mnt/datasets_v7/gokul/EEGData/ds003775/sub-103/ses-t1/eeg/sub-103_ses-t1_task-resteyesc_channels.tsv,2026-06-14T16:25:47
0142,sub-104,ds003775,sub-104,ses-t1,1,,46,M,control,44,28,62,78,8,8,6,22,8,12,13,0,12,14,58,30,38,121,,,,resteyesc,resteyesc,Resting-state data extracted from an experimental evoked potential paradigm.,closed,2018-02-03T12:33:38,1024.0,50,240.0,245760,continuous,64,64,0,EEG:64,uV:64,Fp1;AF7;AF3;F1;F3;F5;F7;FT7;FC5;FC3;FC1;C1;C3;C5;T7;TP7;CP5;CP3;CP1;P1;P3;P5;P7;P9;PO7;PO3;O1;Iz;Oz;POz;Pz;CPz;Fpz;Fp2;AF8;AF4;AFz;Fz;F2;F4;F6;F8;FT8;FC6;FC4;FC2;FCz;Cz;C2;C4;C6;T8;TP8;CP6;CP4;CP2;P2;P4;P6;P8;P10;PO8;PO4;O2,average,,10-10,n/a,,BioSemi,,"University of Oslo, Dept. of Psychology",sub-104_ses-t1_task-resteyesc_eeg.edf,.edf,/mnt/datasets_v7/gokul/EEGData/ds003775/sub-104/ses-t1/eeg/sub-104_ses-t1_task-resteyesc_eeg.edf,/mnt/datasets_v7/gokul/EEGData/ds003775/sub-104/ses-t1,/mnt/datasets_v7/gokul/EEGData/ds003775/sub-104/ses-t1/eeg/sub-104_ses-t1_task-resteyesc_eeg.json,/mnt/datasets_v7/gokul/EEGData/ds003775/sub-104/ses-t1/eeg/sub-104_ses-t1_task-resteyesc_channels.tsv,2026-06-14T16:25:47
0143,sub-104,ds003775,sub-104,ses-t2,2,,46,M,control,44,28,62,78,8,8,6,22,8,12,13,0,12,14,58,30,38,121,,,,resteyesc,resteyesc,Resting-state data extracted from an experimental evoked potential paradigm.,closed,2019-02-27T17:40:52,1024.0,50,240.0,245760,continuous,64,64,0,EEG:64,uV:64,Fp1;AF7;AF3;F1;F3;F5;F7;FT7;FC5;FC3;FC1;C1;C3;C5;T7;TP7;CP5;CP3;CP1;P1;P3;P5;P7;P9;PO7;PO3;O1;Iz;Oz;POz;Pz;CPz;Fpz;Fp2;AF8;AF4;AFz;Fz;F2;F4;F6;F8;FT8;FC6;FC4;FC2;FCz;Cz;C2;C4;C6;T8;TP8;CP6;CP4;CP2;P2;P4;P6;P8;P10;PO8;PO4;O2,average,,10-10,n/a,,BioSemi,,"University of Oslo, Dept. of Psychology",sub-104_ses-t2_task-resteyesc_eeg.edf,.edf,/mnt/datasets_v7/gokul/EEGData/ds003775/sub-104/ses-t2/eeg/sub-104_ses-t2_task-resteyesc_eeg.edf,/mnt/datasets_v7/gokul/EEGData/ds003775/sub-104/ses-t2,/mnt/datasets_v7/gokul/EEGData/ds003775/sub-104/ses-t2/eeg/sub-104_ses-t2_task-resteyesc_eeg.json,/mnt/datasets_v7/gokul/EEGData/ds003775/sub-104/ses-t2/eeg/sub-104_ses-t2_task-resteyesc_channels.tsv,2026-06-14T16:25:47
0144,sub-105,ds003775,sub-105,ses-t1,1,,31,F,control,37,23,49,64,8,10,8,26,9,14,14,0,15,15,61,18,25,87,50,53,16,resteyesc,resteyesc,Resting-state data extracted from an experimental evoked potential paradigm.,closed,2017-06-13T15:35:20,1024.0,50,240.0,245760,continuous,64,64,0,EEG:64,uV:64,Fp1;AF7;AF3;F1;F3;F5;F7;FT7;FC5;FC3;FC1;C1;C3;C5;T7;TP7;CP5;CP3;CP1;P1;P3;P5;P7;P9;PO7;PO3;O1;Iz;Oz;POz;Pz;CPz;Fpz;Fp2;AF8;AF4;AFz;Fz;F2;F4;F6;F8;FT8;FC6;FC4;FC2;FCz;Cz;C2;C4;C6;T8;TP8;CP6;CP4;CP2;P2;P4;P6;P8;P10;PO8;PO4;O2,average,,10-10,n/a,,BioSemi,,"University of Oslo, Dept. of Psychology",sub-105_ses-t1_task-resteyesc_eeg.edf,.edf,/mnt/datasets_v7/gokul/EEGData/ds003775/sub-105/ses-t1/eeg/sub-105_ses-t1_task-resteyesc_eeg.edf,/mnt/datasets_v7/gokul/EEGData/ds003775/sub-105/ses-t1,/mnt/datasets_v7/gokul/EEGData/ds003775/sub-105/ses-t1/eeg/sub-105_ses-t1_task-resteyesc_eeg.json,/mnt/datasets_v7/gokul/EEGData/ds003775/sub-105/ses-t1/eeg/sub-105_ses-t1_task-resteyesc_channels.tsv,2026-06-14T16:25:47
0145,sub-105,ds003775,sub-105,ses-t2,2,,31,F,control,37,23,49,64,8,10,8,26,9,14,14,0,15,15,61,18,25,87,50,53,16,resteyesc,resteyesc,Resting-state data extracted from an experimental evoked potential paradigm.,closed,2018-06-20T11:38:08,1024.0,50,240.0,245760,continuous,64,64,0,EEG:64,uV:64,Fp1;AF7;AF3;F1;F3;F5;F7;FT7;FC5;FC3;FC1;C1;C3;C5;T7;TP7;CP5;CP3;CP1;P1;P3;P5;P7;P9;PO7;PO3;O1;Iz;Oz;POz;Pz;CPz;Fpz;Fp2;AF8;AF4;AFz;Fz;F2;F4;F6;F8;FT8;FC6;FC4;FC2;FCz;Cz;C2;C4;C6;T8;TP8;CP6;CP4;CP2;P2;P4;P6;P8;P10;PO8;PO4;O2,average,,10-10,n/a,,BioSemi,,"University of Oslo, Dept. of Psychology",sub-105_ses-t2_task-resteyesc_eeg.edf,.edf,/mnt/datasets_v7/gokul/EEGData/ds003775/sub-105/ses-t2/eeg/sub-105_ses-t2_task-resteyesc_eeg.edf,/mnt/datasets_v7/gokul/EEGData/ds003775/sub-105/ses-t2,/mnt/datasets_v7/gokul/EEGData/ds003775/sub-105/ses-t2/eeg/sub-105_ses-t2_task-resteyesc_eeg.json,/mnt/datasets_v7/gokul/EEGData/ds003775/sub-105/ses-t2/eeg/sub-105_ses-t2_task-resteyesc_channels.tsv,2026-06-14T16:25:47
0146,sub-106,ds003775,sub-106,ses-t1,1,,23,F,control,27,20,49,65,10,11,8,29,7,14,14,0,14,15,62,33,,81,39,31,14,resteyesc,resteyesc,Resting-state data extracted from an experimental evoked potential paradigm.,closed,2017-06-15T10:45:44,1024.0,50,240.0,245760,continuous,64,64,0,EEG:64,uV:64,Fp1;AF7;AF3;F1;F3;F5;F7;FT7;FC5;FC3;FC1;C1;C3;C5;T7;TP7;CP5;CP3;CP1;P1;P3;P5;P7;P9;PO7;PO3;O1;Iz;Oz;POz;Pz;CPz;Fpz;Fp2;AF8;AF4;AFz;Fz;F2;F4;F6;F8;FT8;FC6;FC4;FC2;FCz;Cz;C2;C4;C6;T8;TP8;CP6;CP4;CP2;P2;P4;P6;P8;P10;PO8;PO4;O2,average,,10-10,n/a,,BioSemi,,"University of Oslo, Dept. of Psychology",sub-106_ses-t1_task-resteyesc_eeg.edf,.edf,/mnt/datasets_v7/gokul/EEGData/ds003775/sub-106/ses-t1/eeg/sub-106_ses-t1_task-resteyesc_eeg.edf,/mnt/datasets_v7/gokul/EEGData/ds003775/sub-106/ses-t1,/mnt/datasets_v7/gokul/EEGData/ds003775/sub-106/ses-t1/eeg/sub-106_ses-t1_task-resteyesc_eeg.json,/mnt/datasets_v7/gokul/EEGData/ds003775/sub-106/ses-t1/eeg/sub-106_ses-t1_task-resteyesc_channels.tsv,2026-06-14T16:25:47
0147,sub-106,ds003775,sub-106,ses-t2,2,,23,F,control,27,20,49,65,10,11,8,29,7,14,14,0,14,15,62,33,,81,39,31,14,resteyesc,resteyesc,Resting-state data extracted from an experimental evoked potential paradigm.,closed,2018-06-15T12:39:58,1024.0,50,240.0,245760,continuous,64,64,0,EEG:64,uV:64,Fp1;AF7;AF3;F1;F3;F5;F7;FT7;FC5;FC3;FC1;C1;C3;C5;T7;TP7;CP5;CP3;CP1;P1;P3;P5;P7;P9;PO7;PO3;O1;Iz;Oz;POz;Pz;CPz;Fpz;Fp2;AF8;AF4;AFz;Fz;F2;F4;F6;F8;FT8;FC6;FC4;FC2;FCz;Cz;C2;C4;C6;T8;TP8;CP6;CP4;CP2;P2;P4;P6;P8;P10;PO8;PO4;O2,average,,10-10,n/a,,BioSemi,,"University of Oslo, Dept. of Psychology",sub-106_ses-t2_task-resteyesc_eeg.edf,.edf,/mnt/datasets_v7/gokul/EEGData/ds003775/sub-106/ses-t2/eeg/sub-106_ses-t2_task-resteyesc_eeg.edf,/mnt/datasets_v7/gokul/EEGData/ds003775/sub-106/ses-t2,/mnt/datasets_v7/gokul/EEGData/ds003775/sub-106/ses-t2/eeg/sub-106_ses-t2_task-resteyesc_eeg.json,/mnt/datasets_v7/gokul/EEGData/ds003775/sub-106/ses-t2/eeg/sub-106_ses-t2_task-resteyesc_channels.tsv,2026-06-14T16:25:47
0148,sub-107,ds003775,sub-107,ses-t1,1,,18,F,control,21,19,41,44,8,10,13,31,8,15,15,0,15,15,65,19,24,39,42,54,12,resteyesc,resteyesc,Resting-state data extracted from an experimental evoked potential paradigm.,closed,2017-06-01T17:47:48,1024.0,50,240.0,245760,continuous,64,64,0,EEG:64,uV:64,Fp1;AF7;AF3;F1;F3;F5;F7;FT7;FC5;FC3;FC1;C1;C3;C5;T7;TP7;CP5;CP3;CP1;P1;P3;P5;P7;P9;PO7;PO3;O1;Iz;Oz;POz;Pz;CPz;Fpz;Fp2;AF8;AF4;AFz;Fz;F2;F4;F6;F8;FT8;FC6;FC4;FC2;FCz;Cz;C2;C4;C6;T8;TP8;CP6;CP4;CP2;P2;P4;P6;P8;P10;PO8;PO4;O2,average,,10-10,n/a,,BioSemi,,"University of Oslo, Dept. of Psychology",sub-107_ses-t1_task-resteyesc_eeg.edf,.edf,/mnt/datasets_v7/gokul/EEGData/ds003775/sub-107/ses-t1/eeg/sub-107_ses-t1_task-resteyesc_eeg.edf,/mnt/datasets_v7/gokul/EEGData/ds003775/sub-107/ses-t1,/mnt/datasets_v7/gokul/EEGData/ds003775/sub-107/ses-t1/eeg/sub-107_ses-t1_task-resteyesc_eeg.json,/mnt/datasets_v7/gokul/EEGData/ds003775/sub-107/ses-t1/eeg/sub-107_ses-t1_task-resteyesc_channels.tsv,2026-06-14T16:25:47
0149,sub-108,ds003775,sub-108,ses-t1,1,,50,F,control,31,21,55,60,5,6,7,18,7,14,12,0,10,14,54,36,38,86,35,44,15,resteyesc,resteyesc,Resting-state data extracted from an experimental evoked potential paradigm.,closed,2017-06-17T14:33:20,1024.0,50,240.0,245760,continuous,64,64,0,EEG:64,uV:64,Fp1;AF7;AF3;F1;F3;F5;F7;FT7;FC5;FC3;FC1;C1;C3;C5;T7;TP7;CP5;CP3;CP1;P1;P3;P5;P7;P9;PO7;PO3;O1;Iz;Oz;POz;Pz;CPz;Fpz;Fp2;AF8;AF4;AFz;Fz;F2;F4;F6;F8;FT8;FC6;FC4;FC2;FCz;Cz;C2;C4;C6;T8;TP8;CP6;CP4;CP2;P2;P4;P6;P8;P10;PO8;PO4;O2,average,,10-10,n/a,,BioSemi,,"University of Oslo, Dept. of Psychology",sub-108_ses-t1_task-resteyesc_eeg.edf,.edf,/mnt/datasets_v7/gokul/EEGData/ds003775/sub-108/ses-t1/eeg/sub-108_ses-t1_task-resteyesc_eeg.edf,/mnt/datasets_v7/gokul/EEGData/ds003775/sub-108/ses-t1,/mnt/datasets_v7/gokul/EEGData/ds003775/sub-108/ses-t1/eeg/sub-108_ses-t1_task-resteyesc_eeg.json,/mnt/datasets_v7/gokul/EEGData/ds003775/sub-108/ses-t1/eeg/sub-108_ses-t1_task-resteyesc_channels.tsv,2026-06-14T16:25:47
0150,sub-109,ds003775,sub-109,ses-t1,1,,19,F,control,40,20,90,84,7,9,8,24,8,15,15,0,14,15,61,20,38,128,30,38,13,resteyesc,resteyesc,Resting-state data extracted from an experimental evoked potential paradigm.,closed,2017-10-10T16:14:26,1024.0,50,240.0,245760,continuous,64,64,0,EEG:64,uV:64,Fp1;AF7;AF3;F1;F3;F5;F7;FT7;FC5;FC3;FC1;C1;C3;C5;T7;TP7;CP5;CP3;CP1;P1;P3;P5;P7;P9;PO7;PO3;O1;Iz;Oz;POz;Pz;CPz;Fpz;Fp2;AF8;AF4;AFz;Fz;F2;F4;F6;F8;FT8;FC6;FC4;FC2;FCz;Cz;C2;C4;C6;T8;TP8;CP6;CP4;CP2;P2;P4;P6;P8;P10;PO8;PO4;O2,average,,10-10,n/a,,BioSemi,,"University of Oslo, Dept. of Psychology",sub-109_ses-t1_task-resteyesc_eeg.edf,.edf,/mnt/datasets_v7/gokul/EEGData/ds003775/sub-109/ses-t1/eeg/sub-109_ses-t1_task-resteyesc_eeg.edf,/mnt/datasets_v7/gokul/EEGData/ds003775/sub-109/ses-t1,/mnt/datasets_v7/gokul/EEGData/ds003775/sub-109/ses-t1/eeg/sub-109_ses-t1_task-resteyesc_eeg.json,/mnt/datasets_v7/gokul/EEGData/ds003775/sub-109/ses-t1/eeg/sub-109_ses-t1_task-resteyesc_channels.tsv,2026-06-14T16:25:47
0151,sub-110,ds003775,sub-110,ses-t1,1,,39,F,control,30,17,41,60,9,9,9,27,9,15,14,0,15,15,66,20,18,46,63,48,15,resteyesc,resteyesc,Resting-state data extracted from an experimental evoked potential paradigm.,closed,2017-09-08T10:47:34,1024.0,50,240.0,245760,continuous,64,64,0,EEG:64,uV:64,Fp1;AF7;AF3;F1;F3;F5;F7;FT7;FC5;FC3;FC1;C1;C3;C5;T7;TP7;CP5;CP3;CP1;P1;P3;P5;P7;P9;PO7;PO3;O1;Iz;Oz;POz;Pz;CPz;Fpz;Fp2;AF8;AF4;AFz;Fz;F2;F4;F6;F8;FT8;FC6;FC4;FC2;FCz;Cz;C2;C4;C6;T8;TP8;CP6;CP4;CP2;P2;P4;P6;P8;P10;PO8;PO4;O2,average,,10-10,n/a,,BioSemi,,"University of Oslo, Dept. of Psychology",sub-110_ses-t1_task-resteyesc_eeg.edf,.edf,/mnt/datasets_v7/gokul/EEGData/ds003775/sub-110/ses-t1/eeg/sub-110_ses-t1_task-resteyesc_eeg.edf,/mnt/datasets_v7/gokul/EEGData/ds003775/sub-110/ses-t1,/mnt/datasets_v7/gokul/EEGData/ds003775/sub-110/ses-t1/eeg/sub-110_ses-t1_task-resteyesc_eeg.json,/mnt/datasets_v7/gokul/EEGData/ds003775/sub-110/ses-t1/eeg/sub-110_ses-t1_task-resteyesc_channels.tsv,2026-06-14T16:25:47
0152,sub-110,ds003775,sub-110,ses-t2,2,,39,F,control,30,17,41,60,9,9,9,27,9,15,14,0,15,15,66,20,18,46,63,48,15,resteyesc,resteyesc,Resting-state data extracted from an experimental evoked potential paradigm.,closed,2018-09-10T15:54:04,1024.0,50,240.0,245760,continuous,64,64,0,EEG:64,uV:64,Fp1;AF7;AF3;F1;F3;F5;F7;FT7;FC5;FC3;FC1;C1;C3;C5;T7;TP7;CP5;CP3;CP1;P1;P3;P5;P7;P9;PO7;PO3;O1;Iz;Oz;POz;Pz;CPz;Fpz;Fp2;AF8;AF4;AFz;Fz;F2;F4;F6;F8;FT8;FC6;FC4;FC2;FCz;Cz;C2;C4;C6;T8;TP8;CP6;CP4;CP2;P2;P4;P6;P8;P10;PO8;PO4;O2,average,,10-10,n/a,,BioSemi,,"University of Oslo, Dept. of Psychology",sub-110_ses-t2_task-resteyesc_eeg.edf,.edf,/mnt/datasets_v7/gokul/EEGData/ds003775/sub-110/ses-t2/eeg/sub-110_ses-t2_task-resteyesc_eeg.edf,/mnt/datasets_v7/gokul/EEGData/ds003775/sub-110/ses-t2,/mnt/datasets_v7/gokul/EEGData/ds003775/sub-110/ses-t2/eeg/sub-110_ses-t2_task-resteyesc_eeg.json,/mnt/datasets_v7/gokul/EEGData/ds003775/sub-110/ses-t2/eeg/sub-110_ses-t2_task-resteyesc_channels.tsv,2026-06-14T16:25:47
0153,sub-111,ds003775,sub-111,ses-t1,1,,65,M,control,34,27,55,54,10,7,8,25,8,11,10,0,10,15,49,54,52,130,39,35,16,resteyesc,resteyesc,Resting-state data extracted from an experimental evoked potential paradigm.,closed,2019-10-07T09:30:50,1024.0,50,240.0,245760,continuous,64,64,0,EEG:64,uV:64,Fp1;AF7;AF3;F1;F3;F5;F7;FT7;FC5;FC3;FC1;C1;C3;C5;T7;TP7;CP5;CP3;CP1;P1;P3;P5;P7;P9;PO7;PO3;O1;Iz;Oz;POz;Pz;CPz;Fpz;Fp2;AF8;AF4;AFz;Fz;F2;F4;F6;F8;FT8;FC6;FC4;FC2;FCz;Cz;C2;C4;C6;T8;TP8;CP6;CP4;CP2;P2;P4;P6;P8;P10;PO8;PO4;O2,average,,10-10,n/a,,BioSemi,,"University of Oslo, Dept. of Psychology",sub-111_ses-t1_task-resteyesc_eeg.edf,.edf,/mnt/datasets_v7/gokul/EEGData/ds003775/sub-111/ses-t1/eeg/sub-111_ses-t1_task-resteyesc_eeg.edf,/mnt/datasets_v7/gokul/EEGData/ds003775/sub-111/ses-t1,/mnt/datasets_v7/gokul/EEGData/ds003775/sub-111/ses-t1/eeg/sub-111_ses-t1_task-resteyesc_eeg.json,/mnt/datasets_v7/gokul/EEGData/ds003775/sub-111/ses-t1/eeg/sub-111_ses-t1_task-resteyesc_channels.tsv,2026-06-14T16:25:47
