new_id,old_id,dataset_id,subject_id,session_id,session_num,run,age,sex,handedness,education,drug,drug_positive,smoking,smoking_num,skid_diagnosis,hamilton_scale,bsl23_sumscore,bsl23_behavior,audit,alcohol_units_28d,alcohol_dep_relative,relationship_status,diagnosis,task_label,task_name,task_description,eyes_condition,sampling_rate_hz,powerline_freq_hz,recording_duration_sec,n_timepoints,recording_type,n_total_channels,n_eeg_channels,n_other_channels,channel_types_tsv,channel_unit,channel_names,eeg_reference,eeg_ground,eeg_placement_scheme,software_filters,hardware_filters,cap_manufacturer,cap_model,institution,file_name,file_extension,file_path_raw,subject_dir,eeg_json_path,channels_tsv_path,table_generated_at
0001,sub-032301,LEMON,sub-032301,,,,65-70,M,right,Realschule,negative,0,smoker,3,none,0,,,2,0,Yes,No,control,,RestingState,,open,2500.0,50,,,,62,61,1,EEG:61;EOG:1,µV:61,Fp1;Fp2;F7;F3;Fz;F4;F8;FC5;FC1;FC2;FC6;T7;C3;Cz;C4;T8;CP5;CP1;CP2;CP6;AFz;P7;P3;Pz;P4;P8;PO9;O1;Oz;O2;PO10;AF7;AF3;AF4;AF8;F5;F1;F2;F6;FT7;FC3;FC4;FT8;C5;C1;C2;C6;TP7;CP3;CPz;CP4;TP8;P5;P1;P2;P6;PO7;PO3;POz;PO4;PO8,,,,,,,,,sub-032301.vhdr,.vhdr,/mnt/datasets_v7/gokul/EEGData/dsLEMON/sub-032301/RSEEG/sub-032301.vhdr,/mnt/datasets_v7/gokul/EEGData/dsLEMON/sub-032301,,,2026-06-14T16:29:21
0002,sub-032302,LEMON,sub-032302,,,,20-25,M,right,Gymnasium,negative,0,non-smoker,1,none,3,,,1,0,No,No,control,,RestingState,,open,2500.0,50,,,,62,61,1,EEG:61;EOG:1,µV:61,Fp1;Fp2;F7;F3;Fz;F4;F8;FC5;FC1;FC2;FC6;T7;C3;Cz;C4;T8;CP5;CP1;CP2;CP6;AFz;P7;P3;Pz;P4;P8;PO9;O1;Oz;O2;PO10;AF7;AF3;AF4;AF8;F5;F1;F2;F6;FT7;FC3;FC4;FT8;C5;C1;C2;C6;TP7;CP3;CPz;CP4;TP8;P5;P1;P2;P6;PO7;PO3;POz;PO4;PO8,,,,,,,,,sub-032302.vhdr,.vhdr,/mnt/datasets_v7/gokul/EEGData/dsLEMON/sub-032302/RSEEG/sub-032302.vhdr,/mnt/datasets_v7/gokul/EEGData/dsLEMON/sub-032302,,,2026-06-14T16:29:21
0003,sub-032303,LEMON,sub-032303,,,,65-70,M,right,Realschule,negative,0,non-smoker,1,none,2,,,1,0,No,Yes,control,,RestingState,,open,2500.0,50,,,,62,61,1,EEG:61;EOG:1,µV:61,Fp1;Fp2;F7;F3;Fz;F4;F8;FC5;FC1;FC2;FC6;T7;C3;Cz;C4;T8;CP5;CP1;CP2;CP6;AFz;P7;P3;Pz;P4;P8;PO9;O1;Oz;O2;PO10;AF7;AF3;AF4;AF8;F5;F1;F2;F6;FT7;FC3;FC4;FT8;C5;C1;C2;C6;TP7;CP3;CPz;CP4;TP8;P5;P1;P2;P6;PO7;PO3;POz;PO4;PO8,,,,,,,,,sub-032303.vhdr,.vhdr,/mnt/datasets_v7/gokul/EEGData/dsLEMON/sub-032303/RSEEG/sub-032303.vhdr,/mnt/datasets_v7/gokul/EEGData/dsLEMON/sub-032303,,,2026-06-14T16:29:21
0004,sub-032304,LEMON,sub-032304,,,,25-30,F,right,Gymnasium,negative,0,non-smoker,1,none,0,4,0,1,1,No,No,control,,RestingState,,open,2500.0,50,,,,62,61,1,EEG:61;EOG:1,µV:61,Fp1;Fp2;F7;F3;Fz;F4;F8;FC5;FC1;FC2;FC6;T7;C3;Cz;C4;T8;CP5;CP1;CP2;CP6;AFz;P7;P3;Pz;P4;P8;PO9;O1;Oz;O2;PO10;AF7;AF3;AF4;AF8;F5;F1;F2;F6;FT7;FC3;FC4;FT8;C5;C1;C2;C6;TP7;CP3;CPz;CP4;TP8;P5;P1;P2;P6;PO7;PO3;POz;PO4;PO8,,,,,,,,,sub-032304.vhdr,.vhdr,/mnt/datasets_v7/gokul/EEGData/dsLEMON/sub-032304/RSEEG/sub-032304.vhdr,/mnt/datasets_v7/gokul/EEGData/dsLEMON/sub-032304,,,2026-06-14T16:29:21
0005,sub-032305,LEMON,sub-032305,,,,65-70,M,ambidextrous,Realschule,negative,0,non-smoker,1,none,0,,,2,5,No,Yes,control,,RestingState,,open,2500.0,50,,,,62,61,1,EEG:61;EOG:1,µV:61,Fp1;Fp2;F7;F3;Fz;F4;F8;FC5;FC1;FC2;FC6;T7;C3;Cz;C4;T8;CP5;CP1;CP2;CP6;AFz;P7;P3;Pz;P4;P8;PO9;O1;Oz;O2;PO10;AF7;AF3;AF4;AF8;F5;F1;F2;F6;FT7;FC3;FC4;FT8;C5;C1;C2;C6;TP7;CP3;CPz;CP4;TP8;P5;P1;P2;P6;PO7;PO3;POz;PO4;PO8,,,,,,,,,sub-032305.vhdr,.vhdr,/mnt/datasets_v7/gokul/EEGData/dsLEMON/sub-032305/RSEEG/sub-032305.vhdr,/mnt/datasets_v7/gokul/EEGData/dsLEMON/sub-032305,,,2026-06-14T16:29:21
0006,sub-032306,LEMON,sub-032306,,,,65-70,M,right,Realschule,negative,0,non-smoker,1,none,9,,,0,0,No,No,control,,RestingState,,open,2500.0,50,,,,62,61,1,EEG:61;EOG:1,µV:61,Fp1;Fp2;F7;F3;Fz;F4;F8;FC5;FC1;FC2;FC6;T7;C3;Cz;C4;T8;CP5;CP1;CP2;CP6;AFz;P7;P3;Pz;P4;P8;PO9;O1;Oz;O2;PO10;AF7;AF3;AF4;AF8;F5;F1;F2;F6;FT7;FC3;FC4;FT8;C5;C1;C2;C6;TP7;CP3;CPz;CP4;TP8;P5;P1;P2;P6;PO7;PO3;POz;PO4;PO8,,,,,,,,,sub-032306.vhdr,.vhdr,/mnt/datasets_v7/gokul/EEGData/dsLEMON/sub-032306/RSEEG/sub-032306.vhdr,/mnt/datasets_v7/gokul/EEGData/dsLEMON/sub-032306,,,2026-06-14T16:29:21
0007,sub-032307,LEMON,sub-032307,,,,25-30,F,right,Gymnasium,negative,0,non-smoker,1,none,0,,,15,43,Yes,Yes,control,,RestingState,,open,2500.0,50,,,,62,61,1,EEG:61;EOG:1,µV:61,Fp1;Fp2;F7;F3;Fz;F4;F8;FC5;FC1;FC2;FC6;T7;C3;Cz;C4;T8;CP5;CP1;CP2;CP6;AFz;P7;P3;Pz;P4;P8;PO9;O1;Oz;O2;PO10;AF7;AF3;AF4;AF8;F5;F1;F2;F6;FT7;FC3;FC4;FT8;C5;C1;C2;C6;TP7;CP3;CPz;CP4;TP8;P5;P1;P2;P6;PO7;PO3;POz;PO4;PO8,,,,,,,,,sub-032307.vhdr,.vhdr,/mnt/datasets_v7/gokul/EEGData/dsLEMON/sub-032307/RSEEG/sub-032307.vhdr,/mnt/datasets_v7/gokul/EEGData/dsLEMON/sub-032307,,,2026-06-14T16:29:21
0008,sub-032308,LEMON,sub-032308,,,,60-65,M,right,Gymnasium,negative,0,non-smoker,1,none,0,,,0,0,No,Yes,control,,RestingState,,open,2500.0,50,,,,62,61,1,EEG:61;EOG:1,µV:61,Fp1;Fp2;F7;F3;Fz;F4;F8;FC5;FC1;FC2;FC6;T7;C3;Cz;C4;T8;CP5;CP1;CP2;CP6;AFz;P7;P3;Pz;P4;P8;PO9;O1;Oz;O2;PO10;AF7;AF3;AF4;AF8;F5;F1;F2;F6;FT7;FC3;FC4;FT8;C5;C1;C2;C6;TP7;CP3;CPz;CP4;TP8;P5;P1;P2;P6;PO7;PO3;POz;PO4;PO8,,,,,,,,,sub-032308.vhdr,.vhdr,/mnt/datasets_v7/gokul/EEGData/dsLEMON/sub-032308/RSEEG/sub-032308.vhdr,/mnt/datasets_v7/gokul/EEGData/dsLEMON/sub-032308,,,2026-06-14T16:29:21
0009,sub-032309,LEMON,sub-032309,,,,20-25,F,right,Gymnasium,negative,0,occasional smoker,2,none,0,,,12,45,Yes,Yes,control,,RestingState,,open,2500.0,50,,,,62,61,1,EEG:61;EOG:1,µV:61,Fp1;Fp2;F7;F3;Fz;F4;F8;FC5;FC1;FC2;FC6;T7;C3;Cz;C4;T8;CP5;CP1;CP2;CP6;AFz;P7;P3;Pz;P4;P8;PO9;O1;Oz;O2;PO10;AF7;AF3;AF4;AF8;F5;F1;F2;F6;FT7;FC3;FC4;FT8;C5;C1;C2;C6;TP7;CP3;CPz;CP4;TP8;P5;P1;P2;P6;PO7;PO3;POz;PO4;PO8,,,,,,,,,sub-032309.vhdr,.vhdr,/mnt/datasets_v7/gokul/EEGData/dsLEMON/sub-032309/RSEEG/sub-032309.vhdr,/mnt/datasets_v7/gokul/EEGData/dsLEMON/sub-032309,,,2026-06-14T16:29:21
0010,sub-032310,LEMON,sub-032310,,,,25-30,M,right,Gymnasium,negative,0,non-smoker,1,none,4,,,0,5,No,Yes,control,,RestingState,,open,2500.0,50,,,,62,61,1,EEG:61;EOG:1,µV:61,Fp1;Fp2;F7;F3;Fz;F4;F8;FC5;FC1;FC2;FC6;T7;C3;Cz;C4;T8;CP5;CP1;CP2;CP6;AFz;P7;P3;Pz;P4;P8;PO9;O1;Oz;O2;PO10;AF7;AF3;AF4;AF8;F5;F1;F2;F6;FT7;FC3;FC4;FT8;C5;C1;C2;C6;TP7;CP3;CPz;CP4;TP8;P5;P1;P2;P6;PO7;PO3;POz;PO4;PO8,,,,,,,,,sub-032310.vhdr,.vhdr,/mnt/datasets_v7/gokul/EEGData/dsLEMON/sub-032310/RSEEG/sub-032310.vhdr,/mnt/datasets_v7/gokul/EEGData/dsLEMON/sub-032310,,,2026-06-14T16:29:21
0011,sub-032311,LEMON,sub-032311,,,,20-25,F,right,Gymnasium,negative,0,non-smoker,1,none,0,,,12,47,No,No,control,,RestingState,,open,2500.0,50,,,,62,61,1,EEG:61;EOG:1,µV:61,Fp1;Fp2;F7;F3;Fz;F4;F8;FC5;FC1;FC2;FC6;T7;C3;Cz;C4;T8;CP5;CP1;CP2;CP6;AFz;P7;P3;Pz;P4;P8;PO9;O1;Oz;O2;PO10;AF7;AF3;AF4;AF8;F5;F1;F2;F6;FT7;FC3;FC4;FT8;C5;C1;C2;C6;TP7;CP3;CPz;CP4;TP8;P5;P1;P2;P6;PO7;PO3;POz;PO4;PO8,,,,,,,,,sub-032311.vhdr,.vhdr,/mnt/datasets_v7/gokul/EEGData/dsLEMON/sub-032311/RSEEG/sub-032311.vhdr,/mnt/datasets_v7/gokul/EEGData/dsLEMON/sub-032311,,,2026-06-14T16:29:21
0012,sub-032312,LEMON,sub-032312,,,,20-25,M,right,Gymnasium,negative,0,non-smoker,1,none,4,,,7,27,No,No,control,,RestingState,,open,2500.0,50,,,,62,61,1,EEG:61;EOG:1,µV:61,Fp1;Fp2;F7;F3;Fz;F4;F8;FC5;FC1;FC2;FC6;T7;C3;Cz;C4;T8;CP5;CP1;CP2;CP6;AFz;P7;P3;Pz;P4;P8;PO9;O1;Oz;O2;PO10;AF7;AF3;AF4;AF8;F5;F1;F2;F6;FT7;FC3;FC4;FT8;C5;C1;C2;C6;TP7;CP3;CPz;CP4;TP8;P5;P1;P2;P6;PO7;PO3;POz;PO4;PO8,,,,,,,,,sub-032312.vhdr,.vhdr,/mnt/datasets_v7/gokul/EEGData/dsLEMON/sub-032312/RSEEG/sub-032312.vhdr,/mnt/datasets_v7/gokul/EEGData/dsLEMON/sub-032312,,,2026-06-14T16:29:21
0013,sub-032313,LEMON,sub-032313,,,,20-25,F,right,Gymnasium,negative,0,occasional smoker,2,none,8,,,16,34,No,No,control,,RestingState,,open,2500.0,50,,,,62,61,1,EEG:61;EOG:1,µV:61,Fp1;Fp2;F7;F3;Fz;F4;F8;FC5;FC1;FC2;FC6;T7;C3;Cz;C4;T8;CP5;CP1;CP2;CP6;AFz;P7;P3;Pz;P4;P8;PO9;O1;Oz;O2;PO10;AF7;AF3;AF4;AF8;F5;F1;F2;F6;FT7;FC3;FC4;FT8;C5;C1;C2;C6;TP7;CP3;CPz;CP4;TP8;P5;P1;P2;P6;PO7;PO3;POz;PO4;PO8,,,,,,,,,sub-032313.vhdr,.vhdr,/mnt/datasets_v7/gokul/EEGData/dsLEMON/sub-032313/RSEEG/sub-032313.vhdr,/mnt/datasets_v7/gokul/EEGData/dsLEMON/sub-032313,,,2026-06-14T16:29:21
0014,sub-032314,LEMON,sub-032314,,,,25-30,M,right,Gymnasium,positive (THC),1,non-smoker,1,none,5,,,9,33,No,No,control,,RestingState,,open,2500.0,50,,,,62,61,1,EEG:61;EOG:1,µV:61,Fp1;Fp2;F7;F3;Fz;F4;F8;FC5;FC1;FC2;FC6;T7;C3;Cz;C4;T8;CP5;CP1;CP2;CP6;AFz;P7;P3;Pz;P4;P8;PO9;O1;Oz;O2;PO10;AF7;AF3;AF4;AF8;F5;F1;F2;F6;FT7;FC3;FC4;FT8;C5;C1;C2;C6;TP7;CP3;CPz;CP4;TP8;P5;P1;P2;P6;PO7;PO3;POz;PO4;PO8,,,,,,,,,sub-032314.vhdr,.vhdr,/mnt/datasets_v7/gokul/EEGData/dsLEMON/sub-032314/RSEEG/sub-032314.vhdr,/mnt/datasets_v7/gokul/EEGData/dsLEMON/sub-032314,,,2026-06-14T16:29:21
0015,sub-032315,LEMON,sub-032315,,,,20-25,F,right,Gymnasium,negative,0,non-smoker,1,none,2,,,7,22,No,No,control,,RestingState,,open,2500.0,50,,,,62,61,1,EEG:61;EOG:1,µV:61,Fp1;Fp2;F7;F3;Fz;F4;F8;FC5;FC1;FC2;FC6;T7;C3;Cz;C4;T8;CP5;CP1;CP2;CP6;AFz;P7;P3;Pz;P4;P8;PO9;O1;Oz;O2;PO10;AF7;AF3;AF4;AF8;F5;F1;F2;F6;FT7;FC3;FC4;FT8;C5;C1;C2;C6;TP7;CP3;CPz;CP4;TP8;P5;P1;P2;P6;PO7;PO3;POz;PO4;PO8,,,,,,,,,sub-032315.vhdr,.vhdr,/mnt/datasets_v7/gokul/EEGData/dsLEMON/sub-032315/RSEEG/sub-032315.vhdr,/mnt/datasets_v7/gokul/EEGData/dsLEMON/sub-032315,,,2026-06-14T16:29:21
0016,sub-032316,LEMON,sub-032316,,,,25-30,M,right,Gymnasium,negative,0,non-smoker,1,current Anorexia Nervosa,0,,,12,35,No,Yes,control,,RestingState,,open,2500.0,50,,,,62,61,1,EEG:61;EOG:1,µV:61,Fp1;Fp2;F7;F3;Fz;F4;F8;FC5;FC1;FC2;FC6;T7;C3;Cz;C4;T8;CP5;CP1;CP2;CP6;AFz;P7;P3;Pz;P4;P8;PO9;O1;Oz;O2;PO10;AF7;AF3;AF4;AF8;F5;F1;F2;F6;FT7;FC3;FC4;FT8;C5;C1;C2;C6;TP7;CP3;CPz;CP4;TP8;P5;P1;P2;P6;PO7;PO3;POz;PO4;PO8,,,,,,,,,sub-032316.vhdr,.vhdr,/mnt/datasets_v7/gokul/EEGData/dsLEMON/sub-032316/RSEEG/sub-032316.vhdr,/mnt/datasets_v7/gokul/EEGData/dsLEMON/sub-032316,,,2026-06-14T16:29:21
0017,sub-032317,LEMON,sub-032317,,,,20-25,F,right,Gymnasium,negative,0,non-smoker,1,none,0,,,10,8,No,No,control,,RestingState,,open,2500.0,50,,,,62,61,1,EEG:61;EOG:1,µV:61,Fp1;Fp2;F7;F3;Fz;F4;F8;FC5;FC1;FC2;FC6;T7;C3;Cz;C4;T8;CP5;CP1;CP2;CP6;AFz;P7;P3;Pz;P4;P8;PO9;O1;Oz;O2;PO10;AF7;AF3;AF4;AF8;F5;F1;F2;F6;FT7;FC3;FC4;FT8;C5;C1;C2;C6;TP7;CP3;CPz;CP4;TP8;P5;P1;P2;P6;PO7;PO3;POz;PO4;PO8,,,,,,,,,sub-032317.vhdr,.vhdr,/mnt/datasets_v7/gokul/EEGData/dsLEMON/sub-032317/RSEEG/sub-032317.vhdr,/mnt/datasets_v7/gokul/EEGData/dsLEMON/sub-032317,,,2026-06-14T16:29:21
0018,sub-032318,LEMON,sub-032318,,,,60-65,F,right,Gymnasium,negative,0,non-smoker,1,none,0,,,4,25,No,Yes,control,,RestingState,,open,2500.0,50,,,,62,61,1,EEG:61;EOG:1,µV:61,Fp1;Fp2;F7;F3;Fz;F4;F8;FC5;FC1;FC2;FC6;T7;C3;Cz;C4;T8;CP5;CP1;CP2;CP6;AFz;P7;P3;Pz;P4;P8;PO9;O1;Oz;O2;PO10;AF7;AF3;AF4;AF8;F5;F1;F2;F6;FT7;FC3;FC4;FT8;C5;C1;C2;C6;TP7;CP3;CPz;CP4;TP8;P5;P1;P2;P6;PO7;PO3;POz;PO4;PO8,,,,,,,,,sub-032318.vhdr,.vhdr,/mnt/datasets_v7/gokul/EEGData/dsLEMON/sub-032318/RSEEG/sub-032318.vhdr,/mnt/datasets_v7/gokul/EEGData/dsLEMON/sub-032318,,,2026-06-14T16:29:21
0019,sub-032319,LEMON,sub-032319,,,,20-25,F,right,Gymnasium,negative,0,smoker,3,none,5,,,7,28,No,No,control,,RestingState,,open,2500.0,50,,,,62,61,1,EEG:61;EOG:1,µV:61,Fp1;Fp2;F7;F3;Fz;F4;F8;FC5;FC1;FC2;FC6;T7;C3;Cz;C4;T8;CP5;CP1;CP2;CP6;AFz;P7;P3;Pz;P4;P8;PO9;O1;Oz;O2;PO10;AF7;AF3;AF4;AF8;F5;F1;F2;F6;FT7;FC3;FC4;FT8;C5;C1;C2;C6;TP7;CP3;CPz;CP4;TP8;P5;P1;P2;P6;PO7;PO3;POz;PO4;PO8,,,,,,,,,sub-032319.vhdr,.vhdr,/mnt/datasets_v7/gokul/EEGData/dsLEMON/sub-032319/RSEEG/sub-032319.vhdr,/mnt/datasets_v7/gokul/EEGData/dsLEMON/sub-032319,,,2026-06-14T16:29:21
0020,sub-032320,LEMON,sub-032320,,,,25-30,M,left,Gymnasium,negative,0,non-smoker,1,none,1,,,0,0,No,Yes,control,,RestingState,,open,2500.0,50,,,,62,61,1,EEG:61;EOG:1,µV:61,Fp1;Fp2;F7;F3;Fz;F4;F8;FC5;FC1;FC2;FC6;T7;C3;Cz;C4;T8;CP5;CP1;CP2;CP6;AFz;P7;P3;Pz;P4;P8;PO9;O1;Oz;O2;PO10;AF7;AF3;AF4;AF8;F5;F1;F2;F6;FT7;FC3;FC4;FT8;C5;C1;C2;C6;TP7;CP3;CPz;CP4;TP8;P5;P1;P2;P6;PO7;PO3;POz;PO4;PO8,,,,,,,,,sub-032320.vhdr,.vhdr,/mnt/datasets_v7/gokul/EEGData/dsLEMON/sub-032320/RSEEG/sub-032320.vhdr,/mnt/datasets_v7/gokul/EEGData/dsLEMON/sub-032320,,,2026-06-14T16:29:21
0021,sub-032321,LEMON,sub-032321,,,,30-35,M,right,Gymnasium,negative,0,non-smoker,1,none,7,,,3,10,unknown,,control,,RestingState,,open,2500.0,50,,,,62,61,1,EEG:61;EOG:1,µV:61,Fp1;Fp2;F7;F3;Fz;F4;F8;FC5;FC1;FC2;FC6;T7;C3;Cz;C4;T8;CP5;CP1;CP2;CP6;AFz;P7;P3;Pz;P4;P8;PO9;O1;Oz;O2;PO10;AF7;AF3;AF4;AF8;F5;F1;F2;F6;FT7;FC3;FC4;FT8;C5;C1;C2;C6;TP7;CP3;CPz;CP4;TP8;P5;P1;P2;P6;PO7;PO3;POz;PO4;PO8,,,,,,,,,sub-032321.vhdr,.vhdr,/mnt/datasets_v7/gokul/EEGData/dsLEMON/sub-032321/RSEEG/sub-032321.vhdr,/mnt/datasets_v7/gokul/EEGData/dsLEMON/sub-032321,,,2026-06-14T16:29:21
0022,sub-032322,LEMON,sub-032322,,,,20-25,F,right,Gymnasium,negative,0,occasional smoker,2,none,0,,,4,4,No,Yes,control,,RestingState,,open,2500.0,50,,,,62,61,1,EEG:61;EOG:1,µV:61,Fp1;Fp2;F7;F3;Fz;F4;F8;FC5;FC1;FC2;FC6;T7;C3;Cz;C4;T8;CP5;CP1;CP2;CP6;AFz;P7;P3;Pz;P4;P8;PO9;O1;Oz;O2;PO10;AF7;AF3;AF4;AF8;F5;F1;F2;F6;FT7;FC3;FC4;FT8;C5;C1;C2;C6;TP7;CP3;CPz;CP4;TP8;P5;P1;P2;P6;PO7;PO3;POz;PO4;PO8,,,,,,,,,sub-032322.vhdr,.vhdr,/mnt/datasets_v7/gokul/EEGData/dsLEMON/sub-032322/RSEEG/sub-032322.vhdr,/mnt/datasets_v7/gokul/EEGData/dsLEMON/sub-032322,,,2026-06-14T16:29:21
0023,sub-032323,LEMON,sub-032323,,,,20-25,M,right,Gymnasium,negative,0,non-smoker,1,none,0,,,3,11,No,Yes,control,,RestingState,,open,2500.0,50,,,,62,61,1,EEG:61;EOG:1,µV:61,Fp1;Fp2;F7;F3;Fz;F4;F8;FC5;FC1;FC2;FC6;T7;C3;Cz;C4;T8;CP5;CP1;CP2;CP6;AFz;P7;P3;Pz;P4;P8;PO9;O1;Oz;O2;PO10;AF7;AF3;AF4;AF8;F5;F1;F2;F6;FT7;FC3;FC4;FT8;C5;C1;C2;C6;TP7;CP3;CPz;CP4;TP8;P5;P1;P2;P6;PO7;PO3;POz;PO4;PO8,,,,,,,,,sub-032323.vhdr,.vhdr,/mnt/datasets_v7/gokul/EEGData/dsLEMON/sub-032323/RSEEG/sub-032323.vhdr,/mnt/datasets_v7/gokul/EEGData/dsLEMON/sub-032323,,,2026-06-14T16:29:21
0024,sub-032324,LEMON,sub-032324,,,,20-25,M,right,Gymnasium,negative,0,non-smoker,1,none,0,,,7,20,No,Yes,control,,RestingState,,open,2500.0,50,,,,62,61,1,EEG:61;EOG:1,µV:61,Fp1;Fp2;F7;F3;Fz;F4;F8;FC5;FC1;FC2;FC6;T7;C3;Cz;C4;T8;CP5;CP1;CP2;CP6;AFz;P7;P3;Pz;P4;P8;PO9;O1;Oz;O2;PO10;AF7;AF3;AF4;AF8;F5;F1;F2;F6;FT7;FC3;FC4;FT8;C5;C1;C2;C6;TP7;CP3;CPz;CP4;TP8;P5;P1;P2;P6;PO7;PO3;POz;PO4;PO8,,,,,,,,,sub-032324.vhdr,.vhdr,/mnt/datasets_v7/gokul/EEGData/dsLEMON/sub-032324/RSEEG/sub-032324.vhdr,/mnt/datasets_v7/gokul/EEGData/dsLEMON/sub-032324,,,2026-06-14T16:29:21
0025,sub-032325,LEMON,sub-032325,,,,20-25,M,right,Gymnasium,negative,0,non-smoker,1,none,2,,,9,24,No,Yes,control,,RestingState,,open,2500.0,50,,,,62,61,1,EEG:61;EOG:1,µV:61,Fp1;Fp2;F7;F3;Fz;F4;F8;FC5;FC1;FC2;FC6;T7;C3;Cz;C4;T8;CP5;CP1;CP2;CP6;AFz;P7;P3;Pz;P4;P8;PO9;O1;Oz;O2;PO10;AF7;AF3;AF4;AF8;F5;F1;F2;F6;FT7;FC3;FC4;FT8;C5;C1;C2;C6;TP7;CP3;CPz;CP4;TP8;P5;P1;P2;P6;PO7;PO3;POz;PO4;PO8,,,,,,,,,sub-032325.vhdr,.vhdr,/mnt/datasets_v7/gokul/EEGData/dsLEMON/sub-032325/RSEEG/sub-032325.vhdr,/mnt/datasets_v7/gokul/EEGData/dsLEMON/sub-032325,,,2026-06-14T16:29:21
0026,sub-032326,LEMON,sub-032326,,,,25-30,F,right,Gymnasium,negative,0,non-smoker,1,none,0,,,9,25,No,Yes,control,,RestingState,,open,2500.0,50,,,,62,61,1,EEG:61;EOG:1,µV:61,Fp1;Fp2;F7;F3;Fz;F4;F8;FC5;FC1;FC2;FC6;T7;C3;Cz;C4;T8;CP5;CP1;CP2;CP6;AFz;P7;P3;Pz;P4;P8;PO9;O1;Oz;O2;PO10;AF7;AF3;AF4;AF8;F5;F1;F2;F6;FT7;FC3;FC4;FT8;C5;C1;C2;C6;TP7;CP3;CPz;CP4;TP8;P5;P1;P2;P6;PO7;PO3;POz;PO4;PO8,,,,,,,,,sub-032326.vhdr,.vhdr,/mnt/datasets_v7/gokul/EEGData/dsLEMON/sub-032326/RSEEG/sub-032326.vhdr,/mnt/datasets_v7/gokul/EEGData/dsLEMON/sub-032326,,,2026-06-14T16:29:21
0027,sub-032327,LEMON,sub-032327,,,,25-30,M,left,Gymnasium,negative,0,non-smoker,1,none,0,,,4,8,No,No,control,,RestingState,,open,2500.0,50,,,,62,61,1,EEG:61;EOG:1,µV:61,Fp1;Fp2;F7;F3;Fz;F4;F8;FC5;FC1;FC2;FC6;T7;C3;Cz;C4;T8;CP5;CP1;CP2;CP6;AFz;P7;P3;Pz;P4;P8;PO9;O1;Oz;O2;PO10;AF7;AF3;AF4;AF8;F5;F1;F2;F6;FT7;FC3;FC4;FT8;C5;C1;C2;C6;TP7;CP3;CPz;CP4;TP8;P5;P1;P2;P6;PO7;PO3;POz;PO4;PO8,,,,,,,,,sub-032327.vhdr,.vhdr,/mnt/datasets_v7/gokul/EEGData/dsLEMON/sub-032327/RSEEG/sub-032327.vhdr,/mnt/datasets_v7/gokul/EEGData/dsLEMON/sub-032327,,,2026-06-14T16:29:21
0028,sub-032328,LEMON,sub-032328,,,,30-35,M,right,Gymnasium,possitive (MOP) ,1,smoker,3,current Alcohol abuse,2,1,2,3,8,No,No,control,,RestingState,,open,2500.0,50,,,,62,61,1,EEG:61;EOG:1,µV:61,Fp1;Fp2;F7;F3;Fz;F4;F8;FC5;FC1;FC2;FC6;T7;C3;Cz;C4;T8;CP5;CP1;CP2;CP6;AFz;P7;P3;Pz;P4;P8;PO9;O1;Oz;O2;PO10;AF7;AF3;AF4;AF8;F5;F1;F2;F6;FT7;FC3;FC4;FT8;C5;C1;C2;C6;TP7;CP3;CPz;CP4;TP8;P5;P1;P2;P6;PO7;PO3;POz;PO4;PO8,,,,,,,,,sub-032328.vhdr,.vhdr,/mnt/datasets_v7/gokul/EEGData/dsLEMON/sub-032328/RSEEG/sub-032328.vhdr,/mnt/datasets_v7/gokul/EEGData/dsLEMON/sub-032328,,,2026-06-14T16:29:21
0029,sub-032329,LEMON,sub-032329,,,,65-70,M,right,Realschule,negative,0,non-smoker,1,none,0,,,1,1,unknown,No,control,,RestingState,,open,2500.0,50,,,,62,61,1,EEG:61;EOG:1,µV:61,Fp1;Fp2;F7;F3;Fz;F4;F8;FC5;FC1;FC2;FC6;T7;C3;Cz;C4;T8;CP5;CP1;CP2;CP6;AFz;P7;P3;Pz;P4;P8;PO9;O1;Oz;O2;PO10;AF7;AF3;AF4;AF8;F5;F1;F2;F6;FT7;FC3;FC4;FT8;C5;C1;C2;C6;TP7;CP3;CPz;CP4;TP8;P5;P1;P2;P6;PO7;PO3;POz;PO4;PO8,,,,,,,,,sub-032329.vhdr,.vhdr,/mnt/datasets_v7/gokul/EEGData/dsLEMON/sub-032329/RSEEG/sub-032329.vhdr,/mnt/datasets_v7/gokul/EEGData/dsLEMON/sub-032329,,,2026-06-14T16:29:21
0030,sub-032330,LEMON,sub-032330,,,,25-30,M,ambidextrous,Gymnasium,negative,0,occasional smoker,2,current Binge Eating Disorder F50.9,4,3,0,4,21,No,Yes,control,,RestingState,,open,2500.0,50,,,,62,61,1,EEG:61;EOG:1,µV:61,Fp1;Fp2;F7;F3;Fz;F4;F8;FC5;FC1;FC2;FC6;T7;C3;Cz;C4;T8;CP5;CP1;CP2;CP6;AFz;P7;P3;Pz;P4;P8;PO9;O1;Oz;O2;PO10;AF7;AF3;AF4;AF8;F5;F1;F2;F6;FT7;FC3;FC4;FT8;C5;C1;C2;C6;TP7;CP3;CPz;CP4;TP8;P5;P1;P2;P6;PO7;PO3;POz;PO4;PO8,,,,,,,,,sub-032330.vhdr,.vhdr,/mnt/datasets_v7/gokul/EEGData/dsLEMON/sub-032330/RSEEG/sub-032330.vhdr,/mnt/datasets_v7/gokul/EEGData/dsLEMON/sub-032330,,,2026-06-14T16:29:21
0031,sub-032331,LEMON,sub-032331,,,,70-75,F,right,Gymansium,negative,0,non-smoker,1,none,0,,,2,6,No,Yes,control,,RestingState,,open,2500.0,50,,,,62,61,1,EEG:61;EOG:1,µV:61,Fp1;Fp2;F7;F3;Fz;F4;F8;FC5;FC1;FC2;FC6;T7;C3;Cz;C4;T8;CP5;CP1;CP2;CP6;AFz;P7;P3;Pz;P4;P8;PO9;O1;Oz;O2;PO10;AF7;AF3;AF4;AF8;F5;F1;F2;F6;FT7;FC3;FC4;FT8;C5;C1;C2;C6;TP7;CP3;CPz;CP4;TP8;P5;P1;P2;P6;PO7;PO3;POz;PO4;PO8,,,,,,,,,sub-032331.vhdr,.vhdr,/mnt/datasets_v7/gokul/EEGData/dsLEMON/sub-032331/RSEEG/sub-032331.vhdr,/mnt/datasets_v7/gokul/EEGData/dsLEMON/sub-032331,,,2026-06-14T16:29:21
0032,sub-032332,LEMON,sub-032332,,,,20-25,M,right,Gymnasium,negative,0,non-smoker,1,none,2,,,4,1,No,Yes,control,,RestingState,,open,2500.0,50,,,,62,61,1,EEG:61;EOG:1,µV:61,Fp1;Fp2;F7;F3;Fz;F4;F8;FC5;FC1;FC2;FC6;T7;C3;Cz;C4;T8;CP5;CP1;CP2;CP6;AFz;P7;P3;Pz;P4;P8;PO9;O1;Oz;O2;PO10;AF7;AF3;AF4;AF8;F5;F1;F2;F6;FT7;FC3;FC4;FT8;C5;C1;C2;C6;TP7;CP3;CPz;CP4;TP8;P5;P1;P2;P6;PO7;PO3;POz;PO4;PO8,,,,,,,,,sub-032332.vhdr,.vhdr,/mnt/datasets_v7/gokul/EEGData/dsLEMON/sub-032332/RSEEG/sub-032332.vhdr,/mnt/datasets_v7/gokul/EEGData/dsLEMON/sub-032332,,,2026-06-14T16:29:21
0033,sub-032333,LEMON,sub-032333,,,,70-75,F,left,Hauptschule,negative,0,non-smoker,1,none,1,,,4,29,No,Yes,control,,RestingState,,open,2500.0,50,,,,62,61,1,EEG:61;EOG:1,µV:61,Fp1;Fp2;F7;F3;Fz;F4;F8;FC5;FC1;FC2;FC6;T7;C3;Cz;C4;T8;CP5;CP1;CP2;CP6;AFz;P7;P3;Pz;P4;P8;PO9;O1;Oz;O2;PO10;AF7;AF3;AF4;AF8;F5;F1;F2;F6;FT7;FC3;FC4;FT8;C5;C1;C2;C6;TP7;CP3;CPz;CP4;TP8;P5;P1;P2;P6;PO7;PO3;POz;PO4;PO8,,,,,,,,,sub-032333.vhdr,.vhdr,/mnt/datasets_v7/gokul/EEGData/dsLEMON/sub-032333/RSEEG/sub-032333.vhdr,/mnt/datasets_v7/gokul/EEGData/dsLEMON/sub-032333,,,2026-06-14T16:29:21
0034,sub-032334,LEMON,sub-032334,,,,30-35,M,right,Gymnasium,positive (THC),1,smoker,3,none,2,3,2,4,6,No,Yes,control,,RestingState,,open,2500.0,50,,,,62,61,1,EEG:61;EOG:1,µV:61,Fp1;Fp2;F7;F3;Fz;F4;F8;FC5;FC1;FC2;FC6;T7;C3;Cz;C4;T8;CP5;CP1;CP2;CP6;AFz;P7;P3;Pz;P4;P8;PO9;O1;Oz;O2;PO10;AF7;AF3;AF4;AF8;F5;F1;F2;F6;FT7;FC3;FC4;FT8;C5;C1;C2;C6;TP7;CP3;CPz;CP4;TP8;P5;P1;P2;P6;PO7;PO3;POz;PO4;PO8,,,,,,,,,sub-032334.vhdr,.vhdr,/mnt/datasets_v7/gokul/EEGData/dsLEMON/sub-032334/RSEEG/sub-032334.vhdr,/mnt/datasets_v7/gokul/EEGData/dsLEMON/sub-032334,,,2026-06-14T16:29:21
0035,sub-032336,LEMON,sub-032336,,,,65-70,M,right,Realschule,negative,0,non-smoker,1,past Major Depressive Episode,0,,,2,16,No,Yes,control,,RestingState,,open,2500.0,50,,,,62,61,1,EEG:61;EOG:1,µV:61,Fp1;Fp2;F7;F3;Fz;F4;F8;FC5;FC1;FC2;FC6;T7;C3;Cz;C4;T8;CP5;CP1;CP2;CP6;AFz;P7;P3;Pz;P4;P8;PO9;O1;Oz;O2;PO10;AF7;AF3;AF4;AF8;F5;F1;F2;F6;FT7;FC3;FC4;FT8;C5;C1;C2;C6;TP7;CP3;CPz;CP4;TP8;P5;P1;P2;P6;PO7;PO3;POz;PO4;PO8,,,,,,,,,sub-032336.vhdr,.vhdr,/mnt/datasets_v7/gokul/EEGData/dsLEMON/sub-032336/RSEEG/sub-032336.vhdr,/mnt/datasets_v7/gokul/EEGData/dsLEMON/sub-032336,,,2026-06-14T16:29:21
0036,sub-032337,LEMON,sub-032337,,,,65-70,M,right,Realschule,negative,0,non-smoker,1,Z91.8 past suicide attempt,2,,,4,18,unknown,Yes,control,,RestingState,,open,2500.0,50,,,,62,61,1,EEG:61;EOG:1,µV:61,Fp1;Fp2;F7;F3;Fz;F4;F8;FC5;FC1;FC2;FC6;T7;C3;Cz;C4;T8;CP5;CP1;CP2;CP6;AFz;P7;P3;Pz;P4;P8;PO9;O1;Oz;O2;PO10;AF7;AF3;AF4;AF8;F5;F1;F2;F6;FT7;FC3;FC4;FT8;C5;C1;C2;C6;TP7;CP3;CPz;CP4;TP8;P5;P1;P2;P6;PO7;PO3;POz;PO4;PO8,,,,,,,,,sub-032337.vhdr,.vhdr,/mnt/datasets_v7/gokul/EEGData/dsLEMON/sub-032337/RSEEG/sub-032337.vhdr,/mnt/datasets_v7/gokul/EEGData/dsLEMON/sub-032337,,,2026-06-14T16:29:21
0037,sub-032338,LEMON,sub-032338,,,,65-70,F,right,Gymnasium,negative,0,non-smoker,1,none,1,,,4,14,No,Yes,control,,RestingState,,open,2500.0,50,,,,62,61,1,EEG:61;EOG:1,µV:61,Fp1;Fp2;F7;F3;Fz;F4;F8;FC5;FC1;FC2;FC6;T7;C3;Cz;C4;T8;CP5;CP1;CP2;CP6;AFz;P7;P3;Pz;P4;P8;PO9;O1;Oz;O2;PO10;AF7;AF3;AF4;AF8;F5;F1;F2;F6;FT7;FC3;FC4;FT8;C5;C1;C2;C6;TP7;CP3;CPz;CP4;TP8;P5;P1;P2;P6;PO7;PO3;POz;PO4;PO8,,,,,,,,,sub-032338.vhdr,.vhdr,/mnt/datasets_v7/gokul/EEGData/dsLEMON/sub-032338/RSEEG/sub-032338.vhdr,/mnt/datasets_v7/gokul/EEGData/dsLEMON/sub-032338,,,2026-06-14T16:29:21
0038,sub-032339,LEMON,sub-032339,,,,75-80,M,right,Hauptschule,negative,0,non-smoker,1,none,1,,,4,12,No,Yes,control,,RestingState,,open,2500.0,50,,,,62,61,1,EEG:61;EOG:1,µV:61,Fp1;Fp2;F7;F3;Fz;F4;F8;FC5;FC1;FC2;FC6;T7;C3;Cz;C4;T8;CP5;CP1;CP2;CP6;AFz;P7;P3;Pz;P4;P8;PO9;O1;Oz;O2;PO10;AF7;AF3;AF4;AF8;F5;F1;F2;F6;FT7;FC3;FC4;FT8;C5;C1;C2;C6;TP7;CP3;CPz;CP4;TP8;P5;P1;P2;P6;PO7;PO3;POz;PO4;PO8,,,,,,,,,sub-032339.vhdr,.vhdr,/mnt/datasets_v7/gokul/EEGData/dsLEMON/sub-032339/RSEEG/sub-032339.vhdr,/mnt/datasets_v7/gokul/EEGData/dsLEMON/sub-032339,,,2026-06-14T16:29:21
0039,sub-032340,LEMON,sub-032340,,,,65-70,M,left,Realschule,negative,0,non-smoker,1,none,0,,,2,6,No,Yes,control,,RestingState,,open,2500.0,50,,,,62,61,1,EEG:61;EOG:1,µV:61,Fp1;Fp2;F7;F3;Fz;F4;F8;FC5;FC1;FC2;FC6;T7;C3;Cz;C4;T8;CP5;CP1;CP2;CP6;AFz;P7;P3;Pz;P4;P8;PO9;O1;Oz;O2;PO10;AF7;AF3;AF4;AF8;F5;F1;F2;F6;FT7;FC3;FC4;FT8;C5;C1;C2;C6;TP7;CP3;CPz;CP4;TP8;P5;P1;P2;P6;PO7;PO3;POz;PO4;PO8,,,,,,,,,sub-032340.vhdr,.vhdr,/mnt/datasets_v7/gokul/EEGData/dsLEMON/sub-032340/RSEEG/sub-032340.vhdr,/mnt/datasets_v7/gokul/EEGData/dsLEMON/sub-032340,,,2026-06-14T16:29:21
0040,sub-032341,LEMON,sub-032341,,,,70-75,M,right,Hauptschule,negative,0,non-smoker,1,none,1,,,2,1,No,Yes,control,,RestingState,,open,2500.0,50,,,,62,61,1,EEG:61;EOG:1,µV:61,Fp1;Fp2;F7;F3;Fz;F4;F8;FC5;FC1;FC2;FC6;T7;C3;Cz;C4;T8;CP5;CP1;CP2;CP6;AFz;P7;P3;Pz;P4;P8;PO9;O1;Oz;O2;PO10;AF7;AF3;AF4;AF8;F5;F1;F2;F6;FT7;FC3;FC4;FT8;C5;C1;C2;C6;TP7;CP3;CPz;CP4;TP8;P5;P1;P2;P6;PO7;PO3;POz;PO4;PO8,,,,,,,,,sub-032341.vhdr,.vhdr,/mnt/datasets_v7/gokul/EEGData/dsLEMON/sub-032341/RSEEG/sub-032341.vhdr,/mnt/datasets_v7/gokul/EEGData/dsLEMON/sub-032341,,,2026-06-14T16:29:21
0041,sub-032342,LEMON,sub-032342,,,,60-65,M,right,Realschule,negative,0,non-smoker,1,past Major Depressive Episode,4,0,0,0,0,No,Yes,control,,RestingState,,open,2500.0,50,,,,62,61,1,EEG:61;EOG:1,µV:61,Fp1;Fp2;F7;F3;Fz;F4;F8;FC5;FC1;FC2;FC6;T7;C3;Cz;C4;T8;CP5;CP1;CP2;CP6;AFz;P7;P3;Pz;P4;P8;PO9;O1;Oz;O2;PO10;AF7;AF3;AF4;AF8;F5;F1;F2;F6;FT7;FC3;FC4;FT8;C5;C1;C2;C6;TP7;CP3;CPz;CP4;TP8;P5;P1;P2;P6;PO7;PO3;POz;PO4;PO8,,,,,,,,,sub-032342.vhdr,.vhdr,/mnt/datasets_v7/gokul/EEGData/dsLEMON/sub-032342/RSEEG/sub-032342.vhdr,/mnt/datasets_v7/gokul/EEGData/dsLEMON/sub-032342,,,2026-06-14T16:29:21
0042,sub-032343,LEMON,sub-032343,,,,65-70,F,right,Realschule,negative,0,non-smoker,1,none,0,0,0,1,4,unknown,Yes,control,,RestingState,,open,2500.0,50,,,,62,61,1,EEG:61;EOG:1,µV:61,Fp1;Fp2;F7;F3;Fz;F4;F8;FC5;FC1;FC2;FC6;T7;C3;Cz;C4;T8;CP5;CP1;CP2;CP6;AFz;P7;P3;Pz;P4;P8;PO9;O1;Oz;O2;PO10;AF7;AF3;AF4;AF8;F5;F1;F2;F6;FT7;FC3;FC4;FT8;C5;C1;C2;C6;TP7;CP3;CPz;CP4;TP8;P5;P1;P2;P6;PO7;PO3;POz;PO4;PO8,,,,,,,,,sub-032343.vhdr,.vhdr,/mnt/datasets_v7/gokul/EEGData/dsLEMON/sub-032343/RSEEG/sub-032343.vhdr,/mnt/datasets_v7/gokul/EEGData/dsLEMON/sub-032343,,,2026-06-14T16:29:21
0043,sub-032344,LEMON,sub-032344,,,,25-30,F,right,Gymnasium,negative,0,non-smoker,1,none,0,0,0,3,4,No,No,control,,RestingState,,open,2500.0,50,,,,62,61,1,EEG:61;EOG:1,µV:61,Fp1;Fp2;F7;F3;Fz;F4;F8;FC5;FC1;FC2;FC6;T7;C3;Cz;C4;T8;CP5;CP1;CP2;CP6;AFz;P7;P3;Pz;P4;P8;PO9;O1;Oz;O2;PO10;AF7;AF3;AF4;AF8;F5;F1;F2;F6;FT7;FC3;FC4;FT8;C5;C1;C2;C6;TP7;CP3;CPz;CP4;TP8;P5;P1;P2;P6;PO7;PO3;POz;PO4;PO8,,,,,,,,,sub-032344.vhdr,.vhdr,/mnt/datasets_v7/gokul/EEGData/dsLEMON/sub-032344/RSEEG/sub-032344.vhdr,/mnt/datasets_v7/gokul/EEGData/dsLEMON/sub-032344,,,2026-06-14T16:29:21
0044,sub-032345,LEMON,sub-032345,,,,20-25,F,right,Gymnasium,negative,0,non-smoker,1,none,3,4,1,8,27,No,Yes,control,,RestingState,,open,2500.0,50,,,,62,61,1,EEG:61;EOG:1,µV:61,Fp1;Fp2;F7;F3;Fz;F4;F8;FC5;FC1;FC2;FC6;T7;C3;Cz;C4;T8;CP5;CP1;CP2;CP6;AFz;P7;P3;Pz;P4;P8;PO9;O1;Oz;O2;PO10;AF7;AF3;AF4;AF8;F5;F1;F2;F6;FT7;FC3;FC4;FT8;C5;C1;C2;C6;TP7;CP3;CPz;CP4;TP8;P5;P1;P2;P6;PO7;PO3;POz;PO4;PO8,,,,,,,,,sub-032345.vhdr,.vhdr,/mnt/datasets_v7/gokul/EEGData/dsLEMON/sub-032345/RSEEG/sub-032345.vhdr,/mnt/datasets_v7/gokul/EEGData/dsLEMON/sub-032345,,,2026-06-14T16:29:21
0045,sub-032346,LEMON,sub-032346,,,,20-25,F,right,Gymnasium,negative,0,non-smoker,1,none,0,3,0,5,9,No,Yes,control,,RestingState,,open,2500.0,50,,,,62,61,1,EEG:61;EOG:1,µV:61,Fp1;Fp2;F7;F3;Fz;F4;F8;FC5;FC1;FC2;FC6;T7;C3;Cz;C4;T8;CP5;CP1;CP2;CP6;AFz;P7;P3;Pz;P4;P8;PO9;O1;Oz;O2;PO10;AF7;AF3;AF4;AF8;F5;F1;F2;F6;FT7;FC3;FC4;FT8;C5;C1;C2;C6;TP7;CP3;CPz;CP4;TP8;P5;P1;P2;P6;PO7;PO3;POz;PO4;PO8,,,,,,,,,sub-032346.vhdr,.vhdr,/mnt/datasets_v7/gokul/EEGData/dsLEMON/sub-032346/RSEEG/sub-032346.vhdr,/mnt/datasets_v7/gokul/EEGData/dsLEMON/sub-032346,,,2026-06-14T16:29:21
0046,sub-032347,LEMON,sub-032347,,,,75-80,F,right,Gymnasium,positive (BZO),1,non-smoker,1,none,1,0,0,3,28,No,Yes,control,,RestingState,,open,2500.0,50,,,,62,61,1,EEG:61;EOG:1,µV:61,Fp1;Fp2;F7;F3;Fz;F4;F8;FC5;FC1;FC2;FC6;T7;C3;Cz;C4;T8;CP5;CP1;CP2;CP6;AFz;P7;P3;Pz;P4;P8;PO9;O1;Oz;O2;PO10;AF7;AF3;AF4;AF8;F5;F1;F2;F6;FT7;FC3;FC4;FT8;C5;C1;C2;C6;TP7;CP3;CPz;CP4;TP8;P5;P1;P2;P6;PO7;PO3;POz;PO4;PO8,,,,,,,,,sub-032347.vhdr,.vhdr,/mnt/datasets_v7/gokul/EEGData/dsLEMON/sub-032347/RSEEG/sub-032347.vhdr,/mnt/datasets_v7/gokul/EEGData/dsLEMON/sub-032347,,,2026-06-14T16:29:21
0047,sub-032348,LEMON,sub-032348,,,,30-35,F,right,Gymnasium,negative,0,non-smoker,1,past Major Depressive Episode,0,7,1,7,29.5,No,No,control,,RestingState,,open,2500.0,50,,,,62,61,1,EEG:61;EOG:1,µV:61,Fp1;Fp2;F7;F3;Fz;F4;F8;FC5;FC1;FC2;FC6;T7;C3;Cz;C4;T8;CP5;CP1;CP2;CP6;AFz;P7;P3;Pz;P4;P8;PO9;O1;Oz;O2;PO10;AF7;AF3;AF4;AF8;F5;F1;F2;F6;FT7;FC3;FC4;FT8;C5;C1;C2;C6;TP7;CP3;CPz;CP4;TP8;P5;P1;P2;P6;PO7;PO3;POz;PO4;PO8,,,,,,,,,sub-032348.vhdr,.vhdr,/mnt/datasets_v7/gokul/EEGData/dsLEMON/sub-032348/RSEEG/sub-032348.vhdr,/mnt/datasets_v7/gokul/EEGData/dsLEMON/sub-032348,,,2026-06-14T16:29:21
0048,sub-032349,LEMON,sub-032349,,,,25-30,F,right,Gymnasium,negative,0,non-smoker,1,none,4,6,2,11,53.5,Yes (9),No,control,,RestingState,,open,2500.0,50,,,,62,61,1,EEG:61;EOG:1,µV:61,Fp1;Fp2;F7;F3;Fz;F4;F8;FC5;FC1;FC2;FC6;T7;C3;Cz;C4;T8;CP5;CP1;CP2;CP6;AFz;P7;P3;Pz;P4;P8;PO9;O1;Oz;O2;PO10;AF7;AF3;AF4;AF8;F5;F1;F2;F6;FT7;FC3;FC4;FT8;C5;C1;C2;C6;TP7;CP3;CPz;CP4;TP8;P5;P1;P2;P6;PO7;PO3;POz;PO4;PO8,,,,,,,,,sub-032349.vhdr,.vhdr,/mnt/datasets_v7/gokul/EEGData/dsLEMON/sub-032349/RSEEG/sub-032349.vhdr,/mnt/datasets_v7/gokul/EEGData/dsLEMON/sub-032349,,,2026-06-14T16:29:21
0049,sub-032350,LEMON,sub-032350,,,,25-30,M,right,Gymnasium,negative,0,occasional smoker,2,none,4,3,1,3,5,No,Yes,control,,RestingState,,open,2500.0,50,,,,62,61,1,EEG:61;EOG:1,µV:61,Fp1;Fp2;F7;F3;Fz;F4;F8;FC5;FC1;FC2;FC6;T7;C3;Cz;C4;T8;CP5;CP1;CP2;CP6;AFz;P7;P3;Pz;P4;P8;PO9;O1;Oz;O2;PO10;AF7;AF3;AF4;AF8;F5;F1;F2;F6;FT7;FC3;FC4;FT8;C5;C1;C2;C6;TP7;CP3;CPz;CP4;TP8;P5;P1;P2;P6;PO7;PO3;POz;PO4;PO8,,,,,,,,,sub-032350.vhdr,.vhdr,/mnt/datasets_v7/gokul/EEGData/dsLEMON/sub-032350/RSEEG/sub-032350.vhdr,/mnt/datasets_v7/gokul/EEGData/dsLEMON/sub-032350,,,2026-06-14T16:29:21
0050,sub-032351,LEMON,sub-032351,,,,20-25,F,right,Gymnasium,negative,0,smoker,3,none,4,14,0,4,12.5,No,Yes,control,,RestingState,,open,2500.0,50,,,,62,61,1,EEG:61;EOG:1,µV:61,Fp1;Fp2;F7;F3;Fz;F4;F8;FC5;FC1;FC2;FC6;T7;C3;Cz;C4;T8;CP5;CP1;CP2;CP6;AFz;P7;P3;Pz;P4;P8;PO9;O1;Oz;O2;PO10;AF7;AF3;AF4;AF8;F5;F1;F2;F6;FT7;FC3;FC4;FT8;C5;C1;C2;C6;TP7;CP3;CPz;CP4;TP8;P5;P1;P2;P6;PO7;PO3;POz;PO4;PO8,,,,,,,,,sub-032351.vhdr,.vhdr,/mnt/datasets_v7/gokul/EEGData/dsLEMON/sub-032351/RSEEG/sub-032351.vhdr,/mnt/datasets_v7/gokul/EEGData/dsLEMON/sub-032351,,,2026-06-14T16:29:21
0051,sub-032352,LEMON,sub-032352,,,,20-25,M,right,Gymnasium,negative,0,non-smoker,1,past Major Depressive Episode,2,3,1,5,12,No,No,control,,RestingState,,open,2500.0,50,,,,62,61,1,EEG:61;EOG:1,µV:61,Fp1;Fp2;F7;F3;Fz;F4;F8;FC5;FC1;FC2;FC6;T7;C3;Cz;C4;T8;CP5;CP1;CP2;CP6;AFz;P7;P3;Pz;P4;P8;PO9;O1;Oz;O2;PO10;AF7;AF3;AF4;AF8;F5;F1;F2;F6;FT7;FC3;FC4;FT8;C5;C1;C2;C6;TP7;CP3;CPz;CP4;TP8;P5;P1;P2;P6;PO7;PO3;POz;PO4;PO8,,,,,,,,,sub-032352.vhdr,.vhdr,/mnt/datasets_v7/gokul/EEGData/dsLEMON/sub-032352/RSEEG/sub-032352.vhdr,/mnt/datasets_v7/gokul/EEGData/dsLEMON/sub-032352,,,2026-06-14T16:29:21
0052,sub-032353,LEMON,sub-032353,,,,20-25,F,left,Gymnasium,negative,0,occasional smoker,2,none,0,0,0,4,2,No,Yes,control,,RestingState,,open,2500.0,50,,,,62,61,1,EEG:61;EOG:1,µV:61,Fp1;Fp2;F7;F3;Fz;F4;F8;FC5;FC1;FC2;FC6;T7;C3;Cz;C4;T8;CP5;CP1;CP2;CP6;AFz;P7;P3;Pz;P4;P8;PO9;O1;Oz;O2;PO10;AF7;AF3;AF4;AF8;F5;F1;F2;F6;FT7;FC3;FC4;FT8;C5;C1;C2;C6;TP7;CP3;CPz;CP4;TP8;P5;P1;P2;P6;PO7;PO3;POz;PO4;PO8,,,,,,,,,sub-032353.vhdr,.vhdr,/mnt/datasets_v7/gokul/EEGData/dsLEMON/sub-032353/RSEEG/sub-032353.vhdr,/mnt/datasets_v7/gokul/EEGData/dsLEMON/sub-032353,,,2026-06-14T16:29:21
0053,sub-032354,LEMON,sub-032354,,,,25-30,F,right,Gymnasium,negative,0,smoker,3,none,0,8,2,13,72,No,No,control,,RestingState,,open,2500.0,50,,,,62,61,1,EEG:61;EOG:1,µV:61,Fp1;Fp2;F7;F3;Fz;F4;F8;FC5;FC1;FC2;FC6;T7;C3;Cz;C4;T8;CP5;CP1;CP2;CP6;AFz;P7;P3;Pz;P4;P8;PO9;O1;Oz;O2;PO10;AF7;AF3;AF4;AF8;F5;F1;F2;F6;FT7;FC3;FC4;FT8;C5;C1;C2;C6;TP7;CP3;CPz;CP4;TP8;P5;P1;P2;P6;PO7;PO3;POz;PO4;PO8,,,,,,,,,sub-032354.vhdr,.vhdr,/mnt/datasets_v7/gokul/EEGData/dsLEMON/sub-032354/RSEEG/sub-032354.vhdr,/mnt/datasets_v7/gokul/EEGData/dsLEMON/sub-032354,,,2026-06-14T16:29:21
0054,sub-032355,LEMON,sub-032355,,,,20-25,F,right,Gymnasium,negative,0,non-smoker,1,none,14,27,2,0,2.5,Yes (1),Yes,control,,RestingState,,open,2500.0,50,,,,62,61,1,EEG:61;EOG:1,µV:61,Fp1;Fp2;F7;F3;Fz;F4;F8;FC5;FC1;FC2;FC6;T7;C3;Cz;C4;T8;CP5;CP1;CP2;CP6;AFz;P7;P3;Pz;P4;P8;PO9;O1;Oz;O2;PO10;AF7;AF3;AF4;AF8;F5;F1;F2;F6;FT7;FC3;FC4;FT8;C5;C1;C2;C6;TP7;CP3;CPz;CP4;TP8;P5;P1;P2;P6;PO7;PO3;POz;PO4;PO8,,,,,,,,,sub-032355.vhdr,.vhdr,/mnt/datasets_v7/gokul/EEGData/dsLEMON/sub-032355/RSEEG/sub-032355.vhdr,/mnt/datasets_v7/gokul/EEGData/dsLEMON/sub-032355,,,2026-06-14T16:29:21
0055,sub-032356,LEMON,sub-032356,,,,25-30,M,right,Realschule,positive (THC),1,smoker,3,none,1,5,0,5,10,unknown,No,control,,RestingState,,open,2500.0,50,,,,62,61,1,EEG:61;EOG:1,µV:61,Fp1;Fp2;F7;F3;Fz;F4;F8;FC5;FC1;FC2;FC6;T7;C3;Cz;C4;T8;CP5;CP1;CP2;CP6;AFz;P7;P3;Pz;P4;P8;PO9;O1;Oz;O2;PO10;AF7;AF3;AF4;AF8;F5;F1;F2;F6;FT7;FC3;FC4;FT8;C5;C1;C2;C6;TP7;CP3;CPz;CP4;TP8;P5;P1;P2;P6;PO7;PO3;POz;PO4;PO8,,,,,,,,,sub-032356.vhdr,.vhdr,/mnt/datasets_v7/gokul/EEGData/dsLEMON/sub-032356/RSEEG/sub-032356.vhdr,/mnt/datasets_v7/gokul/EEGData/dsLEMON/sub-032356,,,2026-06-14T16:29:21
0056,sub-032357,LEMON,sub-032357,,,,20-25,F,right,Gymnasium,negative,0,non-smoker,1,none,0,9,0,0,0,No,No,control,,RestingState,,open,2500.0,50,,,,62,61,1,EEG:61;EOG:1,µV:61,Fp1;Fp2;F7;F3;Fz;F4;F8;FC5;FC1;FC2;FC6;T7;C3;Cz;C4;T8;CP5;CP1;CP2;CP6;AFz;P7;P3;Pz;P4;P8;PO9;O1;Oz;O2;PO10;AF7;AF3;AF4;AF8;F5;F1;F2;F6;FT7;FC3;FC4;FT8;C5;C1;C2;C6;TP7;CP3;CPz;CP4;TP8;P5;P1;P2;P6;PO7;PO3;POz;PO4;PO8,,,,,,,,,sub-032357.vhdr,.vhdr,/mnt/datasets_v7/gokul/EEGData/dsLEMON/sub-032357/RSEEG/sub-032357.vhdr,/mnt/datasets_v7/gokul/EEGData/dsLEMON/sub-032357,,,2026-06-14T16:29:21
0057,sub-032358,LEMON,sub-032358,,,,20-25,F,right,Realschule,negative,0,non-smoker,1,none,1,0,0,3,4.5,No,Yes,control,,RestingState,,open,2500.0,50,,,,62,61,1,EEG:61;EOG:1,µV:61,Fp1;Fp2;F7;F3;Fz;F4;F8;FC5;FC1;FC2;FC6;T7;C3;Cz;C4;T8;CP5;CP1;CP2;CP6;AFz;P7;P3;Pz;P4;P8;PO9;O1;Oz;O2;PO10;AF7;AF3;AF4;AF8;F5;F1;F2;F6;FT7;FC3;FC4;FT8;C5;C1;C2;C6;TP7;CP3;CPz;CP4;TP8;P5;P1;P2;P6;PO7;PO3;POz;PO4;PO8,,,,,,,,,sub-032358.vhdr,.vhdr,/mnt/datasets_v7/gokul/EEGData/dsLEMON/sub-032358/RSEEG/sub-032358.vhdr,/mnt/datasets_v7/gokul/EEGData/dsLEMON/sub-032358,,,2026-06-14T16:29:21
0058,sub-032359,LEMON,sub-032359,,,,25-30,F,right,Gymnasium,negative,0,occasional smoker,2,none,0,6,0,8,27.5,No,No,control,,RestingState,,open,2500.0,50,,,,62,61,1,EEG:61;EOG:1,µV:61,Fp1;Fp2;F7;F3;Fz;F4;F8;FC5;FC1;FC2;FC6;T7;C3;Cz;C4;T8;CP5;CP1;CP2;CP6;AFz;P7;P3;Pz;P4;P8;PO9;O1;Oz;O2;PO10;AF7;AF3;AF4;AF8;F5;F1;F2;F6;FT7;FC3;FC4;FT8;C5;C1;C2;C6;TP7;CP3;CPz;CP4;TP8;P5;P1;P2;P6;PO7;PO3;POz;PO4;PO8,,,,,,,,,sub-032359.vhdr,.vhdr,/mnt/datasets_v7/gokul/EEGData/dsLEMON/sub-032359/RSEEG/sub-032359.vhdr,/mnt/datasets_v7/gokul/EEGData/dsLEMON/sub-032359,,,2026-06-14T16:29:21
0059,sub-032360,LEMON,sub-032360,,,,25-30,F,right,Gymnasium,negative,0,occasional smoker,2,none,1,1,0,5,23,Yes (9),Yes,control,,RestingState,,open,2500.0,50,,,,62,61,1,EEG:61;EOG:1,µV:61,Fp1;Fp2;F7;F3;Fz;F4;F8;FC5;FC1;FC2;FC6;T7;C3;Cz;C4;T8;CP5;CP1;CP2;CP6;AFz;P7;P3;Pz;P4;P8;PO9;O1;Oz;O2;PO10;AF7;AF3;AF4;AF8;F5;F1;F2;F6;FT7;FC3;FC4;FT8;C5;C1;C2;C6;TP7;CP3;CPz;CP4;TP8;P5;P1;P2;P6;PO7;PO3;POz;PO4;PO8,,,,,,,,,sub-032360.vhdr,.vhdr,/mnt/datasets_v7/gokul/EEGData/dsLEMON/sub-032360/RSEEG/sub-032360.vhdr,/mnt/datasets_v7/gokul/EEGData/dsLEMON/sub-032360,,,2026-06-14T16:29:21
0060,sub-032361,LEMON,sub-032361,,,,20-25,F,right,Gymnasium,positive (THC),1,non-smoker,1,none,9,15,2,8,23,No,Yes,control,,RestingState,,open,2500.0,50,,,,62,61,1,EEG:61;EOG:1,µV:61,Fp1;Fp2;F7;F3;Fz;F4;F8;FC5;FC1;FC2;FC6;T7;C3;Cz;C4;T8;CP5;CP1;CP2;CP6;AFz;P7;P3;Pz;P4;P8;PO9;O1;Oz;O2;PO10;AF7;AF3;AF4;AF8;F5;F1;F2;F6;FT7;FC3;FC4;FT8;C5;C1;C2;C6;TP7;CP3;CPz;CP4;TP8;P5;P1;P2;P6;PO7;PO3;POz;PO4;PO8,,,,,,,,,sub-032361.vhdr,.vhdr,/mnt/datasets_v7/gokul/EEGData/dsLEMON/sub-032361/RSEEG/sub-032361.vhdr,/mnt/datasets_v7/gokul/EEGData/dsLEMON/sub-032361,,,2026-06-14T16:29:21
0061,sub-032362,LEMON,sub-032362,,,,30-35,F,right,Gymnasium,negative,0,non-smoker,1,none,1,1,1,7,"36,5",No,Yes,control,,RestingState,,open,2500.0,50,,,,62,61,1,EEG:61;EOG:1,µV:61,Fp1;Fp2;F7;F3;Fz;F4;F8;FC5;FC1;FC2;FC6;T7;C3;Cz;C4;T8;CP5;CP1;CP2;CP6;AFz;P7;P3;Pz;P4;P8;PO9;O1;Oz;O2;PO10;AF7;AF3;AF4;AF8;F5;F1;F2;F6;FT7;FC3;FC4;FT8;C5;C1;C2;C6;TP7;CP3;CPz;CP4;TP8;P5;P1;P2;P6;PO7;PO3;POz;PO4;PO8,,,,,,,,,sub-032362.vhdr,.vhdr,/mnt/datasets_v7/gokul/EEGData/dsLEMON/sub-032362/RSEEG/sub-032362.vhdr,/mnt/datasets_v7/gokul/EEGData/dsLEMON/sub-032362,,,2026-06-14T16:29:21
0062,sub-032363,LEMON,sub-032363,,,,20-25,M,right,Gymansium,Positive (THC + BUP),1,smoker,3,none,0,1,1,,28,No,Yes,control,,RestingState,,open,2500.0,50,,,,62,61,1,EEG:61;EOG:1,µV:61,Fp1;Fp2;F7;F3;Fz;F4;F8;FC5;FC1;FC2;FC6;T7;C3;Cz;C4;T8;CP5;CP1;CP2;CP6;AFz;P7;P3;Pz;P4;P8;PO9;O1;Oz;O2;PO10;AF7;AF3;AF4;AF8;F5;F1;F2;F6;FT7;FC3;FC4;FT8;C5;C1;C2;C6;TP7;CP3;CPz;CP4;TP8;P5;P1;P2;P6;PO7;PO3;POz;PO4;PO8,,,,,,,,,sub-032363.vhdr,.vhdr,/mnt/datasets_v7/gokul/EEGData/dsLEMON/sub-032363/RSEEG/sub-032363.vhdr,/mnt/datasets_v7/gokul/EEGData/dsLEMON/sub-032363,,,2026-06-14T16:29:21
0063,sub-032364,LEMON,sub-032364,,,,25-30,M,right,Gymnasium,negative,0,non-smoker,1,none,9,16,0,3,2,No,Yes,control,,RestingState,,open,2500.0,50,,,,62,61,1,EEG:61;EOG:1,µV:61,Fp1;Fp2;F7;F3;Fz;F4;F8;FC5;FC1;FC2;FC6;T7;C3;Cz;C4;T8;CP5;CP1;CP2;CP6;AFz;P7;P3;Pz;P4;P8;PO9;O1;Oz;O2;PO10;AF7;AF3;AF4;AF8;F5;F1;F2;F6;FT7;FC3;FC4;FT8;C5;C1;C2;C6;TP7;CP3;CPz;CP4;TP8;P5;P1;P2;P6;PO7;PO3;POz;PO4;PO8,,,,,,,,,sub-032364.vhdr,.vhdr,/mnt/datasets_v7/gokul/EEGData/dsLEMON/sub-032364/RSEEG/sub-032364.vhdr,/mnt/datasets_v7/gokul/EEGData/dsLEMON/sub-032364,,,2026-06-14T16:29:21
0064,sub-032365,LEMON,sub-032365,,,,20-25,M,right,Gymnasium,negative,0,non-smoker,1,none,0,0,0,4,2,No,Yes,control,,RestingState,,open,2500.0,50,,,,62,61,1,EEG:61;EOG:1,µV:61,Fp1;Fp2;F7;F3;Fz;F4;F8;FC5;FC1;FC2;FC6;T7;C3;Cz;C4;T8;CP5;CP1;CP2;CP6;AFz;P7;P3;Pz;P4;P8;PO9;O1;Oz;O2;PO10;AF7;AF3;AF4;AF8;F5;F1;F2;F6;FT7;FC3;FC4;FT8;C5;C1;C2;C6;TP7;CP3;CPz;CP4;TP8;P5;P1;P2;P6;PO7;PO3;POz;PO4;PO8,,,,,,,,,sub-032365.vhdr,.vhdr,/mnt/datasets_v7/gokul/EEGData/dsLEMON/sub-032365/RSEEG/sub-032365.vhdr,/mnt/datasets_v7/gokul/EEGData/dsLEMON/sub-032365,,,2026-06-14T16:29:21
0065,sub-032366,LEMON,sub-032366,,,,20-25,M,right,Gymnasium,negative,0,non-smoker,1,none,0,1,1,8,26,Yes(1),No,control,,RestingState,,open,2500.0,50,,,,62,61,1,EEG:61;EOG:1,µV:61,Fp1;Fp2;F7;F3;Fz;F4;F8;FC5;FC1;FC2;FC6;T7;C3;Cz;C4;T8;CP5;CP1;CP2;CP6;AFz;P7;P3;Pz;P4;P8;PO9;O1;Oz;O2;PO10;AF7;AF3;AF4;AF8;F5;F1;F2;F6;FT7;FC3;FC4;FT8;C5;C1;C2;C6;TP7;CP3;CPz;CP4;TP8;P5;P1;P2;P6;PO7;PO3;POz;PO4;PO8,,,,,,,,,sub-032366.vhdr,.vhdr,/mnt/datasets_v7/gokul/EEGData/dsLEMON/sub-032366/RSEEG/sub-032366.vhdr,/mnt/datasets_v7/gokul/EEGData/dsLEMON/sub-032366,,,2026-06-14T16:29:21
0066,sub-032367,LEMON,sub-032367,,,,25-30,M,left,Gymnasium,negative,0,non-smoker,1,none,2,2,0,1,0,No,No,control,,RestingState,,open,2500.0,50,,,,62,61,1,EEG:61;EOG:1,µV:61,Fp1;Fp2;F7;F3;Fz;F4;F8;FC5;FC1;FC2;FC6;T7;C3;Cz;C4;T8;CP5;CP1;CP2;CP6;AFz;P7;P3;Pz;P4;P8;PO9;O1;Oz;O2;PO10;AF7;AF3;AF4;AF8;F5;F1;F2;F6;FT7;FC3;FC4;FT8;C5;C1;C2;C6;TP7;CP3;CPz;CP4;TP8;P5;P1;P2;P6;PO7;PO3;POz;PO4;PO8,,,,,,,,,sub-032367.vhdr,.vhdr,/mnt/datasets_v7/gokul/EEGData/dsLEMON/sub-032367/RSEEG/sub-032367.vhdr,/mnt/datasets_v7/gokul/EEGData/dsLEMON/sub-032367,,,2026-06-14T16:29:21
0067,sub-032368,LEMON,sub-032368,,,,30-35,M,right,Gymnasium,negative,0,non-smoker,1,none,1,3,0,6,20.5,Yes (6),Yes,control,,RestingState,,open,2500.0,50,,,,62,61,1,EEG:61;EOG:1,µV:61,Fp1;Fp2;F7;F3;Fz;F4;F8;FC5;FC1;FC2;FC6;T7;C3;Cz;C4;T8;CP5;CP1;CP2;CP6;AFz;P7;P3;Pz;P4;P8;PO9;O1;Oz;O2;PO10;AF7;AF3;AF4;AF8;F5;F1;F2;F6;FT7;FC3;FC4;FT8;C5;C1;C2;C6;TP7;CP3;CPz;CP4;TP8;P5;P1;P2;P6;PO7;PO3;POz;PO4;PO8,,,,,,,,,sub-032368.vhdr,.vhdr,/mnt/datasets_v7/gokul/EEGData/dsLEMON/sub-032368/RSEEG/sub-032368.vhdr,/mnt/datasets_v7/gokul/EEGData/dsLEMON/sub-032368,,,2026-06-14T16:29:21
0068,sub-032369,LEMON,sub-032369,,,,60-65,F,right,Realschule,negative,0,non-smoker,1,none,5,2,0,5,42,No,Yes,control,,RestingState,,open,2500.0,50,,,,62,61,1,EEG:61;EOG:1,µV:61,Fp1;Fp2;F7;F3;Fz;F4;F8;FC5;FC1;FC2;FC6;T7;C3;Cz;C4;T8;CP5;CP1;CP2;CP6;AFz;P7;P3;Pz;P4;P8;PO9;O1;Oz;O2;PO10;AF7;AF3;AF4;AF8;F5;F1;F2;F6;FT7;FC3;FC4;FT8;C5;C1;C2;C6;TP7;CP3;CPz;CP4;TP8;P5;P1;P2;P6;PO7;PO3;POz;PO4;PO8,,,,,,,,,sub-032369.vhdr,.vhdr,/mnt/datasets_v7/gokul/EEGData/dsLEMON/sub-032369/RSEEG/sub-032369.vhdr,/mnt/datasets_v7/gokul/EEGData/dsLEMON/sub-032369,,,2026-06-14T16:29:21
0069,sub-032370,LEMON,sub-032370,,,,20-25,M,right,Gymnasium,negative,0,non-smoker,1,none,8,14,1,4,30,No,Yes,control,,RestingState,,open,2500.0,50,,,,62,61,1,EEG:61;EOG:1,µV:61,Fp1;Fp2;F7;F3;Fz;F4;F8;FC5;FC1;FC2;FC6;T7;C3;Cz;C4;T8;CP5;CP1;CP2;CP6;AFz;P7;P3;Pz;P4;P8;PO9;O1;Oz;O2;PO10;AF7;AF3;AF4;AF8;F5;F1;F2;F6;FT7;FC3;FC4;FT8;C5;C1;C2;C6;TP7;CP3;CPz;CP4;TP8;P5;P1;P2;P6;PO7;PO3;POz;PO4;PO8,,,,,,,,,sub-032370.vhdr,.vhdr,/mnt/datasets_v7/gokul/EEGData/dsLEMON/sub-032370/RSEEG/sub-032370.vhdr,/mnt/datasets_v7/gokul/EEGData/dsLEMON/sub-032370,,,2026-06-14T16:29:21
0070,sub-032371,LEMON,sub-032371,,,,20-25,M,right,Gymnasium,negative,0,non-smoker,1,none,0,1,0,1,1,No,Yes,control,,RestingState,,open,2500.0,50,,,,62,61,1,EEG:61;EOG:1,µV:61,Fp1;Fp2;F7;F3;Fz;F4;F8;FC5;FC1;FC2;FC6;T7;C3;Cz;C4;T8;CP5;CP1;CP2;CP6;AFz;P7;P3;Pz;P4;P8;PO9;O1;Oz;O2;PO10;AF7;AF3;AF4;AF8;F5;F1;F2;F6;FT7;FC3;FC4;FT8;C5;C1;C2;C6;TP7;CP3;CPz;CP4;TP8;P5;P1;P2;P6;PO7;PO3;POz;PO4;PO8,,,,,,,,,sub-032371.vhdr,.vhdr,/mnt/datasets_v7/gokul/EEGData/dsLEMON/sub-032371/RSEEG/sub-032371.vhdr,/mnt/datasets_v7/gokul/EEGData/dsLEMON/sub-032371,,,2026-06-14T16:29:21
0071,sub-032372,LEMON,sub-032372,,,,70-75,F,right,Gymnasium,positive (BZO) ,1,non-smoker,1,none,1,0,0,0,0,No,Yes,control,,RestingState,,open,2500.0,50,,,,62,61,1,EEG:61;EOG:1,µV:61,Fp1;Fp2;F7;F3;Fz;F4;F8;FC5;FC1;FC2;FC6;T7;C3;Cz;C4;T8;CP5;CP1;CP2;CP6;AFz;P7;P3;Pz;P4;P8;PO9;O1;Oz;O2;PO10;AF7;AF3;AF4;AF8;F5;F1;F2;F6;FT7;FC3;FC4;FT8;C5;C1;C2;C6;TP7;CP3;CPz;CP4;TP8;P5;P1;P2;P6;PO7;PO3;POz;PO4;PO8,,,,,,,,,sub-032372.vhdr,.vhdr,/mnt/datasets_v7/gokul/EEGData/dsLEMON/sub-032372/RSEEG/sub-032372.vhdr,/mnt/datasets_v7/gokul/EEGData/dsLEMON/sub-032372,,,2026-06-14T16:29:21
0072,sub-032373,LEMON,sub-032373,,,,65-70,M,ambedextor ,Realschule,negative,0,non-smoker,1,none,1,4,0,3,6,No,No,control,,RestingState,,open,2500.0,50,,,,62,61,1,EEG:61;EOG:1,µV:61,Fp1;Fp2;F7;F3;Fz;F4;F8;FC5;FC1;FC2;FC6;T7;C3;Cz;C4;T8;CP5;CP1;CP2;CP6;AFz;P7;P3;Pz;P4;P8;PO9;O1;Oz;O2;PO10;AF7;AF3;AF4;AF8;F5;F1;F2;F6;FT7;FC3;FC4;FT8;C5;C1;C2;C6;TP7;CP3;CPz;CP4;TP8;P5;P1;P2;P6;PO7;PO3;POz;PO4;PO8,,,,,,,,,sub-032373.vhdr,.vhdr,/mnt/datasets_v7/gokul/EEGData/dsLEMON/sub-032373/RSEEG/sub-032373.vhdr,/mnt/datasets_v7/gokul/EEGData/dsLEMON/sub-032373,,,2026-06-14T16:29:21
0073,sub-032374,LEMON,sub-032374,,,,75-80,M,right,Hauptschule,negative,0,non-smoker,1,none,0,2,0,3,41,No,Yes,control,,RestingState,,open,2500.0,50,,,,62,61,1,EEG:61;EOG:1,µV:61,Fp1;Fp2;F7;F3;Fz;F4;F8;FC5;FC1;FC2;FC6;T7;C3;Cz;C4;T8;CP5;CP1;CP2;CP6;AFz;P7;P3;Pz;P4;P8;PO9;O1;Oz;O2;PO10;AF7;AF3;AF4;AF8;F5;F1;F2;F6;FT7;FC3;FC4;FT8;C5;C1;C2;C6;TP7;CP3;CPz;CP4;TP8;P5;P1;P2;P6;PO7;PO3;POz;PO4;PO8,,,,,,,,,sub-032374.vhdr,.vhdr,/mnt/datasets_v7/gokul/EEGData/dsLEMON/sub-032374/RSEEG/sub-032374.vhdr,/mnt/datasets_v7/gokul/EEGData/dsLEMON/sub-032374,,,2026-06-14T16:29:21
0074,sub-032375,LEMON,sub-032375,,,,65-70,F,right,Realschule,negative,0,non-smoker,1,past alcohol abuse,3,1,0,9,7,No,Yes,control,,RestingState,,open,2500.0,50,,,,62,61,1,EEG:61;EOG:1,µV:61,Fp1;Fp2;F7;F3;Fz;F4;F8;FC5;FC1;FC2;FC6;T7;C3;Cz;C4;T8;CP5;CP1;CP2;CP6;AFz;P7;P3;Pz;P4;P8;PO9;O1;Oz;O2;PO10;AF7;AF3;AF4;AF8;F5;F1;F2;F6;FT7;FC3;FC4;FT8;C5;C1;C2;C6;TP7;CP3;CPz;CP4;TP8;P5;P1;P2;P6;PO7;PO3;POz;PO4;PO8,,,,,,,,,sub-032375.vhdr,.vhdr,/mnt/datasets_v7/gokul/EEGData/dsLEMON/sub-032375/RSEEG/sub-032375.vhdr,/mnt/datasets_v7/gokul/EEGData/dsLEMON/sub-032375,,,2026-06-14T16:29:21
0075,sub-032376,LEMON,sub-032376,,,,60-65,F,right,Gymnasium,negative,0,non-smoker,1,none,2,8,0,4,38,Yes (9),Yes,control,,RestingState,,open,2500.0,50,,,,62,61,1,EEG:61;EOG:1,µV:61,Fp1;Fp2;F7;F3;Fz;F4;F8;FC5;FC1;FC2;FC6;T7;C3;Cz;C4;T8;CP5;CP1;CP2;CP6;AFz;P7;P3;Pz;P4;P8;PO9;O1;Oz;O2;PO10;AF7;AF3;AF4;AF8;F5;F1;F2;F6;FT7;FC3;FC4;FT8;C5;C1;C2;C6;TP7;CP3;CPz;CP4;TP8;P5;P1;P2;P6;PO7;PO3;POz;PO4;PO8,,,,,,,,,sub-032376.vhdr,.vhdr,/mnt/datasets_v7/gokul/EEGData/dsLEMON/sub-032376/RSEEG/sub-032376.vhdr,/mnt/datasets_v7/gokul/EEGData/dsLEMON/sub-032376,,,2026-06-14T16:29:21
0076,sub-032377,LEMON,sub-032377,,,,65-70,M,right,Realschule,negative,0,non-smoker,1,none,11,7,0,4,9.5,Yes ( 3 & 7),No,control,,RestingState,,open,2500.0,50,,,,62,61,1,EEG:61;EOG:1,µV:61,Fp1;Fp2;F7;F3;Fz;F4;F8;FC5;FC1;FC2;FC6;T7;C3;Cz;C4;T8;CP5;CP1;CP2;CP6;AFz;P7;P3;Pz;P4;P8;PO9;O1;Oz;O2;PO10;AF7;AF3;AF4;AF8;F5;F1;F2;F6;FT7;FC3;FC4;FT8;C5;C1;C2;C6;TP7;CP3;CPz;CP4;TP8;P5;P1;P2;P6;PO7;PO3;POz;PO4;PO8,,,,,,,,,sub-032377.vhdr,.vhdr,/mnt/datasets_v7/gokul/EEGData/dsLEMON/sub-032377/RSEEG/sub-032377.vhdr,/mnt/datasets_v7/gokul/EEGData/dsLEMON/sub-032377,,,2026-06-14T16:29:21
0077,sub-032378,LEMON,sub-032378,,,,55-60,F,right,Gymnasium,negative,0,non-smoker,1,none,1,2,0,3,23,No,Yes,control,,RestingState,,open,2500.0,50,,,,62,61,1,EEG:61;EOG:1,µV:61,Fp1;Fp2;F7;F3;Fz;F4;F8;FC5;FC1;FC2;FC6;T7;C3;Cz;C4;T8;CP5;CP1;CP2;CP6;AFz;P7;P3;Pz;P4;P8;PO9;O1;Oz;O2;PO10;AF7;AF3;AF4;AF8;F5;F1;F2;F6;FT7;FC3;FC4;FT8;C5;C1;C2;C6;TP7;CP3;CPz;CP4;TP8;P5;P1;P2;P6;PO7;PO3;POz;PO4;PO8,,,,,,,,,sub-032378.vhdr,.vhdr,/mnt/datasets_v7/gokul/EEGData/dsLEMON/sub-032378/RSEEG/sub-032378.vhdr,/mnt/datasets_v7/gokul/EEGData/dsLEMON/sub-032378,,,2026-06-14T16:29:21
0078,sub-032379,LEMON,sub-032379,,,,70-75,F,right,Gymnasium,negative,0,non-smoker,1,none,1,0,0,0,0,Yes (3),Yes,control,,RestingState,,open,2500.0,50,,,,62,61,1,EEG:61;EOG:1,µV:61,Fp1;Fp2;F7;F3;Fz;F4;F8;FC5;FC1;FC2;FC6;T7;C3;Cz;C4;T8;CP5;CP1;CP2;CP6;AFz;P7;P3;Pz;P4;P8;PO9;O1;Oz;O2;PO10;AF7;AF3;AF4;AF8;F5;F1;F2;F6;FT7;FC3;FC4;FT8;C5;C1;C2;C6;TP7;CP3;CPz;CP4;TP8;P5;P1;P2;P6;PO7;PO3;POz;PO4;PO8,,,,,,,,,sub-032379.vhdr,.vhdr,/mnt/datasets_v7/gokul/EEGData/dsLEMON/sub-032379/RSEEG/sub-032379.vhdr,/mnt/datasets_v7/gokul/EEGData/dsLEMON/sub-032379,,,2026-06-14T16:29:21
0079,sub-032380,LEMON,sub-032380,,,,70-75,M,right,Realschule,negative,0,non-smoker,1,none,,1,0,0,11.5,No,No,control,,RestingState,,open,2500.0,50,,,,62,61,1,EEG:61;EOG:1,µV:61,Fp1;Fp2;F7;F3;Fz;F4;F8;FC5;FC1;FC2;FC6;T7;C3;Cz;C4;T8;CP5;CP1;CP2;CP6;AFz;P7;P3;Pz;P4;P8;PO9;O1;Oz;O2;PO10;AF7;AF3;AF4;AF8;F5;F1;F2;F6;FT7;FC3;FC4;FT8;C5;C1;C2;C6;TP7;CP3;CPz;CP4;TP8;P5;P1;P2;P6;PO7;PO3;POz;PO4;PO8,,,,,,,,,sub-032380.vhdr,.vhdr,/mnt/datasets_v7/gokul/EEGData/dsLEMON/sub-032380/RSEEG/sub-032380.vhdr,/mnt/datasets_v7/gokul/EEGData/dsLEMON/sub-032380,,,2026-06-14T16:29:21
0080,sub-032381,LEMON,sub-032381,,,,30-35,M,right,Gymnasium,negative,0,occasional smoker,2,"past Major Depressive Episode, past agora phobia",2,7,2,4,15,No,Yes,control,,RestingState,,open,2500.0,50,,,,62,61,1,EEG:61;EOG:1,µV:61,Fp1;Fp2;F7;F3;Fz;F4;F8;FC5;FC1;FC2;FC6;T7;C3;Cz;C4;T8;CP5;CP1;CP2;CP6;AFz;P7;P3;Pz;P4;P8;PO9;O1;Oz;O2;PO10;AF7;AF3;AF4;AF8;F5;F1;F2;F6;FT7;FC3;FC4;FT8;C5;C1;C2;C6;TP7;CP3;CPz;CP4;TP8;P5;P1;P2;P6;PO7;PO3;POz;PO4;PO8,,,,,,,,,sub-032381.vhdr,.vhdr,/mnt/datasets_v7/gokul/EEGData/dsLEMON/sub-032381/RSEEG/sub-032381.vhdr,/mnt/datasets_v7/gokul/EEGData/dsLEMON/sub-032381,,,2026-06-14T16:29:21
0081,sub-032382,LEMON,sub-032382,,,,25-30,F,right,Gymnasium,negative,0,occasional smoker,2,,2,,,0,12,unknown,Yes,control,,RestingState,,open,2500.0,50,,,,62,61,1,EEG:61;EOG:1,µV:61,Fp1;Fp2;F7;F3;Fz;F4;F8;FC5;FC1;FC2;FC6;T7;C3;Cz;C4;T8;CP5;CP1;CP2;CP6;AFz;P7;P3;Pz;P4;P8;PO9;O1;Oz;O2;PO10;AF7;AF3;AF4;AF8;F5;F1;F2;F6;FT7;FC3;FC4;FT8;C5;C1;C2;C6;TP7;CP3;CPz;CP4;TP8;P5;P1;P2;P6;PO7;PO3;POz;PO4;PO8,,,,,,,,,sub-032382.vhdr,.vhdr,/mnt/datasets_v7/gokul/EEGData/dsLEMON/sub-032382/RSEEG/sub-032382.vhdr,/mnt/datasets_v7/gokul/EEGData/dsLEMON/sub-032382,,,2026-06-14T16:29:21
0082,sub-032383,LEMON,sub-032383,,,,60-65,M,right,Gymnasium,negative,0,non-smoker,1,none,7,,,5,35,No,Yes,control,,RestingState,,open,2500.0,50,,,,62,61,1,EEG:61;EOG:1,µV:61,Fp1;Fp2;F7;F3;Fz;F4;F8;FC5;FC1;FC2;FC6;T7;C3;Cz;C4;T8;CP5;CP1;CP2;CP6;AFz;P7;P3;Pz;P4;P8;PO9;O1;Oz;O2;PO10;AF7;AF3;AF4;AF8;F5;F1;F2;F6;FT7;FC3;FC4;FT8;C5;C1;C2;C6;TP7;CP3;CPz;CP4;TP8;P5;P1;P2;P6;PO7;PO3;POz;PO4;PO8,,,,,,,,,sub-032383.vhdr,.vhdr,/mnt/datasets_v7/gokul/EEGData/dsLEMON/sub-032383/RSEEG/sub-032383.vhdr,/mnt/datasets_v7/gokul/EEGData/dsLEMON/sub-032383,,,2026-06-14T16:29:21
0083,sub-032385,LEMON,sub-032385,,,,20-25,M,right,Gymnasium,negative,0,non-smoker,1,none,0,0,0,3,7,No,No,control,,RestingState,,open,2500.0,50,,,,62,61,1,EEG:61;EOG:1,µV:61,Fp1;Fp2;F7;F3;Fz;F4;F8;FC5;FC1;FC2;FC6;T7;C3;Cz;C4;T8;CP5;CP1;CP2;CP6;AFz;P7;P3;Pz;P4;P8;PO9;O1;Oz;O2;PO10;AF7;AF3;AF4;AF8;F5;F1;F2;F6;FT7;FC3;FC4;FT8;C5;C1;C2;C6;TP7;CP3;CPz;CP4;TP8;P5;P1;P2;P6;PO7;PO3;POz;PO4;PO8,,,,,,,,,sub-032385.vhdr,.vhdr,/mnt/datasets_v7/gokul/EEGData/dsLEMON/sub-032385/RSEEG/sub-032385.vhdr,/mnt/datasets_v7/gokul/EEGData/dsLEMON/sub-032385,,,2026-06-14T16:29:21
0084,sub-032386,LEMON,sub-032386,,,,20-25,M,ambidextrous,Gymnasium,negative,0,non-smoker,1,none,3,,,12,24,unknown,,control,,RestingState,,open,2500.0,50,,,,62,61,1,EEG:61;EOG:1,µV:61,Fp1;Fp2;F7;F3;Fz;F4;F8;FC5;FC1;FC2;FC6;T7;C3;Cz;C4;T8;CP5;CP1;CP2;CP6;AFz;P7;P3;Pz;P4;P8;PO9;O1;Oz;O2;PO10;AF7;AF3;AF4;AF8;F5;F1;F2;F6;FT7;FC3;FC4;FT8;C5;C1;C2;C6;TP7;CP3;CPz;CP4;TP8;P5;P1;P2;P6;PO7;PO3;POz;PO4;PO8,,,,,,,,,sub-032386.vhdr,.vhdr,/mnt/datasets_v7/gokul/EEGData/dsLEMON/sub-032386/RSEEG/sub-032386.vhdr,/mnt/datasets_v7/gokul/EEGData/dsLEMON/sub-032386,,,2026-06-14T16:29:21
0085,sub-032387,LEMON,sub-032387,,,,25-30,F,right,Realschule,negative,0,non-smoker,1,none,0,2,0,2,0,Yes (2 & 9),No,control,,RestingState,,open,2500.0,50,,,,62,61,1,EEG:61;EOG:1,µV:61,Fp1;Fp2;F7;F3;Fz;F4;F8;FC5;FC1;FC2;FC6;T7;C3;Cz;C4;T8;CP5;CP1;CP2;CP6;AFz;P7;P3;Pz;P4;P8;PO9;O1;Oz;O2;PO10;AF7;AF3;AF4;AF8;F5;F1;F2;F6;FT7;FC3;FC4;FT8;C5;C1;C2;C6;TP7;CP3;CPz;CP4;TP8;P5;P1;P2;P6;PO7;PO3;POz;PO4;PO8,,,,,,,,,sub-032387.vhdr,.vhdr,/mnt/datasets_v7/gokul/EEGData/dsLEMON/sub-032387/RSEEG/sub-032387.vhdr,/mnt/datasets_v7/gokul/EEGData/dsLEMON/sub-032387,,,2026-06-14T16:29:21
0086,sub-032388,LEMON,sub-032388,,,,25-30,M,right,Gymnasium,negative,0,non-smoker,1,none,1,1,0,4,7,No,No,control,,RestingState,,open,2500.0,50,,,,62,61,1,EEG:61;EOG:1,µV:61,Fp1;Fp2;F7;F3;Fz;F4;F8;FC5;FC1;FC2;FC6;T7;C3;Cz;C4;T8;CP5;CP1;CP2;CP6;AFz;P7;P3;Pz;P4;P8;PO9;O1;Oz;O2;PO10;AF7;AF3;AF4;AF8;F5;F1;F2;F6;FT7;FC3;FC4;FT8;C5;C1;C2;C6;TP7;CP3;CPz;CP4;TP8;P5;P1;P2;P6;PO7;PO3;POz;PO4;PO8,,,,,,,,,sub-032388.vhdr,.vhdr,/mnt/datasets_v7/gokul/EEGData/dsLEMON/sub-032388/RSEEG/sub-032388.vhdr,/mnt/datasets_v7/gokul/EEGData/dsLEMON/sub-032388,,,2026-06-14T16:29:21
0087,sub-032389,LEMON,sub-032389,,,,25-30,F,right,Gymnasium,negative,0,non-smoker,1,none,1,3,0,6,9,No,Yes,control,,RestingState,,open,2500.0,50,,,,62,61,1,EEG:61;EOG:1,µV:61,Fp1;Fp2;F7;F3;Fz;F4;F8;FC5;FC1;FC2;FC6;T7;C3;Cz;C4;T8;CP5;CP1;CP2;CP6;AFz;P7;P3;Pz;P4;P8;PO9;O1;Oz;O2;PO10;AF7;AF3;AF4;AF8;F5;F1;F2;F6;FT7;FC3;FC4;FT8;C5;C1;C2;C6;TP7;CP3;CPz;CP4;TP8;P5;P1;P2;P6;PO7;PO3;POz;PO4;PO8,,,,,,,,,sub-032389.vhdr,.vhdr,/mnt/datasets_v7/gokul/EEGData/dsLEMON/sub-032389/RSEEG/sub-032389.vhdr,/mnt/datasets_v7/gokul/EEGData/dsLEMON/sub-032389,,,2026-06-14T16:29:21
0088,sub-032390,LEMON,sub-032390,,,,20-25,F,right,Gymnasium,negative,0,non-smoker,1,alcohol abuse,1,6,0,15,52,No,No,control,,RestingState,,open,2500.0,50,,,,62,61,1,EEG:61;EOG:1,µV:61,Fp1;Fp2;F7;F3;Fz;F4;F8;FC5;FC1;FC2;FC6;T7;C3;Cz;C4;T8;CP5;CP1;CP2;CP6;AFz;P7;P3;Pz;P4;P8;PO9;O1;Oz;O2;PO10;AF7;AF3;AF4;AF8;F5;F1;F2;F6;FT7;FC3;FC4;FT8;C5;C1;C2;C6;TP7;CP3;CPz;CP4;TP8;P5;P1;P2;P6;PO7;PO3;POz;PO4;PO8,,,,,,,,,sub-032390.vhdr,.vhdr,/mnt/datasets_v7/gokul/EEGData/dsLEMON/sub-032390/RSEEG/sub-032390.vhdr,/mnt/datasets_v7/gokul/EEGData/dsLEMON/sub-032390,,,2026-06-14T16:29:21
0089,sub-032391,LEMON,sub-032391,,,,35-40,F,right,Gymnasium,negative,0,occasional smoker,2,"current alcohol abuse, panic disorder",5,8,0,19,27,Yes (9),No,control,,RestingState,,open,2500.0,50,,,,62,61,1,EEG:61;EOG:1,µV:61,Fp1;Fp2;F7;F3;Fz;F4;F8;FC5;FC1;FC2;FC6;T7;C3;Cz;C4;T8;CP5;CP1;CP2;CP6;AFz;P7;P3;Pz;P4;P8;PO9;O1;Oz;O2;PO10;AF7;AF3;AF4;AF8;F5;F1;F2;F6;FT7;FC3;FC4;FT8;C5;C1;C2;C6;TP7;CP3;CPz;CP4;TP8;P5;P1;P2;P6;PO7;PO3;POz;PO4;PO8,,,,,,,,,sub-032391.vhdr,.vhdr,/mnt/datasets_v7/gokul/EEGData/dsLEMON/sub-032391/RSEEG/sub-032391.vhdr,/mnt/datasets_v7/gokul/EEGData/dsLEMON/sub-032391,,,2026-06-14T16:29:21
0090,sub-032392,LEMON,sub-032392,,,,65-70,M,right,Realschule,negative,0,non-smoker,1,none,2,1,0,1,6,No,Yes,control,,RestingState,,open,2500.0,50,,,,62,61,1,EEG:61;EOG:1,µV:61,Fp1;Fp2;F7;F3;Fz;F4;F8;FC5;FC1;FC2;FC6;T7;C3;Cz;C4;T8;CP5;CP1;CP2;CP6;AFz;P7;P3;Pz;P4;P8;PO9;O1;Oz;O2;PO10;AF7;AF3;AF4;AF8;F5;F1;F2;F6;FT7;FC3;FC4;FT8;C5;C1;C2;C6;TP7;CP3;CPz;CP4;TP8;P5;P1;P2;P6;PO7;PO3;POz;PO4;PO8,,,,,,,,,sub-032392.vhdr,.vhdr,/mnt/datasets_v7/gokul/EEGData/dsLEMON/sub-032392/RSEEG/sub-032392.vhdr,/mnt/datasets_v7/gokul/EEGData/dsLEMON/sub-032392,,,2026-06-14T16:29:21
0091,sub-032393,LEMON,sub-032393,,,,60-65,F,right,Gymnasium,negative,0,non-smoker,1,past Dysthymia,1,2,0,1,0,No,Yes,control,,RestingState,,open,2500.0,50,,,,62,61,1,EEG:61;EOG:1,µV:61,Fp1;Fp2;F7;F3;Fz;F4;F8;FC5;FC1;FC2;FC6;T7;C3;Cz;C4;T8;CP5;CP1;CP2;CP6;AFz;P7;P3;Pz;P4;P8;PO9;O1;Oz;O2;PO10;AF7;AF3;AF4;AF8;F5;F1;F2;F6;FT7;FC3;FC4;FT8;C5;C1;C2;C6;TP7;CP3;CPz;CP4;TP8;P5;P1;P2;P6;PO7;PO3;POz;PO4;PO8,,,,,,,,,sub-032393.vhdr,.vhdr,/mnt/datasets_v7/gokul/EEGData/dsLEMON/sub-032393/RSEEG/sub-032393.vhdr,/mnt/datasets_v7/gokul/EEGData/dsLEMON/sub-032393,,,2026-06-14T16:29:21
0092,sub-032394,LEMON,sub-032394,,,,20-25,M,right,Gymnasium,negative,0,non-smoker,1,past Major Depressive Episode,3,,,3,14,No,Yes,control,,RestingState,,open,2500.0,50,,,,62,61,1,EEG:61;EOG:1,µV:61,Fp1;Fp2;F7;F3;Fz;F4;F8;FC5;FC1;FC2;FC6;T7;C3;Cz;C4;T8;CP5;CP1;CP2;CP6;AFz;P7;P3;Pz;P4;P8;PO9;O1;Oz;O2;PO10;AF7;AF3;AF4;AF8;F5;F1;F2;F6;FT7;FC3;FC4;FT8;C5;C1;C2;C6;TP7;CP3;CPz;CP4;TP8;P5;P1;P2;P6;PO7;PO3;POz;PO4;PO8,,,,,,,,,sub-032394.vhdr,.vhdr,/mnt/datasets_v7/gokul/EEGData/dsLEMON/sub-032394/RSEEG/sub-032394.vhdr,/mnt/datasets_v7/gokul/EEGData/dsLEMON/sub-032394,,,2026-06-14T16:29:21
0093,sub-032395,LEMON,sub-032395,,,,60-65,M,right,Gymnasium,negative,0,smoker,3,none,1,0,0,1,0,No,No,control,,RestingState,,open,2500.0,50,,,,62,61,1,EEG:61;EOG:1,µV:61,Fp1;Fp2;F7;F3;Fz;F4;F8;FC5;FC1;FC2;FC6;T7;C3;Cz;C4;T8;CP5;CP1;CP2;CP6;AFz;P7;P3;Pz;P4;P8;PO9;O1;Oz;O2;PO10;AF7;AF3;AF4;AF8;F5;F1;F2;F6;FT7;FC3;FC4;FT8;C5;C1;C2;C6;TP7;CP3;CPz;CP4;TP8;P5;P1;P2;P6;PO7;PO3;POz;PO4;PO8,,,,,,,,,sub-032395.vhdr,.vhdr,/mnt/datasets_v7/gokul/EEGData/dsLEMON/sub-032395/RSEEG/sub-032395.vhdr,/mnt/datasets_v7/gokul/EEGData/dsLEMON/sub-032395,,,2026-06-14T16:29:21
0094,sub-032396,LEMON,sub-032396,,,,20-25,M,left,Gymnasium,negative,0,occasional smoker,2,none,10,32,1,6,,No,No,control,,RestingState,,open,2500.0,50,,,,62,61,1,EEG:61;EOG:1,µV:61,Fp1;Fp2;F7;F3;Fz;F4;F8;FC5;FC1;FC2;FC6;T7;C3;Cz;C4;T8;CP5;CP1;CP2;CP6;AFz;P7;P3;Pz;P4;P8;PO9;O1;Oz;O2;PO10;AF7;AF3;AF4;AF8;F5;F1;F2;F6;FT7;FC3;FC4;FT8;C5;C1;C2;C6;TP7;CP3;CPz;CP4;TP8;P5;P1;P2;P6;PO7;PO3;POz;PO4;PO8,,,,,,,,,sub-032396.vhdr,.vhdr,/mnt/datasets_v7/gokul/EEGData/dsLEMON/sub-032396/RSEEG/sub-032396.vhdr,/mnt/datasets_v7/gokul/EEGData/dsLEMON/sub-032396,,,2026-06-14T16:29:21
0095,sub-032397,LEMON,sub-032397,,,,20-25,M,right,Gymnasium,negative,0,non-smoker,1,none,3,3,0,4,4,No,Yes,control,,RestingState,,open,2500.0,50,,,,62,61,1,EEG:61;EOG:1,µV:61,Fp1;Fp2;F7;F3;Fz;F4;F8;FC5;FC1;FC2;FC6;T7;C3;Cz;C4;T8;CP5;CP1;CP2;CP6;AFz;P7;P3;Pz;P4;P8;PO9;O1;Oz;O2;PO10;AF7;AF3;AF4;AF8;F5;F1;F2;F6;FT7;FC3;FC4;FT8;C5;C1;C2;C6;TP7;CP3;CPz;CP4;TP8;P5;P1;P2;P6;PO7;PO3;POz;PO4;PO8,,,,,,,,,sub-032397.vhdr,.vhdr,/mnt/datasets_v7/gokul/EEGData/dsLEMON/sub-032397/RSEEG/sub-032397.vhdr,/mnt/datasets_v7/gokul/EEGData/dsLEMON/sub-032397,,,2026-06-14T16:29:21
0096,sub-032398,LEMON,sub-032398,,,,20-25,F,left,Gymnasium,negative,0,smoker,3,T74.1 physical abuse in childhood,1,1,0,5,"16,5",Yes,No,control,,RestingState,,open,2500.0,50,,,,62,61,1,EEG:61;EOG:1,µV:61,Fp1;Fp2;F7;F3;Fz;F4;F8;FC5;FC1;FC2;FC6;T7;C3;Cz;C4;T8;CP5;CP1;CP2;CP6;AFz;P7;P3;Pz;P4;P8;PO9;O1;Oz;O2;PO10;AF7;AF3;AF4;AF8;F5;F1;F2;F6;FT7;FC3;FC4;FT8;C5;C1;C2;C6;TP7;CP3;CPz;CP4;TP8;P5;P1;P2;P6;PO7;PO3;POz;PO4;PO8,,,,,,,,,sub-032398.vhdr,.vhdr,/mnt/datasets_v7/gokul/EEGData/dsLEMON/sub-032398/RSEEG/sub-032398.vhdr,/mnt/datasets_v7/gokul/EEGData/dsLEMON/sub-032398,,,2026-06-14T16:29:21
0097,sub-032399,LEMON,sub-032399,,,,25-30,M,right,Gymnasium,negative,0,non-smoker,1,none,6,1,0,4,"4,5",No,Yes,control,,RestingState,,open,2500.0,50,,,,62,61,1,EEG:61;EOG:1,µV:61,Fp1;Fp2;F7;F3;Fz;F4;F8;FC5;FC1;FC2;FC6;T7;C3;Cz;C4;T8;CP5;CP1;CP2;CP6;AFz;P7;P3;Pz;P4;P8;PO9;O1;Oz;O2;PO10;AF7;AF3;AF4;AF8;F5;F1;F2;F6;FT7;FC3;FC4;FT8;C5;C1;C2;C6;TP7;CP3;CPz;CP4;TP8;P5;P1;P2;P6;PO7;PO3;POz;PO4;PO8,,,,,,,,,sub-032399.vhdr,.vhdr,/mnt/datasets_v7/gokul/EEGData/dsLEMON/sub-032399/RSEEG/sub-032399.vhdr,/mnt/datasets_v7/gokul/EEGData/dsLEMON/sub-032399,,,2026-06-14T16:29:21
0098,sub-032400,LEMON,sub-032400,,,,20-25,M,right,Gymnasium,negative,0,non-smoker,1,none,5,9,0,6,"11,5",No,Yes,control,,RestingState,,open,2500.0,50,,,,62,61,1,EEG:61;EOG:1,µV:61,Fp1;Fp2;F7;F3;Fz;F4;F8;FC5;FC1;FC2;FC6;T7;C3;Cz;C4;T8;CP5;CP1;CP2;CP6;AFz;P7;P3;Pz;P4;P8;PO9;O1;Oz;O2;PO10;AF7;AF3;AF4;AF8;F5;F1;F2;F6;FT7;FC3;FC4;FT8;C5;C1;C2;C6;TP7;CP3;CPz;CP4;TP8;P5;P1;P2;P6;PO7;PO3;POz;PO4;PO8,,,,,,,,,sub-032400.vhdr,.vhdr,/mnt/datasets_v7/gokul/EEGData/dsLEMON/sub-032400/RSEEG/sub-032400.vhdr,/mnt/datasets_v7/gokul/EEGData/dsLEMON/sub-032400,,,2026-06-14T16:29:21
0099,sub-032401,LEMON,sub-032401,,,,20-25,M,right,Gymnasium,negative,0,occasional smoker,2,past specific phobia,7,4,1,12,28,No,No,control,,RestingState,,open,2500.0,50,,,,62,61,1,EEG:61;EOG:1,µV:61,Fp1;Fp2;F7;F3;Fz;F4;F8;FC5;FC1;FC2;FC6;T7;C3;Cz;C4;T8;CP5;CP1;CP2;CP6;AFz;P7;P3;Pz;P4;P8;PO9;O1;Oz;O2;PO10;AF7;AF3;AF4;AF8;F5;F1;F2;F6;FT7;FC3;FC4;FT8;C5;C1;C2;C6;TP7;CP3;CPz;CP4;TP8;P5;P1;P2;P6;PO7;PO3;POz;PO4;PO8,,,,,,,,,sub-032401.vhdr,.vhdr,/mnt/datasets_v7/gokul/EEGData/dsLEMON/sub-032401/RSEEG/sub-032401.vhdr,/mnt/datasets_v7/gokul/EEGData/dsLEMON/sub-032401,,,2026-06-14T16:29:21
0100,sub-032402,LEMON,sub-032402,,,,20-25,M,right,Gymnasium,negative,0,smoker,3,none,1,15,1,5,17,No,Yes,control,,RestingState,,open,2500.0,50,,,,62,61,1,EEG:61;EOG:1,µV:61,Fp1;Fp2;F7;F3;Fz;F4;F8;FC5;FC1;FC2;FC6;T7;C3;Cz;C4;T8;CP5;CP1;CP2;CP6;AFz;P7;P3;Pz;P4;P8;PO9;O1;Oz;O2;PO10;AF7;AF3;AF4;AF8;F5;F1;F2;F6;FT7;FC3;FC4;FT8;C5;C1;C2;C6;TP7;CP3;CPz;CP4;TP8;P5;P1;P2;P6;PO7;PO3;POz;PO4;PO8,,,,,,,,,sub-032402.vhdr,.vhdr,/mnt/datasets_v7/gokul/EEGData/dsLEMON/sub-032402/RSEEG/sub-032402.vhdr,/mnt/datasets_v7/gokul/EEGData/dsLEMON/sub-032402,,,2026-06-14T16:29:21
0101,sub-032403,LEMON,sub-032403,,,,25-30,M,right,Gymnasium,negative,0,occasional smoker,2,none,4,2,0,3,"8,5",No,No,control,,RestingState,,open,2500.0,50,,,,62,61,1,EEG:61;EOG:1,µV:61,Fp1;Fp2;F7;F3;Fz;F4;F8;FC5;FC1;FC2;FC6;T7;C3;Cz;C4;T8;CP5;CP1;CP2;CP6;AFz;P7;P3;Pz;P4;P8;PO9;O1;Oz;O2;PO10;AF7;AF3;AF4;AF8;F5;F1;F2;F6;FT7;FC3;FC4;FT8;C5;C1;C2;C6;TP7;CP3;CPz;CP4;TP8;P5;P1;P2;P6;PO7;PO3;POz;PO4;PO8,,,,,,,,,sub-032403.vhdr,.vhdr,/mnt/datasets_v7/gokul/EEGData/dsLEMON/sub-032403/RSEEG/sub-032403.vhdr,/mnt/datasets_v7/gokul/EEGData/dsLEMON/sub-032403,,,2026-06-14T16:29:21
0102,sub-032405,LEMON,sub-032405,,,,25-30,F,right,Realschule,positive (THC),1,smoker,3,none,7,,,6,5,No,Yes,control,,RestingState,,open,2500.0,50,,,,62,61,1,EEG:61;EOG:1,µV:61,Fp1;Fp2;F7;F3;Fz;F4;F8;FC5;FC1;FC2;FC6;T7;C3;Cz;C4;T8;CP5;CP1;CP2;CP6;AFz;P7;P3;Pz;P4;P8;PO9;O1;Oz;O2;PO10;AF7;AF3;AF4;AF8;F5;F1;F2;F6;FT7;FC3;FC4;FT8;C5;C1;C2;C6;TP7;CP3;CPz;CP4;TP8;P5;P1;P2;P6;PO7;PO3;POz;PO4;PO8,,,,,,,,,sub-032405.vhdr,.vhdr,/mnt/datasets_v7/gokul/EEGData/dsLEMON/sub-032405/RSEEG/sub-032405.vhdr,/mnt/datasets_v7/gokul/EEGData/dsLEMON/sub-032405,,,2026-06-14T16:29:21
0103,sub-032406,LEMON,sub-032406,,,,25-30,F,right,Gymnasium,negative,0,non-smoker,1,none,3,2,0,0,0,No,Yes,control,,RestingState,,open,2500.0,50,,,,62,61,1,EEG:61;EOG:1,µV:61,Fp1;Fp2;F7;F3;Fz;F4;F8;FC5;FC1;FC2;FC6;T7;C3;Cz;C4;T8;CP5;CP1;CP2;CP6;AFz;P7;P3;Pz;P4;P8;PO9;O1;Oz;O2;PO10;AF7;AF3;AF4;AF8;F5;F1;F2;F6;FT7;FC3;FC4;FT8;C5;C1;C2;C6;TP7;CP3;CPz;CP4;TP8;P5;P1;P2;P6;PO7;PO3;POz;PO4;PO8,,,,,,,,,sub-032406.vhdr,.vhdr,/mnt/datasets_v7/gokul/EEGData/dsLEMON/sub-032406/RSEEG/sub-032406.vhdr,/mnt/datasets_v7/gokul/EEGData/dsLEMON/sub-032406,,,2026-06-14T16:29:21
0104,sub-032407,LEMON,sub-032407,,,,20-25,F,right,Gymnasium,negative,0,non-smoker,1,none,0,,,9,40,No,No,control,,RestingState,,open,2500.0,50,,,,62,61,1,EEG:61;EOG:1,µV:61,Fp1;Fp2;F7;F3;Fz;F4;F8;FC5;FC1;FC2;FC6;T7;C3;Cz;C4;T8;CP5;CP1;CP2;CP6;AFz;P7;P3;Pz;P4;P8;PO9;O1;Oz;O2;PO10;AF7;AF3;AF4;AF8;F5;F1;F2;F6;FT7;FC3;FC4;FT8;C5;C1;C2;C6;TP7;CP3;CPz;CP4;TP8;P5;P1;P2;P6;PO7;PO3;POz;PO4;PO8,,,,,,,,,sub-032407.vhdr,.vhdr,/mnt/datasets_v7/gokul/EEGData/dsLEMON/sub-032407/RSEEG/sub-032407.vhdr,/mnt/datasets_v7/gokul/EEGData/dsLEMON/sub-032407,,,2026-06-14T16:29:21
0105,sub-032408,LEMON,sub-032408,,,,25-30,F,right,Gymnasium,negative,0,non-smoker,1,none,0,0,0,3,"1,5",No,Yes,control,,RestingState,,open,2500.0,50,,,,62,61,1,EEG:61;EOG:1,µV:61,Fp1;Fp2;F7;F3;Fz;F4;F8;FC5;FC1;FC2;FC6;T7;C3;Cz;C4;T8;CP5;CP1;CP2;CP6;AFz;P7;P3;Pz;P4;P8;PO9;O1;Oz;O2;PO10;AF7;AF3;AF4;AF8;F5;F1;F2;F6;FT7;FC3;FC4;FT8;C5;C1;C2;C6;TP7;CP3;CPz;CP4;TP8;P5;P1;P2;P6;PO7;PO3;POz;PO4;PO8,,,,,,,,,sub-032408.vhdr,.vhdr,/mnt/datasets_v7/gokul/EEGData/dsLEMON/sub-032408/RSEEG/sub-032408.vhdr,/mnt/datasets_v7/gokul/EEGData/dsLEMON/sub-032408,,,2026-06-14T16:29:21
0106,sub-032409,LEMON,sub-032409,,,,25-30,F,right,Realschule,negative,0,non-smoker,1,none,2,0,0,1,0,unknown,Yes,control,,RestingState,,open,2500.0,50,,,,62,61,1,EEG:61;EOG:1,µV:61,Fp1;Fp2;F7;F3;Fz;F4;F8;FC5;FC1;FC2;FC6;T7;C3;Cz;C4;T8;CP5;CP1;CP2;CP6;AFz;P7;P3;Pz;P4;P8;PO9;O1;Oz;O2;PO10;AF7;AF3;AF4;AF8;F5;F1;F2;F6;FT7;FC3;FC4;FT8;C5;C1;C2;C6;TP7;CP3;CPz;CP4;TP8;P5;P1;P2;P6;PO7;PO3;POz;PO4;PO8,,,,,,,,,sub-032409.vhdr,.vhdr,/mnt/datasets_v7/gokul/EEGData/dsLEMON/sub-032409/RSEEG/sub-032409.vhdr,/mnt/datasets_v7/gokul/EEGData/dsLEMON/sub-032409,,,2026-06-14T16:29:21
0107,sub-032410,LEMON,sub-032410,,,,25-30,F,right,Realschule,negative,0,non-smoker,1,past alcohol addiction,2,3,2,20,"43,5",No,No,control,,RestingState,,open,2500.0,50,,,,62,61,1,EEG:61;EOG:1,µV:61,Fp1;Fp2;F7;F3;Fz;F4;F8;FC5;FC1;FC2;FC6;T7;C3;Cz;C4;T8;CP5;CP1;CP2;CP6;AFz;P7;P3;Pz;P4;P8;PO9;O1;Oz;O2;PO10;AF7;AF3;AF4;AF8;F5;F1;F2;F6;FT7;FC3;FC4;FT8;C5;C1;C2;C6;TP7;CP3;CPz;CP4;TP8;P5;P1;P2;P6;PO7;PO3;POz;PO4;PO8,,,,,,,,,sub-032410.vhdr,.vhdr,/mnt/datasets_v7/gokul/EEGData/dsLEMON/sub-032410/RSEEG/sub-032410.vhdr,/mnt/datasets_v7/gokul/EEGData/dsLEMON/sub-032410,,,2026-06-14T16:29:21
0108,sub-032411,LEMON,sub-032411,,,,25-30,F,right,Gymnasium,negative,0,non-smoker,1,none,2,6,2,7,"9,5",No,Yes,control,,RestingState,,open,2500.0,50,,,,62,61,1,EEG:61;EOG:1,µV:61,Fp1;Fp2;F7;F3;Fz;F4;F8;FC5;FC1;FC2;FC6;T7;C3;Cz;C4;T8;CP5;CP1;CP2;CP6;AFz;P7;P3;Pz;P4;P8;PO9;O1;Oz;O2;PO10;AF7;AF3;AF4;AF8;F5;F1;F2;F6;FT7;FC3;FC4;FT8;C5;C1;C2;C6;TP7;CP3;CPz;CP4;TP8;P5;P1;P2;P6;PO7;PO3;POz;PO4;PO8,,,,,,,,,sub-032411.vhdr,.vhdr,/mnt/datasets_v7/gokul/EEGData/dsLEMON/sub-032411/RSEEG/sub-032411.vhdr,/mnt/datasets_v7/gokul/EEGData/dsLEMON/sub-032411,,,2026-06-14T16:29:21
0109,sub-032412,LEMON,sub-032412,,,,20-25,F,right,Gymnasium,negative,0,non-smoker,1,none,2,1,0,6,27,No,Yes,control,,RestingState,,open,2500.0,50,,,,62,61,1,EEG:61;EOG:1,µV:61,Fp1;Fp2;F7;F3;Fz;F4;F8;FC5;FC1;FC2;FC6;T7;C3;Cz;C4;T8;CP5;CP1;CP2;CP6;AFz;P7;P3;Pz;P4;P8;PO9;O1;Oz;O2;PO10;AF7;AF3;AF4;AF8;F5;F1;F2;F6;FT7;FC3;FC4;FT8;C5;C1;C2;C6;TP7;CP3;CPz;CP4;TP8;P5;P1;P2;P6;PO7;PO3;POz;PO4;PO8,,,,,,,,,sub-032412.vhdr,.vhdr,/mnt/datasets_v7/gokul/EEGData/dsLEMON/sub-032412/RSEEG/sub-032412.vhdr,/mnt/datasets_v7/gokul/EEGData/dsLEMON/sub-032412,,,2026-06-14T16:29:21
0110,sub-032413,LEMON,sub-032413,,,,25-30,F,left,Gymnasium,negative,0,non-smoker,1,none,2,3,0,8,10,No,Yes,control,,RestingState,,open,2500.0,50,,,,62,61,1,EEG:61;EOG:1,µV:61,Fp1;Fp2;F7;F3;Fz;F4;F8;FC5;FC1;FC2;FC6;T7;C3;Cz;C4;T8;CP5;CP1;CP2;CP6;AFz;P7;P3;Pz;P4;P8;PO9;O1;Oz;O2;PO10;AF7;AF3;AF4;AF8;F5;F1;F2;F6;FT7;FC3;FC4;FT8;C5;C1;C2;C6;TP7;CP3;CPz;CP4;TP8;P5;P1;P2;P6;PO7;PO3;POz;PO4;PO8,,,,,,,,,sub-032413.vhdr,.vhdr,/mnt/datasets_v7/gokul/EEGData/dsLEMON/sub-032413/RSEEG/sub-032413.vhdr,/mnt/datasets_v7/gokul/EEGData/dsLEMON/sub-032413,,,2026-06-14T16:29:21
0111,sub-032414,LEMON,sub-032414,,,,20-25,M,right,Gymnasium,negative,0,non-smoker,1,none,3,,,5,14,No,No,control,,RestingState,,open,2500.0,50,,,,62,61,1,EEG:61;EOG:1,µV:61,Fp1;Fp2;F7;F3;Fz;F4;F8;FC5;FC1;FC2;FC6;T7;C3;Cz;C4;T8;CP5;CP1;CP2;CP6;AFz;P7;P3;Pz;P4;P8;PO9;O1;Oz;O2;PO10;AF7;AF3;AF4;AF8;F5;F1;F2;F6;FT7;FC3;FC4;FT8;C5;C1;C2;C6;TP7;CP3;CPz;CP4;TP8;P5;P1;P2;P6;PO7;PO3;POz;PO4;PO8,,,,,,,,,sub-032414.vhdr,.vhdr,/mnt/datasets_v7/gokul/EEGData/dsLEMON/sub-032414/RSEEG/sub-032414.vhdr,/mnt/datasets_v7/gokul/EEGData/dsLEMON/sub-032414,,,2026-06-14T16:29:21
0112,sub-032415,LEMON,sub-032415,,,,60-65,F,right,Gymnasium,negative,0,non-smoker,1,current alcohol abuse & addiction,1,,,14,130,No,No,control,,RestingState,,open,2500.0,50,,,,62,61,1,EEG:61;EOG:1,µV:61,Fp1;Fp2;F7;F3;Fz;F4;F8;FC5;FC1;FC2;FC6;T7;C3;Cz;C4;T8;CP5;CP1;CP2;CP6;AFz;P7;P3;Pz;P4;P8;PO9;O1;Oz;O2;PO10;AF7;AF3;AF4;AF8;F5;F1;F2;F6;FT7;FC3;FC4;FT8;C5;C1;C2;C6;TP7;CP3;CPz;CP4;TP8;P5;P1;P2;P6;PO7;PO3;POz;PO4;PO8,,,,,,,,,sub-032415.vhdr,.vhdr,/mnt/datasets_v7/gokul/EEGData/dsLEMON/sub-032415/RSEEG/sub-032415.vhdr,/mnt/datasets_v7/gokul/EEGData/dsLEMON/sub-032415,,,2026-06-14T16:29:21
0113,sub-032416,LEMON,sub-032416,,,,20-25,F,right,Gymnasium,negative,0,non-smoker,1,none,2,6,1,4,27,No,Yes,control,,RestingState,,open,2500.0,50,,,,62,61,1,EEG:61;EOG:1,µV:61,Fp1;Fp2;F7;F3;Fz;F4;F8;FC5;FC1;FC2;FC6;T7;C3;Cz;C4;T8;CP5;CP1;CP2;CP6;AFz;P7;P3;Pz;P4;P8;PO9;O1;Oz;O2;PO10;AF7;AF3;AF4;AF8;F5;F1;F2;F6;FT7;FC3;FC4;FT8;C5;C1;C2;C6;TP7;CP3;CPz;CP4;TP8;P5;P1;P2;P6;PO7;PO3;POz;PO4;PO8,,,,,,,,,sub-032416.vhdr,.vhdr,/mnt/datasets_v7/gokul/EEGData/dsLEMON/sub-032416/RSEEG/sub-032416.vhdr,/mnt/datasets_v7/gokul/EEGData/dsLEMON/sub-032416,,,2026-06-14T16:29:21
0114,sub-032417,LEMON,sub-032417,,,,25-30,F,right,Gymnasium,negative,0,non-smoker,1,none,2,2,2,7,"35,5",Yes,Yes,control,,RestingState,,open,2500.0,50,,,,62,61,1,EEG:61;EOG:1,µV:61,Fp1;Fp2;F7;F3;Fz;F4;F8;FC5;FC1;FC2;FC6;T7;C3;Cz;C4;T8;CP5;CP1;CP2;CP6;AFz;P7;P3;Pz;P4;P8;PO9;O1;Oz;O2;PO10;AF7;AF3;AF4;AF8;F5;F1;F2;F6;FT7;FC3;FC4;FT8;C5;C1;C2;C6;TP7;CP3;CPz;CP4;TP8;P5;P1;P2;P6;PO7;PO3;POz;PO4;PO8,,,,,,,,,sub-032417.vhdr,.vhdr,/mnt/datasets_v7/gokul/EEGData/dsLEMON/sub-032417/RSEEG/sub-032417.vhdr,/mnt/datasets_v7/gokul/EEGData/dsLEMON/sub-032417,,,2026-06-14T16:29:21
0115,sub-032418,LEMON,sub-032418,,,,20-25,F,right,Gymnasium,negative,0,non-smoker,1,none,0,,,5,45,No,Yes,control,,RestingState,,open,2500.0,50,,,,62,61,1,EEG:61;EOG:1,µV:61,Fp1;Fp2;F7;F3;Fz;F4;F8;FC5;FC1;FC2;FC6;T7;C3;Cz;C4;T8;CP5;CP1;CP2;CP6;AFz;P7;P3;Pz;P4;P8;PO9;O1;Oz;O2;PO10;AF7;AF3;AF4;AF8;F5;F1;F2;F6;FT7;FC3;FC4;FT8;C5;C1;C2;C6;TP7;CP3;CPz;CP4;TP8;P5;P1;P2;P6;PO7;PO3;POz;PO4;PO8,,,,,,,,,sub-032418.vhdr,.vhdr,/mnt/datasets_v7/gokul/EEGData/dsLEMON/sub-032418/RSEEG/sub-032418.vhdr,/mnt/datasets_v7/gokul/EEGData/dsLEMON/sub-032418,,,2026-06-14T16:29:21
0116,sub-032419,LEMON,sub-032419,,,,25-30,F,right,Gymnasium,negative,0,non-smoker,1,none,1,0,0,3,"3,5",No,Yes,control,,RestingState,,open,2500.0,50,,,,62,61,1,EEG:61;EOG:1,µV:61,Fp1;Fp2;F7;F3;Fz;F4;F8;FC5;FC1;FC2;FC6;T7;C3;Cz;C4;T8;CP5;CP1;CP2;CP6;AFz;P7;P3;Pz;P4;P8;PO9;O1;Oz;O2;PO10;AF7;AF3;AF4;AF8;F5;F1;F2;F6;FT7;FC3;FC4;FT8;C5;C1;C2;C6;TP7;CP3;CPz;CP4;TP8;P5;P1;P2;P6;PO7;PO3;POz;PO4;PO8,,,,,,,,,sub-032419.vhdr,.vhdr,/mnt/datasets_v7/gokul/EEGData/dsLEMON/sub-032419/RSEEG/sub-032419.vhdr,/mnt/datasets_v7/gokul/EEGData/dsLEMON/sub-032419,,,2026-06-14T16:29:21
0117,sub-032420,LEMON,sub-032420,,,,25-30,F,left,Gymnasium,negative,0,non-smoker,1,none,0,2,0,8,24,No,No,control,,RestingState,,open,2500.0,50,,,,62,61,1,EEG:61;EOG:1,µV:61,Fp1;Fp2;F7;F3;Fz;F4;F8;FC5;FC1;FC2;FC6;T7;C3;Cz;C4;T8;CP5;CP1;CP2;CP6;AFz;P7;P3;Pz;P4;P8;PO9;O1;Oz;O2;PO10;AF7;AF3;AF4;AF8;F5;F1;F2;F6;FT7;FC3;FC4;FT8;C5;C1;C2;C6;TP7;CP3;CPz;CP4;TP8;P5;P1;P2;P6;PO7;PO3;POz;PO4;PO8,,,,,,,,,sub-032420.vhdr,.vhdr,/mnt/datasets_v7/gokul/EEGData/dsLEMON/sub-032420/RSEEG/sub-032420.vhdr,/mnt/datasets_v7/gokul/EEGData/dsLEMON/sub-032420,,,2026-06-14T16:29:21
0118,sub-032421,LEMON,sub-032421,,,,20-25,F,right,Gymnasium,negative,0,non-smoker,1,none,0,2,0,7,8.5,No,Yes,control,,RestingState,,open,2500.0,50,,,,62,61,1,EEG:61;EOG:1,µV:61,Fp1;Fp2;F7;F3;Fz;F4;F8;FC5;FC1;FC2;FC6;T7;C3;Cz;C4;T8;CP5;CP1;CP2;CP6;AFz;P7;P3;Pz;P4;P8;PO9;O1;Oz;O2;PO10;AF7;AF3;AF4;AF8;F5;F1;F2;F6;FT7;FC3;FC4;FT8;C5;C1;C2;C6;TP7;CP3;CPz;CP4;TP8;P5;P1;P2;P6;PO7;PO3;POz;PO4;PO8,,,,,,,,,sub-032421.vhdr,.vhdr,/mnt/datasets_v7/gokul/EEGData/dsLEMON/sub-032421/RSEEG/sub-032421.vhdr,/mnt/datasets_v7/gokul/EEGData/dsLEMON/sub-032421,,,2026-06-14T16:29:21
0119,sub-032422,LEMON,sub-032422,,,,25-30,F,right,Gymnasium,negative,0,non-smoker,1,none,6,4,1,4,2,No,Yes,control,,RestingState,,open,2500.0,50,,,,62,61,1,EEG:61;EOG:1,µV:61,Fp1;Fp2;F7;F3;Fz;F4;F8;FC5;FC1;FC2;FC6;T7;C3;Cz;C4;T8;CP5;CP1;CP2;CP6;AFz;P7;P3;Pz;P4;P8;PO9;O1;Oz;O2;PO10;AF7;AF3;AF4;AF8;F5;F1;F2;F6;FT7;FC3;FC4;FT8;C5;C1;C2;C6;TP7;CP3;CPz;CP4;TP8;P5;P1;P2;P6;PO7;PO3;POz;PO4;PO8,,,,,,,,,sub-032422.vhdr,.vhdr,/mnt/datasets_v7/gokul/EEGData/dsLEMON/sub-032422/RSEEG/sub-032422.vhdr,/mnt/datasets_v7/gokul/EEGData/dsLEMON/sub-032422,,,2026-06-14T16:29:21
0120,sub-032423,LEMON,sub-032423,,,,25-30,F,right,Gymnasium,negative,0,non-smoker,1,none,3,9,0,0,0,No,No,control,,RestingState,,open,2500.0,50,,,,62,61,1,EEG:61;EOG:1,µV:61,Fp1;Fp2;F7;F3;Fz;F4;F8;FC5;FC1;FC2;FC6;T7;C3;Cz;C4;T8;CP5;CP1;CP2;CP6;AFz;P7;P3;Pz;P4;P8;PO9;O1;Oz;O2;PO10;AF7;AF3;AF4;AF8;F5;F1;F2;F6;FT7;FC3;FC4;FT8;C5;C1;C2;C6;TP7;CP3;CPz;CP4;TP8;P5;P1;P2;P6;PO7;PO3;POz;PO4;PO8,,,,,,,,,sub-032423.vhdr,.vhdr,/mnt/datasets_v7/gokul/EEGData/dsLEMON/sub-032423/RSEEG/sub-032423.vhdr,/mnt/datasets_v7/gokul/EEGData/dsLEMON/sub-032423,,,2026-06-14T16:29:21
0121,sub-032424,LEMON,sub-032424,,,,25-30,F,right,Gymnasium,negative,0,non-smoker,1,none,2,5,0,6,14,No,Yes,control,,RestingState,,open,2500.0,50,,,,62,61,1,EEG:61;EOG:1,µV:61,Fp1;Fp2;F7;F3;Fz;F4;F8;FC5;FC1;FC2;FC6;T7;C3;Cz;C4;T8;CP5;CP1;CP2;CP6;AFz;P7;P3;Pz;P4;P8;PO9;O1;Oz;O2;PO10;AF7;AF3;AF4;AF8;F5;F1;F2;F6;FT7;FC3;FC4;FT8;C5;C1;C2;C6;TP7;CP3;CPz;CP4;TP8;P5;P1;P2;P6;PO7;PO3;POz;PO4;PO8,,,,,,,,,sub-032424.vhdr,.vhdr,/mnt/datasets_v7/gokul/EEGData/dsLEMON/sub-032424/RSEEG/sub-032424.vhdr,/mnt/datasets_v7/gokul/EEGData/dsLEMON/sub-032424,,,2026-06-14T16:29:21
0122,sub-032425,LEMON,sub-032425,,,,25-30,F,right,Gymnasium,negative,0,non-smoker,1,none,0,2,0,4,19.5,Yes,Yes,control,,RestingState,,open,2500.0,50,,,,62,61,1,EEG:61;EOG:1,µV:61,Fp1;Fp2;F7;F3;Fz;F4;F8;FC5;FC1;FC2;FC6;T7;C3;Cz;C4;T8;CP5;CP1;CP2;CP6;AFz;P7;P3;Pz;P4;P8;PO9;O1;Oz;O2;PO10;AF7;AF3;AF4;AF8;F5;F1;F2;F6;FT7;FC3;FC4;FT8;C5;C1;C2;C6;TP7;CP3;CPz;CP4;TP8;P5;P1;P2;P6;PO7;PO3;POz;PO4;PO8,,,,,,,,,sub-032425.vhdr,.vhdr,/mnt/datasets_v7/gokul/EEGData/dsLEMON/sub-032425/RSEEG/sub-032425.vhdr,/mnt/datasets_v7/gokul/EEGData/dsLEMON/sub-032425,,,2026-06-14T16:29:21
0123,sub-032426,LEMON,sub-032426,,,,25-30,F,right,Gymnasium,negative,0,non-smoker,1,past alcohol abuse,6,3,0,3,"17,5",No,Yes,control,,RestingState,,open,500.0,50,,,,62,61,1,EEG:61;EOG:1,µV:61,Fp1;Fp2;F7;F3;Fz;F4;F8;FC5;FC1;FC2;FC6;T7;C3;Cz;C4;T8;CP5;CP1;CP2;CP6;AFz;P7;P3;Pz;P4;P8;PO9;O1;Oz;O2;PO10;AF7;AF3;AF4;AF8;F5;F1;F2;F6;FT7;FC3;FC4;FT8;C5;C1;C2;C6;TP7;CP3;CPz;CP4;TP8;P5;P1;P2;P6;PO7;PO3;POz;PO4;PO8,,,,,,,,,sub-032426.vhdr,.vhdr,/mnt/datasets_v7/gokul/EEGData/dsLEMON/sub-032426/RSEEG/sub-032426.vhdr,/mnt/datasets_v7/gokul/EEGData/dsLEMON/sub-032426,,,2026-06-14T16:29:21
0124,sub-032427,LEMON,sub-032427,,,,25-30,F,right,Gymnasium,negative,0,non-smoker,1,none,3,6,0,2,12,No,No,control,,RestingState,,open,2500.0,50,,,,62,61,1,EEG:61;EOG:1,µV:61,Fp1;Fp2;F7;F3;Fz;F4;F8;FC5;FC1;FC2;FC6;T7;C3;Cz;C4;T8;CP5;CP1;CP2;CP6;AFz;P7;P3;Pz;P4;P8;PO9;O1;Oz;O2;PO10;AF7;AF3;AF4;AF8;F5;F1;F2;F6;FT7;FC3;FC4;FT8;C5;C1;C2;C6;TP7;CP3;CPz;CP4;TP8;P5;P1;P2;P6;PO7;PO3;POz;PO4;PO8,,,,,,,,,sub-032427.vhdr,.vhdr,/mnt/datasets_v7/gokul/EEGData/dsLEMON/sub-032427/RSEEG/sub-032427.vhdr,/mnt/datasets_v7/gokul/EEGData/dsLEMON/sub-032427,,,2026-06-14T16:29:21
0125,sub-032428,LEMON,sub-032428,,,,70-75,M,right,Realschule,negative,0,non-smoker,1,none,2,,,2,10,No,No,control,,RestingState,,open,2500.0,50,,,,62,61,1,EEG:61;EOG:1,µV:61,Fp1;Fp2;F7;F3;Fz;F4;F8;FC5;FC1;FC2;FC6;T7;C3;Cz;C4;T8;CP5;CP1;CP2;CP6;AFz;P7;P3;Pz;P4;P8;PO9;O1;Oz;O2;PO10;AF7;AF3;AF4;AF8;F5;F1;F2;F6;FT7;FC3;FC4;FT8;C5;C1;C2;C6;TP7;CP3;CPz;CP4;TP8;P5;P1;P2;P6;PO7;PO3;POz;PO4;PO8,,,,,,,,,sub-032428.vhdr,.vhdr,/mnt/datasets_v7/gokul/EEGData/dsLEMON/sub-032428/RSEEG/sub-032428.vhdr,/mnt/datasets_v7/gokul/EEGData/dsLEMON/sub-032428,,,2026-06-14T16:29:21
0126,sub-032429,LEMON,sub-032429,,,,30-35,F,right,Realschule,negative,0,non-smoker,1,none,3,0,0,6,46,No,Yes,control,,RestingState,,open,2500.0,50,,,,62,61,1,EEG:61;EOG:1,µV:61,Fp1;Fp2;F7;F3;Fz;F4;F8;FC5;FC1;FC2;FC6;T7;C3;Cz;C4;T8;CP5;CP1;CP2;CP6;AFz;P7;P3;Pz;P4;P8;PO9;O1;Oz;O2;PO10;AF7;AF3;AF4;AF8;F5;F1;F2;F6;FT7;FC3;FC4;FT8;C5;C1;C2;C6;TP7;CP3;CPz;CP4;TP8;P5;P1;P2;P6;PO7;PO3;POz;PO4;PO8,,,,,,,,,sub-032429.vhdr,.vhdr,/mnt/datasets_v7/gokul/EEGData/dsLEMON/sub-032429/RSEEG/sub-032429.vhdr,/mnt/datasets_v7/gokul/EEGData/dsLEMON/sub-032429,,,2026-06-14T16:29:21
0127,sub-032430,LEMON,sub-032430,,,,65-70,M,right,Realschule,negative,0,occasional smoker,2,none ,11,,,3,12,Yes,No,control,,RestingState,,open,2500.0,50,,,,62,61,1,EEG:61;EOG:1,µV:61,Fp1;Fp2;F7;F3;Fz;F4;F8;FC5;FC1;FC2;FC6;T7;C3;Cz;C4;T8;CP5;CP1;CP2;CP6;AFz;P7;P3;Pz;P4;P8;PO9;O1;Oz;O2;PO10;AF7;AF3;AF4;AF8;F5;F1;F2;F6;FT7;FC3;FC4;FT8;C5;C1;C2;C6;TP7;CP3;CPz;CP4;TP8;P5;P1;P2;P6;PO7;PO3;POz;PO4;PO8,,,,,,,,,sub-032430.vhdr,.vhdr,/mnt/datasets_v7/gokul/EEGData/dsLEMON/sub-032430/RSEEG/sub-032430.vhdr,/mnt/datasets_v7/gokul/EEGData/dsLEMON/sub-032430,,,2026-06-14T16:29:21
0128,sub-032431,LEMON,sub-032431,,,,70-75,M,right,Realschule,positive (BZO),1,non-smoker,1,none,0,,,0,0,No,Yes,control,,RestingState,,open,2500.0,50,,,,62,61,1,EEG:61;EOG:1,µV:61,Fp1;Fp2;F7;F3;Fz;F4;F8;FC5;FC1;FC2;FC6;T7;C3;Cz;C4;T8;CP5;CP1;CP2;CP6;AFz;P7;P3;Pz;P4;P8;PO9;O1;Oz;O2;PO10;AF7;AF3;AF4;AF8;F5;F1;F2;F6;FT7;FC3;FC4;FT8;C5;C1;C2;C6;TP7;CP3;CPz;CP4;TP8;P5;P1;P2;P6;PO7;PO3;POz;PO4;PO8,,,,,,,,,sub-032431.vhdr,.vhdr,/mnt/datasets_v7/gokul/EEGData/dsLEMON/sub-032431/RSEEG/sub-032431.vhdr,/mnt/datasets_v7/gokul/EEGData/dsLEMON/sub-032431,,,2026-06-14T16:29:21
0129,sub-032432,LEMON,sub-032432,,,,25-30,F,right,Gymnasium,negative,0,non-smoker,1,none,3,4,0,0,0,Yes,No,control,,RestingState,,open,2500.0,50,,,,62,61,1,EEG:61;EOG:1,µV:61,Fp1;Fp2;F7;F3;Fz;F4;F8;FC5;FC1;FC2;FC6;T7;C3;Cz;C4;T8;CP5;CP1;CP2;CP6;AFz;P7;P3;Pz;P4;P8;PO9;O1;Oz;O2;PO10;AF7;AF3;AF4;AF8;F5;F1;F2;F6;FT7;FC3;FC4;FT8;C5;C1;C2;C6;TP7;CP3;CPz;CP4;TP8;P5;P1;P2;P6;PO7;PO3;POz;PO4;PO8,,,,,,,,,sub-032432.vhdr,.vhdr,/mnt/datasets_v7/gokul/EEGData/dsLEMON/sub-032432/RSEEG/sub-032432.vhdr,/mnt/datasets_v7/gokul/EEGData/dsLEMON/sub-032432,,,2026-06-14T16:29:21
0130,sub-032434,LEMON,sub-032434,,,,25-30,F,right,Gymansium,negative,0,non-smoker,1,none,2,4,1,3,3,No,No,control,,RestingState,,open,2500.0,50,,,,62,61,1,EEG:61;EOG:1,µV:61,Fp1;Fp2;F7;F3;Fz;F4;F8;FC5;FC1;FC2;FC6;T7;C3;Cz;C4;T8;CP5;CP1;CP2;CP6;AFz;P7;P3;Pz;P4;P8;PO9;O1;Oz;O2;PO10;AF7;AF3;AF4;AF8;F5;F1;F2;F6;FT7;FC3;FC4;FT8;C5;C1;C2;C6;TP7;CP3;CPz;CP4;TP8;P5;P1;P2;P6;PO7;PO3;POz;PO4;PO8,,,,,,,,,sub-032434.vhdr,.vhdr,/mnt/datasets_v7/gokul/EEGData/dsLEMON/sub-032434/RSEEG/sub-032434.vhdr,/mnt/datasets_v7/gokul/EEGData/dsLEMON/sub-032434,,,2026-06-14T16:29:21
0131,sub-032435,LEMON,sub-032435,,,,20-25,F,right,Gymnasium,negative,0,non-smoker,1,none,4,0,1,2,4,No,Yes,control,,RestingState,,open,2500.0,50,,,,62,61,1,EEG:61;EOG:1,µV:61,Fp1;Fp2;F7;F3;Fz;F4;F8;FC5;FC1;FC2;FC6;T7;C3;Cz;C4;T8;CP5;CP1;CP2;CP6;AFz;P7;P3;Pz;P4;P8;PO9;O1;Oz;O2;PO10;AF7;AF3;AF4;AF8;F5;F1;F2;F6;FT7;FC3;FC4;FT8;C5;C1;C2;C6;TP7;CP3;CPz;CP4;TP8;P5;P1;P2;P6;PO7;PO3;POz;PO4;PO8,,,,,,,,,sub-032435.vhdr,.vhdr,/mnt/datasets_v7/gokul/EEGData/dsLEMON/sub-032435/RSEEG/sub-032435.vhdr,/mnt/datasets_v7/gokul/EEGData/dsLEMON/sub-032435,,,2026-06-14T16:29:21
0132,sub-032436,LEMON,sub-032436,,,,20-25,F,right,Gymnasium,negative,0,non-smoker,1,none,5,4,1,8,"59,5",No,No,control,,RestingState,,open,2500.0,50,,,,62,61,1,EEG:61;EOG:1,µV:61,Fp1;Fp2;F7;F3;Fz;F4;F8;FC5;FC1;FC2;FC6;T7;C3;Cz;C4;T8;CP5;CP1;CP2;CP6;AFz;P7;P3;Pz;P4;P8;PO9;O1;Oz;O2;PO10;AF7;AF3;AF4;AF8;F5;F1;F2;F6;FT7;FC3;FC4;FT8;C5;C1;C2;C6;TP7;CP3;CPz;CP4;TP8;P5;P1;P2;P6;PO7;PO3;POz;PO4;PO8,,,,,,,,,sub-032436.vhdr,.vhdr,/mnt/datasets_v7/gokul/EEGData/dsLEMON/sub-032436/RSEEG/sub-032436.vhdr,/mnt/datasets_v7/gokul/EEGData/dsLEMON/sub-032436,,,2026-06-14T16:29:21
0133,sub-032438,LEMON,sub-032438,,,,20-25,F,right,Gymnasium,negative,0,non-smoker,1,none,3,1,0,6,18,Yes,Yes,control,,RestingState,,open,2500.0,50,,,,62,61,1,EEG:61;EOG:1,µV:61,Fp1;Fp2;F7;F3;Fz;F4;F8;FC5;FC1;FC2;FC6;T7;C3;Cz;C4;T8;CP5;CP1;CP2;CP6;AFz;P7;P3;Pz;P4;P8;PO9;O1;Oz;O2;PO10;AF7;AF3;AF4;AF8;F5;F1;F2;F6;FT7;FC3;FC4;FT8;C5;C1;C2;C6;TP7;CP3;CPz;CP4;TP8;P5;P1;P2;P6;PO7;PO3;POz;PO4;PO8,,,,,,,,,sub-032438.vhdr,.vhdr,/mnt/datasets_v7/gokul/EEGData/dsLEMON/sub-032438/RSEEG/sub-032438.vhdr,/mnt/datasets_v7/gokul/EEGData/dsLEMON/sub-032438,,,2026-06-14T16:29:21
0134,sub-032439,LEMON,sub-032439,,,,20-25,F,left,Gymnasium,negative,0,non-smoker,1,none,1,4,1,5,18,no,no,control,,RestingState,,open,2500.0,50,,,,62,61,1,EEG:61;EOG:1,µV:61,Fp1;Fp2;F7;F3;Fz;F4;F8;FC5;FC1;FC2;FC6;T7;C3;Cz;C4;T8;CP5;CP1;CP2;CP6;AFz;P7;P3;Pz;P4;P8;PO9;O1;Oz;O2;PO10;AF7;AF3;AF4;AF8;F5;F1;F2;F6;FT7;FC3;FC4;FT8;C5;C1;C2;C6;TP7;CP3;CPz;CP4;TP8;P5;P1;P2;P6;PO7;PO3;POz;PO4;PO8,,,,,,,,,sub-032439.vhdr,.vhdr,/mnt/datasets_v7/gokul/EEGData/dsLEMON/sub-032439/RSEEG/sub-032439.vhdr,/mnt/datasets_v7/gokul/EEGData/dsLEMON/sub-032439,,,2026-06-14T16:29:21
0135,sub-032440,LEMON,sub-032440,,,,25-30,F,left,Gymnasium,negative,0,non-smoker,1,none,5,2,1,3,29,no,yes,control,,RestingState,,open,2500.0,50,,,,62,61,1,EEG:61;EOG:1,µV:61,Fp1;Fp2;F7;F3;Fz;F4;F8;FC5;FC1;FC2;FC6;T7;C3;Cz;C4;T8;CP5;CP1;CP2;CP6;AFz;P7;P3;Pz;P4;P8;PO9;O1;Oz;O2;PO10;AF7;AF3;AF4;AF8;F5;F1;F2;F6;FT7;FC3;FC4;FT8;C5;C1;C2;C6;TP7;CP3;CPz;CP4;TP8;P5;P1;P2;P6;PO7;PO3;POz;PO4;PO8,,,,,,,,,sub-032440.vhdr,.vhdr,/mnt/datasets_v7/gokul/EEGData/dsLEMON/sub-032440/RSEEG/sub-032440.vhdr,/mnt/datasets_v7/gokul/EEGData/dsLEMON/sub-032440,,,2026-06-14T16:29:21
0136,sub-032441,LEMON,sub-032441,,,,25-30,F,right,Gymnasium,negative,0,non-smoker,1,none,3,3,1,3,"16,5",no,yes,control,,RestingState,,open,2500.0,50,,,,62,61,1,EEG:61;EOG:1,µV:61,Fp1;Fp2;F7;F3;Fz;F4;F8;FC5;FC1;FC2;FC6;T7;C3;Cz;C4;T8;CP5;CP1;CP2;CP6;AFz;P7;P3;Pz;P4;P8;PO9;O1;Oz;O2;PO10;AF7;AF3;AF4;AF8;F5;F1;F2;F6;FT7;FC3;FC4;FT8;C5;C1;C2;C6;TP7;CP3;CPz;CP4;TP8;P5;P1;P2;P6;PO7;PO3;POz;PO4;PO8,,,,,,,,,sub-032441.vhdr,.vhdr,/mnt/datasets_v7/gokul/EEGData/dsLEMON/sub-032441/RSEEG/sub-032441.vhdr,/mnt/datasets_v7/gokul/EEGData/dsLEMON/sub-032441,,,2026-06-14T16:29:21
0137,sub-032442,LEMON,sub-032442,,,,70-75,M,right,Hauptschule,negative,0,non-smoker,1,specific phobia,5,,,2,2,No,Yes,control,,RestingState,,open,2500.0,50,,,,62,61,1,EEG:61;EOG:1,µV:61,Fp1;Fp2;F7;F3;Fz;F4;F8;FC5;FC1;FC2;FC6;T7;C3;Cz;C4;T8;CP5;CP1;CP2;CP6;AFz;P7;P3;Pz;P4;P8;PO9;O1;Oz;O2;PO10;AF7;AF3;AF4;AF8;F5;F1;F2;F6;FT7;FC3;FC4;FT8;C5;C1;C2;C6;TP7;CP3;CPz;CP4;TP8;P5;P1;P2;P6;PO7;PO3;POz;PO4;PO8,,,,,,,,,sub-032442.vhdr,.vhdr,/mnt/datasets_v7/gokul/EEGData/dsLEMON/sub-032442/RSEEG/sub-032442.vhdr,/mnt/datasets_v7/gokul/EEGData/dsLEMON/sub-032442,,,2026-06-14T16:29:21
0138,sub-032444,LEMON,sub-032444,,,,30-35,F,right,Gymnasium,negative,0,occasional smoker,2,none,6,4,2,11,18,No,No,control,,RestingState,,open,2500.0,50,,,,62,61,1,EEG:61;EOG:1,µV:61,Fp1;Fp2;F7;F3;Fz;F4;F8;FC5;FC1;FC2;FC6;T7;C3;Cz;C4;T8;CP5;CP1;CP2;CP6;AFz;P7;P3;Pz;P4;P8;PO9;O1;Oz;O2;PO10;AF7;AF3;AF4;AF8;F5;F1;F2;F6;FT7;FC3;FC4;FT8;C5;C1;C2;C6;TP7;CP3;CPz;CP4;TP8;P5;P1;P2;P6;PO7;PO3;POz;PO4;PO8,,,,,,,,,sub-032444.vhdr,.vhdr,/mnt/datasets_v7/gokul/EEGData/dsLEMON/sub-032444/RSEEG/sub-032444.vhdr,/mnt/datasets_v7/gokul/EEGData/dsLEMON/sub-032444,,,2026-06-14T16:29:21
0139,sub-032446,LEMON,sub-032446,,,,20-25,F,right,Gymnasium,negative,0,non-smoker,1,none,3,11,0,7,15,No,No,control,,RestingState,,open,2500.0,50,,,,62,61,1,EEG:61;EOG:1,µV:61,Fp1;Fp2;F7;F3;Fz;F4;F8;FC5;FC1;FC2;FC6;T7;C3;Cz;C4;T8;CP5;CP1;CP2;CP6;AFz;P7;P3;Pz;P4;P8;PO9;O1;Oz;O2;PO10;AF7;AF3;AF4;AF8;F5;F1;F2;F6;FT7;FC3;FC4;FT8;C5;C1;C2;C6;TP7;CP3;CPz;CP4;TP8;P5;P1;P2;P6;PO7;PO3;POz;PO4;PO8,,,,,,,,,sub-032446.vhdr,.vhdr,/mnt/datasets_v7/gokul/EEGData/dsLEMON/sub-032446/RSEEG/sub-032446.vhdr,/mnt/datasets_v7/gokul/EEGData/dsLEMON/sub-032446,,,2026-06-14T16:29:21
0140,sub-032447,LEMON,sub-032447,,,,60-65,F,right,Gymnasium,negative,0,non-smoker,1,none,2,8,0,5,26,No,Yes,control,,RestingState,,open,2500.0,50,,,,62,61,1,EEG:61;EOG:1,µV:61,Fp1;Fp2;F7;F3;Fz;F4;F8;FC5;FC1;FC2;FC6;T7;C3;Cz;C4;T8;CP5;CP1;CP2;CP6;AFz;P7;P3;Pz;P4;P8;PO9;O1;Oz;O2;PO10;AF7;AF3;AF4;AF8;F5;F1;F2;F6;FT7;FC3;FC4;FT8;C5;C1;C2;C6;TP7;CP3;CPz;CP4;TP8;P5;P1;P2;P6;PO7;PO3;POz;PO4;PO8,,,,,,,,,sub-032447.vhdr,.vhdr,/mnt/datasets_v7/gokul/EEGData/dsLEMON/sub-032447/RSEEG/sub-032447.vhdr,/mnt/datasets_v7/gokul/EEGData/dsLEMON/sub-032447,,,2026-06-14T16:29:21
0141,sub-032448,LEMON,sub-032448,,,,25-30,F,right,Gymnasium,positive (THC),1,smoker,3,current cannabis addiction,1,0,0,7,15,No,No,control,,RestingState,,open,2500.0,50,,,,62,61,1,EEG:61;EOG:1,µV:61,Fp1;Fp2;F7;F3;Fz;F4;F8;FC5;FC1;FC2;FC6;T7;C3;Cz;C4;T8;CP5;CP1;CP2;CP6;AFz;P7;P3;Pz;P4;P8;PO9;O1;Oz;O2;PO10;AF7;AF3;AF4;AF8;F5;F1;F2;F6;FT7;FC3;FC4;FT8;C5;C1;C2;C6;TP7;CP3;CPz;CP4;TP8;P5;P1;P2;P6;PO7;PO3;POz;PO4;PO8,,,,,,,,,sub-032448.vhdr,.vhdr,/mnt/datasets_v7/gokul/EEGData/dsLEMON/sub-032448/RSEEG/sub-032448.vhdr,/mnt/datasets_v7/gokul/EEGData/dsLEMON/sub-032448,,,2026-06-14T16:29:21
0142,sub-032449,LEMON,sub-032449,,,,20-25,F,right,Gymnasium,negative,0,smoker,3,"current cannabis addiction, alcohol abuse",4,6,4,11,22.5,No,No,control,,RestingState,,open,2500.0,50,,,,62,61,1,EEG:61;EOG:1,µV:61,Fp1;Fp2;F7;F3;Fz;F4;F8;FC5;FC1;FC2;FC6;T7;C3;Cz;C4;T8;CP5;CP1;CP2;CP6;AFz;P7;P3;Pz;P4;P8;PO9;O1;Oz;O2;PO10;AF7;AF3;AF4;AF8;F5;F1;F2;F6;FT7;FC3;FC4;FT8;C5;C1;C2;C6;TP7;CP3;CPz;CP4;TP8;P5;P1;P2;P6;PO7;PO3;POz;PO4;PO8,,,,,,,,,sub-032449.vhdr,.vhdr,/mnt/datasets_v7/gokul/EEGData/dsLEMON/sub-032449/RSEEG/sub-032449.vhdr,/mnt/datasets_v7/gokul/EEGData/dsLEMON/sub-032449,,,2026-06-14T16:29:21
0143,sub-032450,LEMON,sub-032450,,,,60-65,M,right,Gymnasium,negative,0,non-smoker,1,none,3,3,0,2,5,No,Yes,control,,RestingState,,open,2500.0,50,,,,62,61,1,EEG:61;EOG:1,µV:61,Fp1;Fp2;F7;F3;Fz;F4;F8;FC5;FC1;FC2;FC6;T7;C3;Cz;C4;T8;CP5;CP1;CP2;CP6;AFz;P7;P3;Pz;P4;P8;PO9;O1;Oz;O2;PO10;AF7;AF3;AF4;AF8;F5;F1;F2;F6;FT7;FC3;FC4;FT8;C5;C1;C2;C6;TP7;CP3;CPz;CP4;TP8;P5;P1;P2;P6;PO7;PO3;POz;PO4;PO8,,,,,,,,,sub-032450.vhdr,.vhdr,/mnt/datasets_v7/gokul/EEGData/dsLEMON/sub-032450/RSEEG/sub-032450.vhdr,/mnt/datasets_v7/gokul/EEGData/dsLEMON/sub-032450,,,2026-06-14T16:29:21
0144,sub-032451,LEMON,sub-032451,,,,75-80,F,right,Gymnasium,negative,0,non-smoker,1,none,0,3,0,4,42,No,Yes,control,,RestingState,,open,2500.0,50,,,,62,61,1,EEG:61;EOG:1,µV:61,Fp1;Fp2;F7;F3;Fz;F4;F8;FC5;FC1;FC2;FC6;T7;C3;Cz;C4;T8;CP5;CP1;CP2;CP6;AFz;P7;P3;Pz;P4;P8;PO9;O1;Oz;O2;PO10;AF7;AF3;AF4;AF8;F5;F1;F2;F6;FT7;FC3;FC4;FT8;C5;C1;C2;C6;TP7;CP3;CPz;CP4;TP8;P5;P1;P2;P6;PO7;PO3;POz;PO4;PO8,,,,,,,,,sub-032451.vhdr,.vhdr,/mnt/datasets_v7/gokul/EEGData/dsLEMON/sub-032451/RSEEG/sub-032451.vhdr,/mnt/datasets_v7/gokul/EEGData/dsLEMON/sub-032451,,,2026-06-14T16:29:21
0145,sub-032452,LEMON,sub-032452,,,,70-75,M,right,Gymnasium,negative,0,non-smoker,1,past Major Depressive Episode,1,5,0,1,8,No,No,control,,RestingState,,open,2500.0,50,,,,62,61,1,EEG:61;EOG:1,µV:61,Fp1;Fp2;F7;F3;Fz;F4;F8;FC5;FC1;FC2;FC6;T7;C3;Cz;C4;T8;CP5;CP1;CP2;CP6;AFz;P7;P3;Pz;P4;P8;PO9;O1;Oz;O2;PO10;AF7;AF3;AF4;AF8;F5;F1;F2;F6;FT7;FC3;FC4;FT8;C5;C1;C2;C6;TP7;CP3;CPz;CP4;TP8;P5;P1;P2;P6;PO7;PO3;POz;PO4;PO8,,,,,,,,,sub-032452.vhdr,.vhdr,/mnt/datasets_v7/gokul/EEGData/dsLEMON/sub-032452/RSEEG/sub-032452.vhdr,/mnt/datasets_v7/gokul/EEGData/dsLEMON/sub-032452,,,2026-06-14T16:29:21
0146,sub-032453,LEMON,sub-032453,,,,70-75,F,right,Realschule,negative,0,non-smoker,1,none,3,0,0,4,"47,5",No,Yes,control,,RestingState,,open,2500.0,50,,,,62,61,1,EEG:61;EOG:1,µV:61,Fp1;Fp2;F7;F3;Fz;F4;F8;FC5;FC1;FC2;FC6;T7;C3;Cz;C4;T8;CP5;CP1;CP2;CP6;AFz;P7;P3;Pz;P4;P8;PO9;O1;Oz;O2;PO10;AF7;AF3;AF4;AF8;F5;F1;F2;F6;FT7;FC3;FC4;FT8;C5;C1;C2;C6;TP7;CP3;CPz;CP4;TP8;P5;P1;P2;P6;PO7;PO3;POz;PO4;PO8,,,,,,,,,sub-032453.vhdr,.vhdr,/mnt/datasets_v7/gokul/EEGData/dsLEMON/sub-032453/RSEEG/sub-032453.vhdr,/mnt/datasets_v7/gokul/EEGData/dsLEMON/sub-032453,,,2026-06-14T16:29:21
0147,sub-032454,LEMON,sub-032454,,,,60-65,F,right,Gymnasium,negative,0,non-smoker,1,none,1,0,0,4,45,Yes (9),Yes,control,,RestingState,,open,2500.0,50,,,,62,61,1,EEG:61;EOG:1,µV:61,Fp1;Fp2;F7;F3;Fz;F4;F8;FC5;FC1;FC2;FC6;T7;C3;Cz;C4;T8;CP5;CP1;CP2;CP6;AFz;P7;P3;Pz;P4;P8;PO9;O1;Oz;O2;PO10;AF7;AF3;AF4;AF8;F5;F1;F2;F6;FT7;FC3;FC4;FT8;C5;C1;C2;C6;TP7;CP3;CPz;CP4;TP8;P5;P1;P2;P6;PO7;PO3;POz;PO4;PO8,,,,,,,,,sub-032454.vhdr,.vhdr,/mnt/datasets_v7/gokul/EEGData/dsLEMON/sub-032454/RSEEG/sub-032454.vhdr,/mnt/datasets_v7/gokul/EEGData/dsLEMON/sub-032454,,,2026-06-14T16:29:21
0148,sub-032455,LEMON,sub-032455,,,,70-75,M,right,Realschule,negative,0,non-smoker,1,past Major Depressive Episode,3,2,0,2,4,No,Yes,control,,RestingState,,open,2500.0,50,,,,62,61,1,EEG:61;EOG:1,µV:61,Fp1;Fp2;F7;F3;Fz;F4;F8;FC5;FC1;FC2;FC6;T7;C3;Cz;C4;T8;CP5;CP1;CP2;CP6;AFz;P7;P3;Pz;P4;P8;PO9;O1;Oz;O2;PO10;AF7;AF3;AF4;AF8;F5;F1;F2;F6;FT7;FC3;FC4;FT8;C5;C1;C2;C6;TP7;CP3;CPz;CP4;TP8;P5;P1;P2;P6;PO7;PO3;POz;PO4;PO8,,,,,,,,,sub-032455.vhdr,.vhdr,/mnt/datasets_v7/gokul/EEGData/dsLEMON/sub-032455/RSEEG/sub-032455.vhdr,/mnt/datasets_v7/gokul/EEGData/dsLEMON/sub-032455,,,2026-06-14T16:29:21
0149,sub-032456,LEMON,sub-032456,,,,65-70,M,right,Gymnasium,negative,0,non-smoker,1,past bipolar disorder II,1,1,0,3,35.5,No,Yes,control,,RestingState,,open,2500.0,50,,,,62,61,1,EEG:61;EOG:1,µV:61,Fp1;Fp2;F7;F3;Fz;F4;F8;FC5;FC1;FC2;FC6;T7;C3;Cz;C4;T8;CP5;CP1;CP2;CP6;AFz;P7;P3;Pz;P4;P8;PO9;O1;Oz;O2;PO10;AF7;AF3;AF4;AF8;F5;F1;F2;F6;FT7;FC3;FC4;FT8;C5;C1;C2;C6;TP7;CP3;CPz;CP4;TP8;P5;P1;P2;P6;PO7;PO3;POz;PO4;PO8,,,,,,,,,sub-032456.vhdr,.vhdr,/mnt/datasets_v7/gokul/EEGData/dsLEMON/sub-032456/RSEEG/sub-032456.vhdr,/mnt/datasets_v7/gokul/EEGData/dsLEMON/sub-032456,,,2026-06-14T16:29:21
0150,sub-032457,LEMON,sub-032457,,,,70-75,M,right,Gymnasium,negative,0,occasional smoker,2,none,1,0,0,4,33,No,Yes,control,,RestingState,,open,2500.0,50,,,,62,61,1,EEG:61;EOG:1,µV:61,Fp1;Fp2;F7;F3;Fz;F4;F8;FC5;FC1;FC2;FC6;T7;C3;Cz;C4;T8;CP5;CP1;CP2;CP6;AFz;P7;P3;Pz;P4;P8;PO9;O1;Oz;O2;PO10;AF7;AF3;AF4;AF8;F5;F1;F2;F6;FT7;FC3;FC4;FT8;C5;C1;C2;C6;TP7;CP3;CPz;CP4;TP8;P5;P1;P2;P6;PO7;PO3;POz;PO4;PO8,,,,,,,,,sub-032457.vhdr,.vhdr,/mnt/datasets_v7/gokul/EEGData/dsLEMON/sub-032457/RSEEG/sub-032457.vhdr,/mnt/datasets_v7/gokul/EEGData/dsLEMON/sub-032457,,,2026-06-14T16:29:21
0151,sub-032458,LEMON,sub-032458,,,,65-70,M,right,Gymnasium,negative,0,non-smoker,1,past Major Depressive Episode,3,0,0,4,10,No,Yes,control,,RestingState,,open,2500.0,50,,,,62,61,1,EEG:61;EOG:1,µV:61,Fp1;Fp2;F7;F3;Fz;F4;F8;FC5;FC1;FC2;FC6;T7;C3;Cz;C4;T8;CP5;CP1;CP2;CP6;AFz;P7;P3;Pz;P4;P8;PO9;O1;Oz;O2;PO10;AF7;AF3;AF4;AF8;F5;F1;F2;F6;FT7;FC3;FC4;FT8;C5;C1;C2;C6;TP7;CP3;CPz;CP4;TP8;P5;P1;P2;P6;PO7;PO3;POz;PO4;PO8,,,,,,,,,sub-032458.vhdr,.vhdr,/mnt/datasets_v7/gokul/EEGData/dsLEMON/sub-032458/RSEEG/sub-032458.vhdr,/mnt/datasets_v7/gokul/EEGData/dsLEMON/sub-032458,,,2026-06-14T16:29:21
0152,sub-032459,LEMON,sub-032459,,,,70-75,F,right,Realschule,negative,0,non-smoker,1,none,0,3,0,2,7,No,Yes,control,,RestingState,,open,2500.0,50,,,,62,61,1,EEG:61;EOG:1,µV:61,Fp1;Fp2;F7;F3;Fz;F4;F8;FC5;FC1;FC2;FC6;T7;C3;Cz;C4;T8;CP5;CP1;CP2;CP6;AFz;P7;P3;Pz;P4;P8;PO9;O1;Oz;O2;PO10;AF7;AF3;AF4;AF8;F5;F1;F2;F6;FT7;FC3;FC4;FT8;C5;C1;C2;C6;TP7;CP3;CPz;CP4;TP8;P5;P1;P2;P6;PO7;PO3;POz;PO4;PO8,,,,,,,,,sub-032459.vhdr,.vhdr,/mnt/datasets_v7/gokul/EEGData/dsLEMON/sub-032459/RSEEG/sub-032459.vhdr,/mnt/datasets_v7/gokul/EEGData/dsLEMON/sub-032459,,,2026-06-14T16:29:21
0153,sub-032460,LEMON,sub-032460,,,,20-25,F,right,Gymnasium,negative,0,non-smoker,1,none,7,4,2,9,44,No,Yes,control,,RestingState,,open,2500.0,50,,,,62,61,1,EEG:61;EOG:1,µV:61,Fp1;Fp2;F7;F3;Fz;F4;F8;FC5;FC1;FC2;FC6;T7;C3;Cz;C4;T8;CP5;CP1;CP2;CP6;AFz;P7;P3;Pz;P4;P8;PO9;O1;Oz;O2;PO10;AF7;AF3;AF4;AF8;F5;F1;F2;F6;FT7;FC3;FC4;FT8;C5;C1;C2;C6;TP7;CP3;CPz;CP4;TP8;P5;P1;P2;P6;PO7;PO3;POz;PO4;PO8,,,,,,,,,sub-032460.vhdr,.vhdr,/mnt/datasets_v7/gokul/EEGData/dsLEMON/sub-032460/RSEEG/sub-032460.vhdr,/mnt/datasets_v7/gokul/EEGData/dsLEMON/sub-032460,,,2026-06-14T16:29:21
0154,sub-032462,LEMON,sub-032462,,,,65-70,F,right,Realschule,negative,0,occasional smoker,2,none,0,0,0,0,0,No,Yes,control,,RestingState,,open,2500.0,50,,,,62,61,1,EEG:61;EOG:1,µV:61,Fp1;Fp2;F7;F3;Fz;F4;F8;FC5;FC1;FC2;FC6;T7;C3;Cz;C4;T8;CP5;CP1;CP2;CP6;AFz;P7;P3;Pz;P4;P8;PO9;O1;Oz;O2;PO10;AF7;AF3;AF4;AF8;F5;F1;F2;F6;FT7;FC3;FC4;FT8;C5;C1;C2;C6;TP7;CP3;CPz;CP4;TP8;P5;P1;P2;P6;PO7;PO3;POz;PO4;PO8,,,,,,,,,sub-032462.vhdr,.vhdr,/mnt/datasets_v7/gokul/EEGData/dsLEMON/sub-032462/RSEEG/sub-032462.vhdr,/mnt/datasets_v7/gokul/EEGData/dsLEMON/sub-032462,,,2026-06-14T16:29:21
0155,sub-032463,LEMON,sub-032463,,,,55-60,F,right,Gymnasium,negative,0,non-smoker,1,past panic disorder,3,2,0,7,21,unknown,Yes,control,,RestingState,,open,2500.0,50,,,,62,61,1,EEG:61;EOG:1,µV:61,Fp1;Fp2;F7;F3;Fz;F4;F8;FC5;FC1;FC2;FC6;T7;C3;Cz;C4;T8;CP5;CP1;CP2;CP6;AFz;P7;P3;Pz;P4;P8;PO9;O1;Oz;O2;PO10;AF7;AF3;AF4;AF8;F5;F1;F2;F6;FT7;FC3;FC4;FT8;C5;C1;C2;C6;TP7;CP3;CPz;CP4;TP8;P5;P1;P2;P6;PO7;PO3;POz;PO4;PO8,,,,,,,,,sub-032463.vhdr,.vhdr,/mnt/datasets_v7/gokul/EEGData/dsLEMON/sub-032463/RSEEG/sub-032463.vhdr,/mnt/datasets_v7/gokul/EEGData/dsLEMON/sub-032463,,,2026-06-14T16:29:21
0156,sub-032464,LEMON,sub-032464,,,,25-30,M,right,Gymnasium,negative,0,non-smoker,1,none,10,3,0,4,16,No,Yes,control,,RestingState,,open,2500.0,50,,,,62,61,1,EEG:61;EOG:1,µV:61,Fp1;Fp2;F7;F3;Fz;F4;F8;FC5;FC1;FC2;FC6;T7;C3;Cz;C4;T8;CP5;CP1;CP2;CP6;AFz;P7;P3;Pz;P4;P8;PO9;O1;Oz;O2;PO10;AF7;AF3;AF4;AF8;F5;F1;F2;F6;FT7;FC3;FC4;FT8;C5;C1;C2;C6;TP7;CP3;CPz;CP4;TP8;P5;P1;P2;P6;PO7;PO3;POz;PO4;PO8,,,,,,,,,sub-032464.vhdr,.vhdr,/mnt/datasets_v7/gokul/EEGData/dsLEMON/sub-032464/RSEEG/sub-032464.vhdr,/mnt/datasets_v7/gokul/EEGData/dsLEMON/sub-032464,,,2026-06-14T16:29:21
0157,sub-032465,LEMON,sub-032465,,,,60-65,F,right,Realschule,negative,0,smoker,3,none,0,0,2,7,33,No,Yes,control,,RestingState,,open,2500.0,50,,,,62,61,1,EEG:61;EOG:1,µV:61,Fp1;Fp2;F7;F3;Fz;F4;F8;FC5;FC1;FC2;FC6;T7;C3;Cz;C4;T8;CP5;CP1;CP2;CP6;AFz;P7;P3;Pz;P4;P8;PO9;O1;Oz;O2;PO10;AF7;AF3;AF4;AF8;F5;F1;F2;F6;FT7;FC3;FC4;FT8;C5;C1;C2;C6;TP7;CP3;CPz;CP4;TP8;P5;P1;P2;P6;PO7;PO3;POz;PO4;PO8,,,,,,,,,sub-032465.vhdr,.vhdr,/mnt/datasets_v7/gokul/EEGData/dsLEMON/sub-032465/RSEEG/sub-032465.vhdr,/mnt/datasets_v7/gokul/EEGData/dsLEMON/sub-032465,,,2026-06-14T16:29:21
0158,sub-032466,LEMON,sub-032466,,,,60-65,M,right,Realschule,negative,0,non-smoker,1,none,2,0,0,5,18,No,Yes,control,,RestingState,,open,2500.0,50,,,,62,61,1,EEG:61;EOG:1,µV:61,Fp1;Fp2;F7;F3;Fz;F4;F8;FC5;FC1;FC2;FC6;T7;C3;Cz;C4;T8;CP5;CP1;CP2;CP6;AFz;P7;P3;Pz;P4;P8;PO9;O1;Oz;O2;PO10;AF7;AF3;AF4;AF8;F5;F1;F2;F6;FT7;FC3;FC4;FT8;C5;C1;C2;C6;TP7;CP3;CPz;CP4;TP8;P5;P1;P2;P6;PO7;PO3;POz;PO4;PO8,,,,,,,,,sub-032466.vhdr,.vhdr,/mnt/datasets_v7/gokul/EEGData/dsLEMON/sub-032466/RSEEG/sub-032466.vhdr,/mnt/datasets_v7/gokul/EEGData/dsLEMON/sub-032466,,,2026-06-14T16:29:21
0159,sub-032467,LEMON,sub-032467,,,,20-25,F,left,Gymnasium,negative,0,non-smoker,1,none,0,1,0,2,6,No,Yes,control,,RestingState,,open,2500.0,50,,,,62,61,1,EEG:61;EOG:1,µV:61,Fp1;Fp2;F7;F3;Fz;F4;F8;FC5;FC1;FC2;FC6;T7;C3;Cz;C4;T8;CP5;CP1;CP2;CP6;AFz;P7;P3;Pz;P4;P8;PO9;O1;Oz;O2;PO10;AF7;AF3;AF4;AF8;F5;F1;F2;F6;FT7;FC3;FC4;FT8;C5;C1;C2;C6;TP7;CP3;CPz;CP4;TP8;P5;P1;P2;P6;PO7;PO3;POz;PO4;PO8,,,,,,,,,sub-032467.vhdr,.vhdr,/mnt/datasets_v7/gokul/EEGData/dsLEMON/sub-032467/RSEEG/sub-032467.vhdr,/mnt/datasets_v7/gokul/EEGData/dsLEMON/sub-032467,,,2026-06-14T16:29:21
0160,sub-032468,LEMON,sub-032468,,,,20-25,F,right,Gymnasium,negative,0,non-smoker,1,past social phobia,1,0,1,3,"32,5",No,Yes,control,,RestingState,,open,2500.0,50,,,,62,61,1,EEG:61;EOG:1,µV:61,Fp1;Fp2;F7;F3;Fz;F4;F8;FC5;FC1;FC2;FC6;T7;C3;Cz;C4;T8;CP5;CP1;CP2;CP6;AFz;P7;P3;Pz;P4;P8;PO9;O1;Oz;O2;PO10;AF7;AF3;AF4;AF8;F5;F1;F2;F6;FT7;FC3;FC4;FT8;C5;C1;C2;C6;TP7;CP3;CPz;CP4;TP8;P5;P1;P2;P6;PO7;PO3;POz;PO4;PO8,,,,,,,,,sub-032468.vhdr,.vhdr,/mnt/datasets_v7/gokul/EEGData/dsLEMON/sub-032468/RSEEG/sub-032468.vhdr,/mnt/datasets_v7/gokul/EEGData/dsLEMON/sub-032468,,,2026-06-14T16:29:21
0161,sub-032469,LEMON,sub-032469,,,,20-25,F,right,Gymnasium,negative,0,non-smoker,1,past OCD,2,1,0,3,7,Yes,Yes,control,,RestingState,,open,2500.0,50,,,,62,61,1,EEG:61;EOG:1,µV:61,Fp1;Fp2;F7;F3;Fz;F4;F8;FC5;FC1;FC2;FC6;T7;C3;Cz;C4;T8;CP5;CP1;CP2;CP6;AFz;P7;P3;Pz;P4;P8;PO9;O1;Oz;O2;PO10;AF7;AF3;AF4;AF8;F5;F1;F2;F6;FT7;FC3;FC4;FT8;C5;C1;C2;C6;TP7;CP3;CPz;CP4;TP8;P5;P1;P2;P6;PO7;PO3;POz;PO4;PO8,,,,,,,,,sub-032469.vhdr,.vhdr,/mnt/datasets_v7/gokul/EEGData/dsLEMON/sub-032469/RSEEG/sub-032469.vhdr,/mnt/datasets_v7/gokul/EEGData/dsLEMON/sub-032469,,,2026-06-14T16:29:21
0162,sub-032470,LEMON,sub-032470,,,,20-25,F,right,Gymnasium,negative,0,non-smoker,1,past alcohol addiction,4,2,0,1,1,No,No,control,,RestingState,,open,2500.0,50,,,,62,61,1,EEG:61;EOG:1,µV:61,Fp1;Fp2;F7;F3;Fz;F4;F8;FC5;FC1;FC2;FC6;T7;C3;Cz;C4;T8;CP5;CP1;CP2;CP6;AFz;P7;P3;Pz;P4;P8;PO9;O1;Oz;O2;PO10;AF7;AF3;AF4;AF8;F5;F1;F2;F6;FT7;FC3;FC4;FT8;C5;C1;C2;C6;TP7;CP3;CPz;CP4;TP8;P5;P1;P2;P6;PO7;PO3;POz;PO4;PO8,,,,,,,,,sub-032470.vhdr,.vhdr,/mnt/datasets_v7/gokul/EEGData/dsLEMON/sub-032470/RSEEG/sub-032470.vhdr,/mnt/datasets_v7/gokul/EEGData/dsLEMON/sub-032470,,,2026-06-14T16:29:21
0163,sub-032471,LEMON,sub-032471,,,,25-30,F,right,Gymnasium,negative,0,non-smoker,1,past alcohol abuse and cannabis addiction,1,3,1,5,6,No,Yes,control,,RestingState,,open,2500.0,50,,,,62,61,1,EEG:61;EOG:1,µV:61,Fp1;Fp2;F7;F3;Fz;F4;F8;FC5;FC1;FC2;FC6;T7;C3;Cz;C4;T8;CP5;CP1;CP2;CP6;AFz;P7;P3;Pz;P4;P8;PO9;O1;Oz;O2;PO10;AF7;AF3;AF4;AF8;F5;F1;F2;F6;FT7;FC3;FC4;FT8;C5;C1;C2;C6;TP7;CP3;CPz;CP4;TP8;P5;P1;P2;P6;PO7;PO3;POz;PO4;PO8,,,,,,,,,sub-032471.vhdr,.vhdr,/mnt/datasets_v7/gokul/EEGData/dsLEMON/sub-032471/RSEEG/sub-032471.vhdr,/mnt/datasets_v7/gokul/EEGData/dsLEMON/sub-032471,,,2026-06-14T16:29:21
0164,sub-032472,LEMON,sub-032472,,,,20-25,F,right,Gymnasium,negative,0,non-smoker,1,past Major Depressive Episode,7,33,1,5,28,Yes,Yes,control,,RestingState,,open,2500.0,50,,,,62,61,1,EEG:61;EOG:1,µV:61,Fp1;Fp2;F7;F3;Fz;F4;F8;FC5;FC1;FC2;FC6;T7;C3;Cz;C4;T8;CP5;CP1;CP2;CP6;AFz;P7;P3;Pz;P4;P8;PO9;O1;Oz;O2;PO10;AF7;AF3;AF4;AF8;F5;F1;F2;F6;FT7;FC3;FC4;FT8;C5;C1;C2;C6;TP7;CP3;CPz;CP4;TP8;P5;P1;P2;P6;PO7;PO3;POz;PO4;PO8,,,,,,,,,sub-032472.vhdr,.vhdr,/mnt/datasets_v7/gokul/EEGData/dsLEMON/sub-032472/RSEEG/sub-032472.vhdr,/mnt/datasets_v7/gokul/EEGData/dsLEMON/sub-032472,,,2026-06-14T16:29:21
0165,sub-032473,LEMON,sub-032473,,,,20-25,M,right,Gymnasium,negative,0,non-smoker,1,none,6,3,0,4,6,Yes,Yes,control,,RestingState,,open,2500.0,50,,,,62,61,1,EEG:61;EOG:1,µV:61,Fp1;Fp2;F7;F3;Fz;F4;F8;FC5;FC1;FC2;FC6;T7;C3;Cz;C4;T8;CP5;CP1;CP2;CP6;AFz;P7;P3;Pz;P4;P8;PO9;O1;Oz;O2;PO10;AF7;AF3;AF4;AF8;F5;F1;F2;F6;FT7;FC3;FC4;FT8;C5;C1;C2;C6;TP7;CP3;CPz;CP4;TP8;P5;P1;P2;P6;PO7;PO3;POz;PO4;PO8,,,,,,,,,sub-032473.vhdr,.vhdr,/mnt/datasets_v7/gokul/EEGData/dsLEMON/sub-032473/RSEEG/sub-032473.vhdr,/mnt/datasets_v7/gokul/EEGData/dsLEMON/sub-032473,,,2026-06-14T16:29:21
0166,sub-032474,LEMON,sub-032474,,,,70-75,F,right,Gymnasium,negative,0,non-smoker,1,none,4,2,0,2,18,No,Yes,control,,RestingState,,open,2500.0,50,,,,62,61,1,EEG:61;EOG:1,µV:61,Fp1;Fp2;F7;F3;Fz;F4;F8;FC5;FC1;FC2;FC6;T7;C3;Cz;C4;T8;CP5;CP1;CP2;CP6;AFz;P7;P3;Pz;P4;P8;PO9;O1;Oz;O2;PO10;AF7;AF3;AF4;AF8;F5;F1;F2;F6;FT7;FC3;FC4;FT8;C5;C1;C2;C6;TP7;CP3;CPz;CP4;TP8;P5;P1;P2;P6;PO7;PO3;POz;PO4;PO8,,,,,,,,,sub-032474.vhdr,.vhdr,/mnt/datasets_v7/gokul/EEGData/dsLEMON/sub-032474/RSEEG/sub-032474.vhdr,/mnt/datasets_v7/gokul/EEGData/dsLEMON/sub-032474,,,2026-06-14T16:29:21
0167,sub-032475,LEMON,sub-032475,,,,65-70,F,right,Gymnasium,negative,0,occasional smoker,2,none,2,4,0,3,"16,5",No,Yes,control,,RestingState,,open,2500.0,50,,,,62,61,1,EEG:61;EOG:1,µV:61,Fp1;Fp2;F7;F3;Fz;F4;F8;FC5;FC1;FC2;FC6;T7;C3;Cz;C4;T8;CP5;CP1;CP2;CP6;AFz;P7;P3;Pz;P4;P8;PO9;O1;Oz;O2;PO10;AF7;AF3;AF4;AF8;F5;F1;F2;F6;FT7;FC3;FC4;FT8;C5;C1;C2;C6;TP7;CP3;CPz;CP4;TP8;P5;P1;P2;P6;PO7;PO3;POz;PO4;PO8,,,,,,,,,sub-032475.vhdr,.vhdr,/mnt/datasets_v7/gokul/EEGData/dsLEMON/sub-032475/RSEEG/sub-032475.vhdr,/mnt/datasets_v7/gokul/EEGData/dsLEMON/sub-032475,,,2026-06-14T16:29:21
0168,sub-032476,LEMON,sub-032476,,,,20-25,F,right,Gymnasium,negative,0,occasional smoker,2,none,1,0,0,5,33,Yes,No,control,,RestingState,,open,2500.0,50,,,,62,61,1,EEG:61;EOG:1,µV:61,Fp1;Fp2;F7;F3;Fz;F4;F8;FC5;FC1;FC2;FC6;T7;C3;Cz;C4;T8;CP5;CP1;CP2;CP6;AFz;P7;P3;Pz;P4;P8;PO9;O1;Oz;O2;PO10;AF7;AF3;AF4;AF8;F5;F1;F2;F6;FT7;FC3;FC4;FT8;C5;C1;C2;C6;TP7;CP3;CPz;CP4;TP8;P5;P1;P2;P6;PO7;PO3;POz;PO4;PO8,,,,,,,,,sub-032476.vhdr,.vhdr,/mnt/datasets_v7/gokul/EEGData/dsLEMON/sub-032476/RSEEG/sub-032476.vhdr,/mnt/datasets_v7/gokul/EEGData/dsLEMON/sub-032476,,,2026-06-14T16:29:21
0169,sub-032477,LEMON,sub-032477,,,,20-25,M,right,Gymnasium,negative,0,non-smoker,1,none,1,1,0,6,0,Yes,Yes,control,,RestingState,,open,2500.0,50,,,,62,61,1,EEG:61;EOG:1,µV:61,Fp1;Fp2;F7;F3;Fz;F4;F8;FC5;FC1;FC2;FC6;T7;C3;Cz;C4;T8;CP5;CP1;CP2;CP6;AFz;P7;P3;Pz;P4;P8;PO9;O1;Oz;O2;PO10;AF7;AF3;AF4;AF8;F5;F1;F2;F6;FT7;FC3;FC4;FT8;C5;C1;C2;C6;TP7;CP3;CPz;CP4;TP8;P5;P1;P2;P6;PO7;PO3;POz;PO4;PO8,,,,,,,,,sub-032477.vhdr,.vhdr,/mnt/datasets_v7/gokul/EEGData/dsLEMON/sub-032477/RSEEG/sub-032477.vhdr,/mnt/datasets_v7/gokul/EEGData/dsLEMON/sub-032477,,,2026-06-14T16:29:21
0170,sub-032478,LEMON,sub-032478,,,,20-25,F,left,Gymnasium,negative,0,non-smoker,1,none,3,5,1,4,12,No,Yes,control,,RestingState,,open,2500.0,50,,,,62,61,1,EEG:61;EOG:1,µV:61,Fp1;Fp2;F7;F3;Fz;F4;F8;FC5;FC1;FC2;FC6;T7;C3;Cz;C4;T8;CP5;CP1;CP2;CP6;AFz;P7;P3;Pz;P4;P8;PO9;O1;Oz;O2;PO10;AF7;AF3;AF4;AF8;F5;F1;F2;F6;FT7;FC3;FC4;FT8;C5;C1;C2;C6;TP7;CP3;CPz;CP4;TP8;P5;P1;P2;P6;PO7;PO3;POz;PO4;PO8,,,,,,,,,sub-032478.vhdr,.vhdr,/mnt/datasets_v7/gokul/EEGData/dsLEMON/sub-032478/RSEEG/sub-032478.vhdr,/mnt/datasets_v7/gokul/EEGData/dsLEMON/sub-032478,,,2026-06-14T16:29:21
0171,sub-032479,LEMON,sub-032479,,,,65-70,F,right,Gymnasium,negative,0,non-smoker,1,none,0,0,0,2,9,No,Yes,control,,RestingState,,open,2500.0,50,,,,62,61,1,EEG:61;EOG:1,µV:61,Fp1;Fp2;F7;F3;Fz;F4;F8;FC5;FC1;FC2;FC6;T7;C3;Cz;C4;T8;CP5;CP1;CP2;CP6;AFz;P7;P3;Pz;P4;P8;PO9;O1;Oz;O2;PO10;AF7;AF3;AF4;AF8;F5;F1;F2;F6;FT7;FC3;FC4;FT8;C5;C1;C2;C6;TP7;CP3;CPz;CP4;TP8;P5;P1;P2;P6;PO7;PO3;POz;PO4;PO8,,,,,,,,,sub-032479.vhdr,.vhdr,/mnt/datasets_v7/gokul/EEGData/dsLEMON/sub-032479/RSEEG/sub-032479.vhdr,/mnt/datasets_v7/gokul/EEGData/dsLEMON/sub-032479,,,2026-06-14T16:29:21
0172,sub-032480,LEMON,sub-032480,,,,25-30,F,right,Gymnasium,negative,0,non-smoker,1,none,10,11,2,19,"62,5",No,No,control,,RestingState,,open,2500.0,50,,,,62,61,1,EEG:61;EOG:1,µV:61,Fp1;Fp2;F7;F3;Fz;F4;F8;FC5;FC1;FC2;FC6;T7;C3;Cz;C4;T8;CP5;CP1;CP2;CP6;AFz;P7;P3;Pz;P4;P8;PO9;O1;Oz;O2;PO10;AF7;AF3;AF4;AF8;F5;F1;F2;F6;FT7;FC3;FC4;FT8;C5;C1;C2;C6;TP7;CP3;CPz;CP4;TP8;P5;P1;P2;P6;PO7;PO3;POz;PO4;PO8,,,,,,,,,sub-032480.vhdr,.vhdr,/mnt/datasets_v7/gokul/EEGData/dsLEMON/sub-032480/RSEEG/sub-032480.vhdr,/mnt/datasets_v7/gokul/EEGData/dsLEMON/sub-032480,,,2026-06-14T16:29:21
0173,sub-032481,LEMON,sub-032481,,,,30-35,M,right,Gymnasium,negative,0,occasional smoker,2,"current agora phobia, past specific phobia",3,10,1,2,17,No,No,control,,RestingState,,open,2500.0,50,,,,62,61,1,EEG:61;EOG:1,µV:61,Fp1;Fp2;F7;F3;Fz;F4;F8;FC5;FC1;FC2;FC6;T7;C3;Cz;C4;T8;CP5;CP1;CP2;CP6;AFz;P7;P3;Pz;P4;P8;PO9;O1;Oz;O2;PO10;AF7;AF3;AF4;AF8;F5;F1;F2;F6;FT7;FC3;FC4;FT8;C5;C1;C2;C6;TP7;CP3;CPz;CP4;TP8;P5;P1;P2;P6;PO7;PO3;POz;PO4;PO8,,,,,,,,,sub-032481.vhdr,.vhdr,/mnt/datasets_v7/gokul/EEGData/dsLEMON/sub-032481/RSEEG/sub-032481.vhdr,/mnt/datasets_v7/gokul/EEGData/dsLEMON/sub-032481,,,2026-06-14T16:29:21
0174,sub-032482,LEMON,sub-032482,,,,55-60,M,right,Realschule,negative,0,non-smoker,1,none,4,4,0,10,13,No,Yes,control,,RestingState,,open,2500.0,50,,,,62,61,1,EEG:61;EOG:1,µV:61,Fp1;Fp2;F7;F3;Fz;F4;F8;FC5;FC1;FC2;FC6;T7;C3;Cz;C4;T8;CP5;CP1;CP2;CP6;AFz;P7;P3;Pz;P4;P8;PO9;O1;Oz;O2;PO10;AF7;AF3;AF4;AF8;F5;F1;F2;F6;FT7;FC3;FC4;FT8;C5;C1;C2;C6;TP7;CP3;CPz;CP4;TP8;P5;P1;P2;P6;PO7;PO3;POz;PO4;PO8,,,,,,,,,sub-032482.vhdr,.vhdr,/mnt/datasets_v7/gokul/EEGData/dsLEMON/sub-032482/RSEEG/sub-032482.vhdr,/mnt/datasets_v7/gokul/EEGData/dsLEMON/sub-032482,,,2026-06-14T16:29:21
0175,sub-032483,LEMON,sub-032483,,,,60-65,F,right,Realschule,negative,0,non-smoker,1,none,5,5,2,4,"7,5",unknown,Yes,control,,RestingState,,open,1000.0,50,,,,62,61,1,EEG:61;EOG:1,µV:61,Fp1;Fp2;F7;F3;Fz;F4;F8;FC5;FC1;FC2;FC6;T7;C3;Cz;C4;T8;CP5;CP1;CP2;CP6;AFz;P7;P3;Pz;P4;P8;PO9;O1;Oz;O2;PO10;AF7;AF3;AF4;AF8;F5;F1;F2;F6;FT7;FC3;FC4;FT8;C5;C1;C2;C6;TP7;CP3;CPz;CP4;TP8;P5;P1;P2;P6;PO7;PO3;POz;PO4;PO8,,,,,,,,,sub-032483.vhdr,.vhdr,/mnt/datasets_v7/gokul/EEGData/dsLEMON/sub-032483/RSEEG/sub-032483.vhdr,/mnt/datasets_v7/gokul/EEGData/dsLEMON/sub-032483,,,2026-06-14T16:29:21
0176,sub-032484,LEMON,sub-032484,,,,70-75,M,right,Gymnasium,negative,0,non-smoker,1,none,1,3,0,0,0,No,No,control,,RestingState,,open,1000.0,50,,,,62,61,1,EEG:61;EOG:1,µV:61,Fp1;Fp2;F7;F3;Fz;F4;F8;FC5;FC1;FC2;FC6;T7;C3;Cz;C4;T8;CP5;CP1;CP2;CP6;AFz;P7;P3;Pz;P4;P8;PO9;O1;Oz;O2;PO10;AF7;AF3;AF4;AF8;F5;F1;F2;F6;FT7;FC3;FC4;FT8;C5;C1;C2;C6;TP7;CP3;CPz;CP4;TP8;P5;P1;P2;P6;PO7;PO3;POz;PO4;PO8,,,,,,,,,sub-032484.vhdr,.vhdr,/mnt/datasets_v7/gokul/EEGData/dsLEMON/sub-032484/RSEEG/sub-032484.vhdr,/mnt/datasets_v7/gokul/EEGData/dsLEMON/sub-032484,,,2026-06-14T16:29:21
0177,sub-032485,LEMON,sub-032485,,,,60-65,F,right,Hauptschule,negative,0,non-smoker,1,none,0,1,0,5,10,Yes,Yes,control,,RestingState,,open,1000.0,50,,,,62,61,1,EEG:61;EOG:1,µV:61,Fp1;Fp2;F7;F3;Fz;F4;F8;FC5;FC1;FC2;FC6;T7;C3;Cz;C4;T8;CP5;CP1;CP2;CP6;AFz;P7;P3;Pz;P4;P8;PO9;O1;Oz;O2;PO10;AF7;AF3;AF4;AF8;F5;F1;F2;F6;FT7;FC3;FC4;FT8;C5;C1;C2;C6;TP7;CP3;CPz;CP4;TP8;P5;P1;P2;P6;PO7;PO3;POz;PO4;PO8,,,,,,,,,sub-032485.vhdr,.vhdr,/mnt/datasets_v7/gokul/EEGData/dsLEMON/sub-032485/RSEEG/sub-032485.vhdr,/mnt/datasets_v7/gokul/EEGData/dsLEMON/sub-032485,,,2026-06-14T16:29:21
0178,sub-032486,LEMON,sub-032486,,,,55-60,M,right,Gymnasium,negative,0,non-smoker,1,none,5,1,0,2,18,No,Yes,control,,RestingState,,open,1000.0,50,,,,62,61,1,EEG:61;EOG:1,µV:61,Fp1;Fp2;F7;F3;Fz;F4;F8;FC5;FC1;FC2;FC6;T7;C3;Cz;C4;T8;CP5;CP1;CP2;CP6;AFz;P7;P3;Pz;P4;P8;PO9;O1;Oz;O2;PO10;AF7;AF3;AF4;AF8;F5;F1;F2;F6;FT7;FC3;FC4;FT8;C5;C1;C2;C6;TP7;CP3;CPz;CP4;TP8;P5;P1;P2;P6;PO7;PO3;POz;PO4;PO8,,,,,,,,,sub-032486.vhdr,.vhdr,/mnt/datasets_v7/gokul/EEGData/dsLEMON/sub-032486/RSEEG/sub-032486.vhdr,/mnt/datasets_v7/gokul/EEGData/dsLEMON/sub-032486,,,2026-06-14T16:29:21
0179,sub-032487,LEMON,sub-032487,,,,65-70,M,right,Realschule,negative,0,non-smoker,1,none,5,0,0,2,"1,5",Yes,No,control,,RestingState,,open,1000.0,50,,,,62,61,1,EEG:61;EOG:1,µV:61,Fp1;Fp2;F7;F3;Fz;F4;F8;FC5;FC1;FC2;FC6;T7;C3;Cz;C4;T8;CP5;CP1;CP2;CP6;AFz;P7;P3;Pz;P4;P8;PO9;O1;Oz;O2;PO10;AF7;AF3;AF4;AF8;F5;F1;F2;F6;FT7;FC3;FC4;FT8;C5;C1;C2;C6;TP7;CP3;CPz;CP4;TP8;P5;P1;P2;P6;PO7;PO3;POz;PO4;PO8,,,,,,,,,sub-032487.vhdr,.vhdr,/mnt/datasets_v7/gokul/EEGData/dsLEMON/sub-032487/RSEEG/sub-032487.vhdr,/mnt/datasets_v7/gokul/EEGData/dsLEMON/sub-032487,,,2026-06-14T16:29:21
0180,sub-032489,LEMON,sub-032489,,,,70-75,F,right,Gymnasium,negative,0,non-smoker,1,past alcohol addiction,0,0,0,9,154,No,Yes,control,,RestingState,,open,1000.0,50,,,,62,61,1,EEG:61;EOG:1,µV:61,Fp1;Fp2;F7;F3;Fz;F4;F8;FC5;FC1;FC2;FC6;T7;C3;Cz;C4;T8;CP5;CP1;CP2;CP6;AFz;P7;P3;Pz;P4;P8;PO9;O1;Oz;O2;PO10;AF7;AF3;AF4;AF8;F5;F1;F2;F6;FT7;FC3;FC4;FT8;C5;C1;C2;C6;TP7;CP3;CPz;CP4;TP8;P5;P1;P2;P6;PO7;PO3;POz;PO4;PO8,,,,,,,,,sub-032489.vhdr,.vhdr,/mnt/datasets_v7/gokul/EEGData/dsLEMON/sub-032489/RSEEG/sub-032489.vhdr,/mnt/datasets_v7/gokul/EEGData/dsLEMON/sub-032489,,,2026-06-14T16:29:21
0181,sub-032490,LEMON,sub-032490,,,,70-75,F,right,Realschule,negative,0,non-smoker,1,none,1,1,0,6,0,No,Yes,control,,RestingState,,open,2500.0,50,,,,62,61,1,EEG:61;EOG:1,µV:61,Fp1;Fp2;F7;F3;Fz;F4;F8;FC5;FC1;FC2;FC6;T7;C3;Cz;C4;T8;CP5;CP1;CP2;CP6;AFz;P7;P3;Pz;P4;P8;PO9;O1;Oz;O2;PO10;AF7;AF3;AF4;AF8;F5;F1;F2;F6;FT7;FC3;FC4;FT8;C5;C1;C2;C6;TP7;CP3;CPz;CP4;TP8;P5;P1;P2;P6;PO7;PO3;POz;PO4;PO8,,,,,,,,,sub-032490.vhdr,.vhdr,/mnt/datasets_v7/gokul/EEGData/dsLEMON/sub-032490/RSEEG/sub-032490.vhdr,/mnt/datasets_v7/gokul/EEGData/dsLEMON/sub-032490,,,2026-06-14T16:29:21
0182,sub-032491,LEMON,sub-032491,,,,70-75,F,right,Realschule,negative,0,non-smoker,1,none,0,1,0,2,"3,5",No,Yes,control,,RestingState,,open,2500.0,50,,,,62,61,1,EEG:61;EOG:1,µV:61,Fp1;Fp2;F7;F3;Fz;F4;F8;FC5;FC1;FC2;FC6;T7;C3;Cz;C4;T8;CP5;CP1;CP2;CP6;AFz;P7;P3;Pz;P4;P8;PO9;O1;Oz;O2;PO10;AF7;AF3;AF4;AF8;F5;F1;F2;F6;FT7;FC3;FC4;FT8;C5;C1;C2;C6;TP7;CP3;CPz;CP4;TP8;P5;P1;P2;P6;PO7;PO3;POz;PO4;PO8,,,,,,,,,sub-032491.vhdr,.vhdr,/mnt/datasets_v7/gokul/EEGData/dsLEMON/sub-032491/RSEEG/sub-032491.vhdr,/mnt/datasets_v7/gokul/EEGData/dsLEMON/sub-032491,,,2026-06-14T16:29:21
0183,sub-032492,LEMON,sub-032492,,,,65-70,F,right,Realschule,negative,0,non-smoker,1,none,1,1,0,4,36,No,Yes,control,,RestingState,,open,2500.0,50,,,,62,61,1,EEG:61;EOG:1,µV:61,Fp1;Fp2;F7;F3;Fz;F4;F8;FC5;FC1;FC2;FC6;T7;C3;Cz;C4;T8;CP5;CP1;CP2;CP6;AFz;P7;P3;Pz;P4;P8;PO9;O1;Oz;O2;PO10;AF7;AF3;AF4;AF8;F5;F1;F2;F6;FT7;FC3;FC4;FT8;C5;C1;C2;C6;TP7;CP3;CPz;CP4;TP8;P5;P1;P2;P6;PO7;PO3;POz;PO4;PO8,,,,,,,,,sub-032492.vhdr,.vhdr,/mnt/datasets_v7/gokul/EEGData/dsLEMON/sub-032492/RSEEG/sub-032492.vhdr,/mnt/datasets_v7/gokul/EEGData/dsLEMON/sub-032492,,,2026-06-14T16:29:21
0184,sub-032493,LEMON,sub-032493,,,,65-70,F,right,Realschule,negative,0,non-smoker,1,none,0,1,0,2,9,No,Yes,control,,RestingState,,open,2500.0,50,,,,62,61,1,EEG:61;EOG:1,µV:61,Fp1;Fp2;F7;F3;Fz;F4;F8;FC5;FC1;FC2;FC6;T7;C3;Cz;C4;T8;CP5;CP1;CP2;CP6;AFz;P7;P3;Pz;P4;P8;PO9;O1;Oz;O2;PO10;AF7;AF3;AF4;AF8;F5;F1;F2;F6;FT7;FC3;FC4;FT8;C5;C1;C2;C6;TP7;CP3;CPz;CP4;TP8;P5;P1;P2;P6;PO7;PO3;POz;PO4;PO8,,,,,,,,,sub-032493.vhdr,.vhdr,/mnt/datasets_v7/gokul/EEGData/dsLEMON/sub-032493/RSEEG/sub-032493.vhdr,/mnt/datasets_v7/gokul/EEGData/dsLEMON/sub-032493,,,2026-06-14T16:29:21
0185,sub-032494,LEMON,sub-032494,,,,65-70,F,right,Realschule,negative,0,non-smoker,1,none,6,5,0,3,15,No,Yes,control,,RestingState,,open,2500.0,50,,,,62,61,1,EEG:61;EOG:1,µV:61,Fp1;Fp2;F7;F3;Fz;F4;F8;FC5;FC1;FC2;FC6;T7;C3;Cz;C4;T8;CP5;CP1;CP2;CP6;AFz;P7;P3;Pz;P4;P8;PO9;O1;Oz;O2;PO10;AF7;AF3;AF4;AF8;F5;F1;F2;F6;FT7;FC3;FC4;FT8;C5;C1;C2;C6;TP7;CP3;CPz;CP4;TP8;P5;P1;P2;P6;PO7;PO3;POz;PO4;PO8,,,,,,,,,sub-032494.vhdr,.vhdr,/mnt/datasets_v7/gokul/EEGData/dsLEMON/sub-032494/RSEEG/sub-032494.vhdr,/mnt/datasets_v7/gokul/EEGData/dsLEMON/sub-032494,,,2026-06-14T16:29:21
0186,sub-032495,LEMON,sub-032495,,,,70-75,F,right,Gymnasium,negative,0,non-smoker,1,"current R44.3 hallucinations (olfactorial), daily; past OCD",5,6,0,5,48,No,Yes,control,,RestingState,,open,2500.0,50,,,,62,61,1,EEG:61;EOG:1,µV:61,Fp1;Fp2;F7;F3;Fz;F4;F8;FC5;FC1;FC2;FC6;T7;C3;Cz;C4;T8;CP5;CP1;CP2;CP6;AFz;P7;P3;Pz;P4;P8;PO9;O1;Oz;O2;PO10;AF7;AF3;AF4;AF8;F5;F1;F2;F6;FT7;FC3;FC4;FT8;C5;C1;C2;C6;TP7;CP3;CPz;CP4;TP8;P5;P1;P2;P6;PO7;PO3;POz;PO4;PO8,,,,,,,,,sub-032495.vhdr,.vhdr,/mnt/datasets_v7/gokul/EEGData/dsLEMON/sub-032495/RSEEG/sub-032495.vhdr,/mnt/datasets_v7/gokul/EEGData/dsLEMON/sub-032495,,,2026-06-14T16:29:21
0187,sub-032496,LEMON,sub-032496,,,,60-65,F,right,Realschule,negative,0,non-smoker,1,none,4,0,1,3,22,No,Yes,control,,RestingState,,open,2500.0,50,,,,62,61,1,EEG:61;EOG:1,µV:61,Fp1;Fp2;F7;F3;Fz;F4;F8;FC5;FC1;FC2;FC6;T7;C3;Cz;C4;T8;CP5;CP1;CP2;CP6;AFz;P7;P3;Pz;P4;P8;PO9;O1;Oz;O2;PO10;AF7;AF3;AF4;AF8;F5;F1;F2;F6;FT7;FC3;FC4;FT8;C5;C1;C2;C6;TP7;CP3;CPz;CP4;TP8;P5;P1;P2;P6;PO7;PO3;POz;PO4;PO8,,,,,,,,,sub-032496.vhdr,.vhdr,/mnt/datasets_v7/gokul/EEGData/dsLEMON/sub-032496/RSEEG/sub-032496.vhdr,/mnt/datasets_v7/gokul/EEGData/dsLEMON/sub-032496,,,2026-06-14T16:29:21
0188,sub-032497,LEMON,sub-032497,,,,60-65,F,right,Gymnasium,negative,0,non-smoker,1,none,1,0,0,2,5,No,Yes,control,,RestingState,,open,2500.0,50,,,,62,61,1,EEG:61;EOG:1,µV:61,Fp1;Fp2;F7;F3;Fz;F4;F8;FC5;FC1;FC2;FC6;T7;C3;Cz;C4;T8;CP5;CP1;CP2;CP6;AFz;P7;P3;Pz;P4;P8;PO9;O1;Oz;O2;PO10;AF7;AF3;AF4;AF8;F5;F1;F2;F6;FT7;FC3;FC4;FT8;C5;C1;C2;C6;TP7;CP3;CPz;CP4;TP8;P5;P1;P2;P6;PO7;PO3;POz;PO4;PO8,,,,,,,,,sub-032497.vhdr,.vhdr,/mnt/datasets_v7/gokul/EEGData/dsLEMON/sub-032497/RSEEG/sub-032497.vhdr,/mnt/datasets_v7/gokul/EEGData/dsLEMON/sub-032497,,,2026-06-14T16:29:21
0189,sub-032498,LEMON,sub-032498,,,,65-70,M,right,Gymnasium,positive (BZO),1,non-smoker,1,none,4,0,0,2,5,No,Yes,control,,RestingState,,open,2500.0,50,,,,62,61,1,EEG:61;EOG:1,µV:61,Fp1;Fp2;F7;F3;Fz;F4;F8;FC5;FC1;FC2;FC6;T7;C3;Cz;C4;T8;CP5;CP1;CP2;CP6;AFz;P7;P3;Pz;P4;P8;PO9;O1;Oz;O2;PO10;AF7;AF3;AF4;AF8;F5;F1;F2;F6;FT7;FC3;FC4;FT8;C5;C1;C2;C6;TP7;CP3;CPz;CP4;TP8;P5;P1;P2;P6;PO7;PO3;POz;PO4;PO8,,,,,,,,,sub-032498.vhdr,.vhdr,/mnt/datasets_v7/gokul/EEGData/dsLEMON/sub-032498/RSEEG/sub-032498.vhdr,/mnt/datasets_v7/gokul/EEGData/dsLEMON/sub-032498,,,2026-06-14T16:29:21
0190,sub-032499,LEMON,sub-032499,,,,20-25,F,right,Gymnasium,negative,0,non-smoker,1,past cannabis addicition,5,3,0,5,1,No,Yes,control,,RestingState,,open,2500.0,50,,,,62,61,1,EEG:61;EOG:1,µV:61,Fp1;Fp2;F7;F3;Fz;F4;F8;FC5;FC1;FC2;FC6;T7;C3;Cz;C4;T8;CP5;CP1;CP2;CP6;AFz;P7;P3;Pz;P4;P8;PO9;O1;Oz;O2;PO10;AF7;AF3;AF4;AF8;F5;F1;F2;F6;FT7;FC3;FC4;FT8;C5;C1;C2;C6;TP7;CP3;CPz;CP4;TP8;P5;P1;P2;P6;PO7;PO3;POz;PO4;PO8,,,,,,,,,sub-032499.vhdr,.vhdr,/mnt/datasets_v7/gokul/EEGData/dsLEMON/sub-032499/RSEEG/sub-032499.vhdr,/mnt/datasets_v7/gokul/EEGData/dsLEMON/sub-032499,,,2026-06-14T16:29:21
0191,sub-032501,LEMON,sub-032501,,,,20-25,F,right,Gymnasium,negative,0,non-smoker,1,none,2,1,0,4,0,No,Yes,control,,RestingState,,open,2500.0,50,,,,62,61,1,EEG:61;EOG:1,µV:61,Fp1;Fp2;F7;F3;Fz;F4;F8;FC5;FC1;FC2;FC6;T7;C3;Cz;C4;T8;CP5;CP1;CP2;CP6;AFz;P7;P3;Pz;P4;P8;PO9;O1;Oz;O2;PO10;AF7;AF3;AF4;AF8;F5;F1;F2;F6;FT7;FC3;FC4;FT8;C5;C1;C2;C6;TP7;CP3;CPz;CP4;TP8;P5;P1;P2;P6;PO7;PO3;POz;PO4;PO8,,,,,,,,,sub-032501.vhdr,.vhdr,/mnt/datasets_v7/gokul/EEGData/dsLEMON/sub-032501/RSEEG/sub-032501.vhdr,/mnt/datasets_v7/gokul/EEGData/dsLEMON/sub-032501,,,2026-06-14T16:29:21
0192,sub-032502,LEMON,sub-032502,,,,25-30,F,right,Gymnasium,negative,0,non-smoker,1,past F95.1 Tic disorder,1,1,0,6,"20,5",No,Yes,control,,RestingState,,open,2500.0,50,,,,62,61,1,EEG:61;EOG:1,µV:61,Fp1;Fp2;F7;F3;Fz;F4;F8;FC5;FC1;FC2;FC6;T7;C3;Cz;C4;T8;CP5;CP1;CP2;CP6;AFz;P7;P3;Pz;P4;P8;PO9;O1;Oz;O2;PO10;AF7;AF3;AF4;AF8;F5;F1;F2;F6;FT7;FC3;FC4;FT8;C5;C1;C2;C6;TP7;CP3;CPz;CP4;TP8;P5;P1;P2;P6;PO7;PO3;POz;PO4;PO8,,,,,,,,,sub-032502.vhdr,.vhdr,/mnt/datasets_v7/gokul/EEGData/dsLEMON/sub-032502/RSEEG/sub-032502.vhdr,/mnt/datasets_v7/gokul/EEGData/dsLEMON/sub-032502,,,2026-06-14T16:29:21
0193,sub-032503,LEMON,sub-032503,,,,25-30,F,right,Gymnasium,negative,0,non-smoker,1,none,0,10,1,9,"37,5",No,Yes,control,,RestingState,,open,2500.0,50,,,,62,61,1,EEG:61;EOG:1,µV:61,Fp1;Fp2;F7;F3;Fz;F4;F8;FC5;FC1;FC2;FC6;T7;C3;Cz;C4;T8;CP5;CP1;CP2;CP6;AFz;P7;P3;Pz;P4;P8;PO9;O1;Oz;O2;PO10;AF7;AF3;AF4;AF8;F5;F1;F2;F6;FT7;FC3;FC4;FT8;C5;C1;C2;C6;TP7;CP3;CPz;CP4;TP8;P5;P1;P2;P6;PO7;PO3;POz;PO4;PO8,,,,,,,,,sub-032503.vhdr,.vhdr,/mnt/datasets_v7/gokul/EEGData/dsLEMON/sub-032503/RSEEG/sub-032503.vhdr,/mnt/datasets_v7/gokul/EEGData/dsLEMON/sub-032503,,,2026-06-14T16:29:21
0194,sub-032504,LEMON,sub-032504,,,,25-30,F,left,Gymnasium,negative,0,non-smoker,1,none,4,0,0,5,"27,5",unknown,Yes,control,,RestingState,,open,2500.0,50,,,,62,61,1,EEG:61;EOG:1,µV:61,Fp1;Fp2;F7;F3;Fz;F4;F8;FC5;FC1;FC2;FC6;T7;C3;Cz;C4;T8;CP5;CP1;CP2;CP6;AFz;P7;P3;Pz;P4;P8;PO9;O1;Oz;O2;PO10;AF7;AF3;AF4;AF8;F5;F1;F2;F6;FT7;FC3;FC4;FT8;C5;C1;C2;C6;TP7;CP3;CPz;CP4;TP8;P5;P1;P2;P6;PO7;PO3;POz;PO4;PO8,,,,,,,,,sub-032504.vhdr,.vhdr,/mnt/datasets_v7/gokul/EEGData/dsLEMON/sub-032504/RSEEG/sub-032504.vhdr,/mnt/datasets_v7/gokul/EEGData/dsLEMON/sub-032504,,,2026-06-14T16:29:21
0195,sub-032505,LEMON,sub-032505,,,,20-25,F,right,Gymnasium,negative,0,non-smoker,1,none,1,0,0,6,1.5,No,Yes,control,,RestingState,,open,2500.0,50,,,,62,61,1,EEG:61;EOG:1,µV:61,Fp1;Fp2;F7;F3;Fz;F4;F8;FC5;FC1;FC2;FC6;T7;C3;Cz;C4;T8;CP5;CP1;CP2;CP6;AFz;P7;P3;Pz;P4;P8;PO9;O1;Oz;O2;PO10;AF7;AF3;AF4;AF8;F5;F1;F2;F6;FT7;FC3;FC4;FT8;C5;C1;C2;C6;TP7;CP3;CPz;CP4;TP8;P5;P1;P2;P6;PO7;PO3;POz;PO4;PO8,,,,,,,,,sub-032505.vhdr,.vhdr,/mnt/datasets_v7/gokul/EEGData/dsLEMON/sub-032505/RSEEG/sub-032505.vhdr,/mnt/datasets_v7/gokul/EEGData/dsLEMON/sub-032505,,,2026-06-14T16:29:21
0196,sub-032506,LEMON,sub-032506,,,,20-25,F,left,Gymnasium,negative,0,non-smoker,1,none,3,4,0,5,10,Yes,Yes,control,,RestingState,,open,2500.0,50,,,,62,61,1,EEG:61;EOG:1,µV:61,Fp1;Fp2;F7;F3;Fz;F4;F8;FC5;FC1;FC2;FC6;T7;C3;Cz;C4;T8;CP5;CP1;CP2;CP6;AFz;P7;P3;Pz;P4;P8;PO9;O1;Oz;O2;PO10;AF7;AF3;AF4;AF8;F5;F1;F2;F6;FT7;FC3;FC4;FT8;C5;C1;C2;C6;TP7;CP3;CPz;CP4;TP8;P5;P1;P2;P6;PO7;PO3;POz;PO4;PO8,,,,,,,,,sub-032506.vhdr,.vhdr,/mnt/datasets_v7/gokul/EEGData/dsLEMON/sub-032506/RSEEG/sub-032506.vhdr,/mnt/datasets_v7/gokul/EEGData/dsLEMON/sub-032506,,,2026-06-14T16:29:21
0197,sub-032507,LEMON,sub-032507,,,,20-25,F,right,Gymnasium,negative,0,non-smoker,1,none,4,9,2,21,133,Yes,Yes,control,,RestingState,,open,2500.0,50,,,,62,61,1,EEG:61;EOG:1,µV:61,Fp1;Fp2;F7;F3;Fz;F4;F8;FC5;FC1;FC2;FC6;T7;C3;Cz;C4;T8;CP5;CP1;CP2;CP6;AFz;P7;P3;Pz;P4;P8;PO9;O1;Oz;O2;PO10;AF7;AF3;AF4;AF8;F5;F1;F2;F6;FT7;FC3;FC4;FT8;C5;C1;C2;C6;TP7;CP3;CPz;CP4;TP8;P5;P1;P2;P6;PO7;PO3;POz;PO4;PO8,,,,,,,,,sub-032507.vhdr,.vhdr,/mnt/datasets_v7/gokul/EEGData/dsLEMON/sub-032507/RSEEG/sub-032507.vhdr,/mnt/datasets_v7/gokul/EEGData/dsLEMON/sub-032507,,,2026-06-14T16:29:21
0198,sub-032508,LEMON,sub-032508,,,,25-30,F,right,Gymnasium,negative,0,non-smoker,1,current OCD,2,4,2,6,30,Yes,Yes,control,,RestingState,,open,2500.0,50,,,,62,61,1,EEG:61;EOG:1,µV:61,Fp1;Fp2;F7;F3;Fz;F4;F8;FC5;FC1;FC2;FC6;T7;C3;Cz;C4;T8;CP5;CP1;CP2;CP6;AFz;P7;P3;Pz;P4;P8;PO9;O1;Oz;O2;PO10;AF7;AF3;AF4;AF8;F5;F1;F2;F6;FT7;FC3;FC4;FT8;C5;C1;C2;C6;TP7;CP3;CPz;CP4;TP8;P5;P1;P2;P6;PO7;PO3;POz;PO4;PO8,,,,,,,,,sub-032508.vhdr,.vhdr,/mnt/datasets_v7/gokul/EEGData/dsLEMON/sub-032508/RSEEG/sub-032508.vhdr,/mnt/datasets_v7/gokul/EEGData/dsLEMON/sub-032508,,,2026-06-14T16:29:21
0199,sub-032509,LEMON,sub-032509,,,,25-30,F,right,Gymnasium,negative,0,non-smoker,1,none,2,6,2,10,"52,5",No,Yes,control,,RestingState,,open,2500.0,50,,,,62,61,1,EEG:61;EOG:1,µV:61,Fp1;Fp2;F7;F3;Fz;F4;F8;FC5;FC1;FC2;FC6;T7;C3;Cz;C4;T8;CP5;CP1;CP2;CP6;AFz;P7;P3;Pz;P4;P8;PO9;O1;Oz;O2;PO10;AF7;AF3;AF4;AF8;F5;F1;F2;F6;FT7;FC3;FC4;FT8;C5;C1;C2;C6;TP7;CP3;CPz;CP4;TP8;P5;P1;P2;P6;PO7;PO3;POz;PO4;PO8,,,,,,,,,sub-032509.vhdr,.vhdr,/mnt/datasets_v7/gokul/EEGData/dsLEMON/sub-032509/RSEEG/sub-032509.vhdr,/mnt/datasets_v7/gokul/EEGData/dsLEMON/sub-032509,,,2026-06-14T16:29:21
0200,sub-032510,LEMON,sub-032510,,,,20-25,F,right,Gymnasium,negative,0,non-smoker,1,none,2,0,0,2,5,No,Yes,control,,RestingState,,open,2500.0,50,,,,62,61,1,EEG:61;EOG:1,µV:61,Fp1;Fp2;F7;F3;Fz;F4;F8;FC5;FC1;FC2;FC6;T7;C3;Cz;C4;T8;CP5;CP1;CP2;CP6;AFz;P7;P3;Pz;P4;P8;PO9;O1;Oz;O2;PO10;AF7;AF3;AF4;AF8;F5;F1;F2;F6;FT7;FC3;FC4;FT8;C5;C1;C2;C6;TP7;CP3;CPz;CP4;TP8;P5;P1;P2;P6;PO7;PO3;POz;PO4;PO8,,,,,,,,,sub-032510.vhdr,.vhdr,/mnt/datasets_v7/gokul/EEGData/dsLEMON/sub-032510/RSEEG/sub-032510.vhdr,/mnt/datasets_v7/gokul/EEGData/dsLEMON/sub-032510,,,2026-06-14T16:29:21
0201,sub-032511,LEMON,sub-032511,,,,20-25,F,right,Gymnasium,negative,0,non-smoker,1,none,0,0,0,4,13,No,No,control,,RestingState,,open,2500.0,50,,,,62,61,1,EEG:61;EOG:1,µV:61,Fp1;Fp2;F7;F3;Fz;F4;F8;FC5;FC1;FC2;FC6;T7;C3;Cz;C4;T8;CP5;CP1;CP2;CP6;AFz;P7;P3;Pz;P4;P8;PO9;O1;Oz;O2;PO10;AF7;AF3;AF4;AF8;F5;F1;F2;F6;FT7;FC3;FC4;FT8;C5;C1;C2;C6;TP7;CP3;CPz;CP4;TP8;P5;P1;P2;P6;PO7;PO3;POz;PO4;PO8,,,,,,,,,sub-032511.vhdr,.vhdr,/mnt/datasets_v7/gokul/EEGData/dsLEMON/sub-032511/RSEEG/sub-032511.vhdr,/mnt/datasets_v7/gokul/EEGData/dsLEMON/sub-032511,,,2026-06-14T16:29:21
0202,sub-032512,LEMON,sub-032512,,,,20-25,F,right,Gymnasium,negative,0,non-smoker,1,none,1,4,0,7,"7,5",No,Yes,control,,RestingState,,open,2500.0,50,,,,62,61,1,EEG:61;EOG:1,µV:61,Fp1;Fp2;F7;F3;Fz;F4;F8;FC5;FC1;FC2;FC6;T7;C3;Cz;C4;T8;CP5;CP1;CP2;CP6;AFz;P7;P3;Pz;P4;P8;PO9;O1;Oz;O2;PO10;AF7;AF3;AF4;AF8;F5;F1;F2;F6;FT7;FC3;FC4;FT8;C5;C1;C2;C6;TP7;CP3;CPz;CP4;TP8;P5;P1;P2;P6;PO7;PO3;POz;PO4;PO8,,,,,,,,,sub-032512.vhdr,.vhdr,/mnt/datasets_v7/gokul/EEGData/dsLEMON/sub-032512/RSEEG/sub-032512.vhdr,/mnt/datasets_v7/gokul/EEGData/dsLEMON/sub-032512,,,2026-06-14T16:29:21
0203,sub-032513,LEMON,sub-032513,,,,25-30,F,left,Gymnasium,negative,0,non-smoker,1,none,1,0,1,3,15,No,Yes,control,,RestingState,,open,2500.0,50,,,,62,61,1,EEG:61;EOG:1,µV:61,Fp1;Fp2;F7;F3;Fz;F4;F8;FC5;FC1;FC2;FC6;T7;C3;Cz;C4;T8;CP5;CP1;CP2;CP6;AFz;P7;P3;Pz;P4;P8;PO9;O1;Oz;O2;PO10;AF7;AF3;AF4;AF8;F5;F1;F2;F6;FT7;FC3;FC4;FT8;C5;C1;C2;C6;TP7;CP3;CPz;CP4;TP8;P5;P1;P2;P6;PO7;PO3;POz;PO4;PO8,,,,,,,,,sub-032513.vhdr,.vhdr,/mnt/datasets_v7/gokul/EEGData/dsLEMON/sub-032513/RSEEG/sub-032513.vhdr,/mnt/datasets_v7/gokul/EEGData/dsLEMON/sub-032513,,,2026-06-14T16:29:21
0204,sub-032514,LEMON,sub-032514,,,,25-30,F,right,Gymnasium,negative,0,non-smoker,1,none ,2,7,0,3,"3,5",No,Yes,control,,RestingState,,open,2500.0,50,,,,62,61,1,EEG:61;EOG:1,µV:61,Fp1;Fp2;F7;F3;Fz;F4;F8;FC5;FC1;FC2;FC6;T7;C3;Cz;C4;T8;CP5;CP1;CP2;CP6;AFz;P7;P3;Pz;P4;P8;PO9;O1;Oz;O2;PO10;AF7;AF3;AF4;AF8;F5;F1;F2;F6;FT7;FC3;FC4;FT8;C5;C1;C2;C6;TP7;CP3;CPz;CP4;TP8;P5;P1;P2;P6;PO7;PO3;POz;PO4;PO8,,,,,,,,,sub-032514.vhdr,.vhdr,/mnt/datasets_v7/gokul/EEGData/dsLEMON/sub-032514/RSEEG/sub-032514.vhdr,/mnt/datasets_v7/gokul/EEGData/dsLEMON/sub-032514,,,2026-06-14T16:29:21
0205,sub-032515,LEMON,sub-032515,,,,25-30,F,right,"Somato meeting: Tuesday, 19.12.17 at 13:00 in A110",negative,0,non-smoker,1,past bipolar II disorder,1,0,1,12,37,Yes,No,control,,RestingState,,open,2500.0,50,,,,62,61,1,EEG:61;EOG:1,µV:61,Fp1;Fp2;F7;F3;Fz;F4;F8;FC5;FC1;FC2;FC6;T7;C3;Cz;C4;T8;CP5;CP1;CP2;CP6;AFz;P7;P3;Pz;P4;P8;PO9;O1;Oz;O2;PO10;AF7;AF3;AF4;AF8;F5;F1;F2;F6;FT7;FC3;FC4;FT8;C5;C1;C2;C6;TP7;CP3;CPz;CP4;TP8;P5;P1;P2;P6;PO7;PO3;POz;PO4;PO8,,,,,,,,,sub-032515.vhdr,.vhdr,/mnt/datasets_v7/gokul/EEGData/dsLEMON/sub-032515/RSEEG/sub-032515.vhdr,/mnt/datasets_v7/gokul/EEGData/dsLEMON/sub-032515,,,2026-06-14T16:29:21
0206,sub-032516,LEMON,sub-032516,,,,25-30,F,left,none (Hauptschule not finished),negative,0,non-smoker,1,none,3,6,0,4,"2,5",Yes,No,control,,RestingState,,open,2500.0,50,,,,62,61,1,EEG:61;EOG:1,µV:61,Fp1;Fp2;F7;F3;Fz;F4;F8;FC5;FC1;FC2;FC6;T7;C3;Cz;C4;T8;CP5;CP1;CP2;CP6;AFz;P7;P3;Pz;P4;P8;PO9;O1;Oz;O2;PO10;AF7;AF3;AF4;AF8;F5;F1;F2;F6;FT7;FC3;FC4;FT8;C5;C1;C2;C6;TP7;CP3;CPz;CP4;TP8;P5;P1;P2;P6;PO7;PO3;POz;PO4;PO8,,,,,,,,,sub-032516.vhdr,.vhdr,/mnt/datasets_v7/gokul/EEGData/dsLEMON/sub-032516/RSEEG/sub-032516.vhdr,/mnt/datasets_v7/gokul/EEGData/dsLEMON/sub-032516,,,2026-06-14T16:29:21
0207,sub-032517,LEMON,sub-032517,,,,20-25,F,right,Gymnasium,negative,0,non-smoker,1,none,4,7,1,3,"16,5",No,Yes,control,,RestingState,,open,2500.0,50,,,,62,61,1,EEG:61;EOG:1,µV:61,Fp1;Fp2;F7;F3;Fz;F4;F8;FC5;FC1;FC2;FC6;T7;C3;Cz;C4;T8;CP5;CP1;CP2;CP6;AFz;P7;P3;Pz;P4;P8;PO9;O1;Oz;O2;PO10;AF7;AF3;AF4;AF8;F5;F1;F2;F6;FT7;FC3;FC4;FT8;C5;C1;C2;C6;TP7;CP3;CPz;CP4;TP8;P5;P1;P2;P6;PO7;PO3;POz;PO4;PO8,,,,,,,,,sub-032517.vhdr,.vhdr,/mnt/datasets_v7/gokul/EEGData/dsLEMON/sub-032517/RSEEG/sub-032517.vhdr,/mnt/datasets_v7/gokul/EEGData/dsLEMON/sub-032517,,,2026-06-14T16:29:21
0208,sub-032518,LEMON,sub-032518,,,,20-25,F,right,Gymnasium,negative,0,non-smoker,1,past social phobia,0,1,0,3,3,No,No,control,,RestingState,,open,2500.0,50,,,,62,61,1,EEG:61;EOG:1,µV:61,Fp1;Fp2;F7;F3;Fz;F4;F8;FC5;FC1;FC2;FC6;T7;C3;Cz;C4;T8;CP5;CP1;CP2;CP6;AFz;P7;P3;Pz;P4;P8;PO9;O1;Oz;O2;PO10;AF7;AF3;AF4;AF8;F5;F1;F2;F6;FT7;FC3;FC4;FT8;C5;C1;C2;C6;TP7;CP3;CPz;CP4;TP8;P5;P1;P2;P6;PO7;PO3;POz;PO4;PO8,,,,,,,,,sub-032518.vhdr,.vhdr,/mnt/datasets_v7/gokul/EEGData/dsLEMON/sub-032518/RSEEG/sub-032518.vhdr,/mnt/datasets_v7/gokul/EEGData/dsLEMON/sub-032518,,,2026-06-14T16:29:21
0209,sub-032521,LEMON,sub-032521,,,,25-30,F,right,Gymnasium,negative,0,non-smoker,1,none,3,10,0,4,"6,75",Yes,Yes,control,,RestingState,,open,2500.0,50,,,,62,61,1,EEG:61;EOG:1,µV:61,Fp1;Fp2;F7;F3;Fz;F4;F8;FC5;FC1;FC2;FC6;T7;C3;Cz;C4;T8;CP5;CP1;CP2;CP6;AFz;P7;P3;Pz;P4;P8;PO9;O1;Oz;O2;PO10;AF7;AF3;AF4;AF8;F5;F1;F2;F6;FT7;FC3;FC4;FT8;C5;C1;C2;C6;TP7;CP3;CPz;CP4;TP8;P5;P1;P2;P6;PO7;PO3;POz;PO4;PO8,,,,,,,,,sub-032521.vhdr,.vhdr,/mnt/datasets_v7/gokul/EEGData/dsLEMON/sub-032521/RSEEG/sub-032521.vhdr,/mnt/datasets_v7/gokul/EEGData/dsLEMON/sub-032521,,,2026-06-14T16:29:21
0210,sub-032522,LEMON,sub-032522,,,,20-25,F,left,Gymnasium,negative,0,non-smoker,1,none,0,0,0,3,6,Yes,Yes,control,,RestingState,,open,2500.0,50,,,,62,61,1,EEG:61;EOG:1,µV:61,Fp1;Fp2;F7;F3;Fz;F4;F8;FC5;FC1;FC2;FC6;T7;C3;Cz;C4;T8;CP5;CP1;CP2;CP6;AFz;P7;P3;Pz;P4;P8;PO9;O1;Oz;O2;PO10;AF7;AF3;AF4;AF8;F5;F1;F2;F6;FT7;FC3;FC4;FT8;C5;C1;C2;C6;TP7;CP3;CPz;CP4;TP8;P5;P1;P2;P6;PO7;PO3;POz;PO4;PO8,,,,,,,,,sub-032522.vhdr,.vhdr,/mnt/datasets_v7/gokul/EEGData/dsLEMON/sub-032522/RSEEG/sub-032522.vhdr,/mnt/datasets_v7/gokul/EEGData/dsLEMON/sub-032522,,,2026-06-14T16:29:21
0211,sub-032523,LEMON,sub-032523,,,,30-35,F,right,Gymnasium,negative,0,non-smoker,1,none,4,1,0,3,26,No,No,control,,RestingState,,open,2500.0,50,,,,62,61,1,EEG:61;EOG:1,µV:61,Fp1;Fp2;F7;F3;Fz;F4;F8;FC5;FC1;FC2;FC6;T7;C3;Cz;C4;T8;CP5;CP1;CP2;CP6;AFz;P7;P3;Pz;P4;P8;PO9;O1;Oz;O2;PO10;AF7;AF3;AF4;AF8;F5;F1;F2;F6;FT7;FC3;FC4;FT8;C5;C1;C2;C6;TP7;CP3;CPz;CP4;TP8;P5;P1;P2;P6;PO7;PO3;POz;PO4;PO8,,,,,,,,,sub-032523.vhdr,.vhdr,/mnt/datasets_v7/gokul/EEGData/dsLEMON/sub-032523/RSEEG/sub-032523.vhdr,/mnt/datasets_v7/gokul/EEGData/dsLEMON/sub-032523,,,2026-06-14T16:29:21
0212,sub-032524,LEMON,sub-032524,,,,20-25,F,right,Gymnasium,negative,0,non-smoker,1,none,1,0,1,7,"34,5",no,no,control,,RestingState,,open,2500.0,50,,,,62,61,1,EEG:61;EOG:1,µV:61,Fp1;Fp2;F7;F3;Fz;F4;F8;FC5;FC1;FC2;FC6;T7;C3;Cz;C4;T8;CP5;CP1;CP2;CP6;AFz;P7;P3;Pz;P4;P8;PO9;O1;Oz;O2;PO10;AF7;AF3;AF4;AF8;F5;F1;F2;F6;FT7;FC3;FC4;FT8;C5;C1;C2;C6;TP7;CP3;CPz;CP4;TP8;P5;P1;P2;P6;PO7;PO3;POz;PO4;PO8,,,,,,,,,sub-032524.vhdr,.vhdr,/mnt/datasets_v7/gokul/EEGData/dsLEMON/sub-032524/RSEEG/sub-032524.vhdr,/mnt/datasets_v7/gokul/EEGData/dsLEMON/sub-032524,,,2026-06-14T16:29:21
0213,sub-032525,LEMON,sub-032525,,,,20-25,F,right,Gymnasium,negative,0,non-smoker,1,none,2,8,0,2,12,yes,yes,control,,RestingState,,open,2500.0,50,,,,62,61,1,EEG:61;EOG:1,µV:61,Fp1;Fp2;F7;F3;Fz;F4;F8;FC5;FC1;FC2;FC6;T7;C3;Cz;C4;T8;CP5;CP1;CP2;CP6;AFz;P7;P3;Pz;P4;P8;PO9;O1;Oz;O2;PO10;AF7;AF3;AF4;AF8;F5;F1;F2;F6;FT7;FC3;FC4;FT8;C5;C1;C2;C6;TP7;CP3;CPz;CP4;TP8;P5;P1;P2;P6;PO7;PO3;POz;PO4;PO8,,,,,,,,,sub-032525.vhdr,.vhdr,/mnt/datasets_v7/gokul/EEGData/dsLEMON/sub-032525/RSEEG/sub-032525.vhdr,/mnt/datasets_v7/gokul/EEGData/dsLEMON/sub-032525,,,2026-06-14T16:29:21
0214,sub-032526,LEMON,sub-032526,,,,20-25,F,left,Gymnasium,negative,0,non-smoker,1,none,0,2,1,6,"46,5",No,No,control,,RestingState,,open,2500.0,50,,,,62,61,1,EEG:61;EOG:1,µV:61,Fp1;Fp2;F7;F3;Fz;F4;F8;FC5;FC1;FC2;FC6;T7;C3;Cz;C4;T8;CP5;CP1;CP2;CP6;AFz;P7;P3;Pz;P4;P8;PO9;O1;Oz;O2;PO10;AF7;AF3;AF4;AF8;F5;F1;F2;F6;FT7;FC3;FC4;FT8;C5;C1;C2;C6;TP7;CP3;CPz;CP4;TP8;P5;P1;P2;P6;PO7;PO3;POz;PO4;PO8,,,,,,,,,sub-032526.vhdr,.vhdr,/mnt/datasets_v7/gokul/EEGData/dsLEMON/sub-032526/RSEEG/sub-032526.vhdr,/mnt/datasets_v7/gokul/EEGData/dsLEMON/sub-032526,,,2026-06-14T16:29:21
0215,sub-032528,LEMON,sub-032528,,,,20-25,M,right,Gymnasium,negative,0,non-smoker,1,none,,,,4,12,No,No,control,,RestingState,,open,2500.0,50,,,,62,61,1,EEG:61;EOG:1,µV:61,Fp1;Fp2;F7;F3;Fz;F4;F8;FC5;FC1;FC2;FC6;T7;C3;Cz;C4;T8;CP5;CP1;CP2;CP6;AFz;P7;P3;Pz;P4;P8;PO9;O1;Oz;O2;PO10;AF7;AF3;AF4;AF8;F5;F1;F2;F6;FT7;FC3;FC4;FT8;C5;C1;C2;C6;TP7;CP3;CPz;CP4;TP8;P5;P1;P2;P6;PO7;PO3;POz;PO4;PO8,,,,,,,,,sub-032528.vhdr,.vhdr,/mnt/datasets_v7/gokul/EEGData/dsLEMON/sub-032528/RSEEG/sub-032528.vhdr,/mnt/datasets_v7/gokul/EEGData/dsLEMON/sub-032528,,,2026-06-14T16:29:21
